ensembl_gene_id,symbol,mean_normalized_count,median_normalized_count,maximum_normalized_count,samples_with_normalized_count_ge_10,expression_filter_pass,log2_expression_variance,PCA_variance_rank,PCA_top1000_used
ENSMUSG00000042451,Mybph,1588.41748589603,96.3275620079929,8087.25654003283,23,TRUE,21.1005300028332,1,TRUE
ENSMUSG00000020908,Myh3,6694.54563511,606.474554139383,29343.1704337131,31,TRUE,19.9400363039687,2,TRUE
ENSMUSG00000042254,Cilp,3839.30490931176,363.061506458679,24265.4121219613,30,TRUE,18.8008052603541,3,TRUE
ENSMUSG00000056328,Myh1,2708.72979973161,53.5358188111244,17022.2603739087,25,TRUE,18.5422595401632,4,TRUE
ENSMUSG00000026407,Cacna1s,466.642352927792,26.9624020260549,2484.68283947313,21,TRUE,15.9231582481183,5,TRUE
ENSMUSG00000057003,Myh4,325.860691412489,3.53556454449483,2312.52555021559,12,TRUE,15.4854464585172,6,TRUE
ENSMUSG00000061816,Myl1,3357.05836216198,462.038559797479,17528.1428536726,32,TRUE,15.4745022948608,7,TRUE
ENSMUSG00000038239,Hrc,737.86056006767,83.6510906185264,3654.82653150162,25,TRUE,15.3377556510371,8,TRUE
ENSMUSG00000061462,Obscn,694.219336256189,62.977990126785,3298.76353436048,24,TRUE,15.3021549536377,9,TRUE
ENSMUSG00000027861,Casq2,2849.8986606029,176.693059202239,15689.7157577068,31,TRUE,15.1403083805718,10,TRUE
ENSMUSG00000018893,Mb,414.574353095479,20.8173107938543,2119.43066445141,21,TRUE,14.9428488841553,11,TRUE
ENSMUSG00000030672,Mylpf,5939.04376651494,690.761401049703,28294.5738683155,36,TRUE,14.8277617489691,12,TRUE
ENSMUSG00000034898,Filip1,309.244895021143,23.2594164743409,1904.65444502481,21,TRUE,14.7007164941915,13,TRUE
ENSMUSG00000079034,Gm8300,402.799284519161,47.6845460480879,2294.20142359495,21,TRUE,14.6349957251025,14,TRUE
ENSMUSG00000028116,Myoz2,231.054411859473,7.56463050092851,1428.39329548546,17,TRUE,14.6206152205174,15,TRUE
ENSMUSG00000009214,Mymk,1139.50690859807,211.820465883469,4315.26270109593,27,TRUE,14.5263002414359,16,TRUE
ENSMUSG00000019929,Dcn,1500.44724820717,391.194341037941,6452.8379845606,28,TRUE,14.4924347834299,17,TRUE
ENSMUSG00000026459,Myog,1880.94787658073,738.195767258658,6071.1549500369,29,TRUE,14.3226173611622,18,TRUE
ENSMUSG00000029683,Lmod2,528.707719502288,48.7373322848809,2327.59699983003,23,TRUE,14.118996149945,19,TRUE
ENSMUSG00000019787,Trdn,726.799566368382,135.534003267957,3401.35646789707,28,TRUE,13.8091073187601,20,TRUE
ENSMUSG00000031097,Tnni2,892.502456100183,138.619123513257,4579.62932131044,29,TRUE,13.7503162467728,21,TRUE
ENSMUSG00000038403,Hfe2,368.794676512133,74.0036035482289,1664.45321679468,24,TRUE,13.7131382949312,22,TRUE
ENSMUSG00000068614,Actc1,1251.17871238072,315.458063235608,5450.47528046621,29,TRUE,13.2992582638676,23,TRUE
ENSMUSG00000031972,Acta1,6560.13181529263,648.845382355376,24895.3005487233,36,TRUE,13.2575191359304,24,TRUE
ENSMUSG00000079471,Mymx,225.099752948576,37.7241990189568,922.335836568408,23,TRUE,13.2487443426956,25,TRUE
ENSMUSG00000042828,Trim72,404.895422779292,22.0907671949774,2428.35730526935,20,TRUE,13.1705700898939,26,TRUE
ENSMUSG00000069421,Olfr810,225.693595072504,25.7196278157066,1367.71951314974,21,TRUE,13.140090867445,27,TRUE
ENSMUSG00000113178,Mylf-ps,209.456329573637,26.9447285883155,1171.93450198184,22,TRUE,13.1029303570205,28,TRUE
ENSMUSG00000026253,Chrng,1116.31749398848,280.719626072908,4678.65324434611,27,TRUE,13.0687512286147,29,TRUE
ENSMUSG00000033196,Myh2,154.604063321876,3.53325529773365,971.166534530456,13,TRUE,13.0498312939991,30,TRUE
ENSMUSG00000041731,Pgm5,201.299793253367,8.02657818995867,1422.36805736274,16,TRUE,13.0368911608517,31,TRUE
ENSMUSG00000027996,Sfrp2,1465.79588266826,502.313547498584,5430.35571783705,30,TRUE,12.9420393605551,32,TRUE
ENSMUSG00000026418,Tnni1,1528.05160727892,137.905693585692,7602.04084926982,30,TRUE,12.8995848693515,33,TRUE
ENSMUSG00000079092,Prl2c2,306.288562371299,30.1838665476279,2545.09254789278,21,TRUE,12.5920733538852,34,TRUE
ENSMUSG00000061723,Tnnt3,2744.45372412474,291.198964967905,13785.6665692078,36,TRUE,12.5648604217761,35,TRUE
ENSMUSG00000022425,Enpp2,1611.26005436657,530.836153096638,6746.32573561585,31,TRUE,12.5609899269396,36,TRUE
ENSMUSG00000018845,Unc45b,184.292759371306,28.9028303468282,826.713485894167,21,TRUE,12.514185327498,37,TRUE
ENSMUSG00000078949,R3hdml,130.390000541389,2.03690821658786,583.241821916544,15,TRUE,12.4879307471769,38,TRUE
ENSMUSG00000030399,Ckm,180.372724512269,26.6653263331504,792.1913842854,21,TRUE,12.4628063980039,39,TRUE
ENSMUSG00000044086,Lmod3,574.440886973699,97.6016301021633,2951.16082109246,27,TRUE,12.3145044618163,40,TRUE
ENSMUSG00000075307,Klhl41,1959.93243545995,332.104625227142,9296.84473186922,32,TRUE,12.2240557136543,41,TRUE
ENSMUSG00000037139,Myom3,282.552350478913,36.9139405735903,1672.50497530897,22,TRUE,11.8874665793525,42,TRUE
ENSMUSG00000026950,Neb,7691.64955663352,997.297726316462,37652.2489992739,36,TRUE,11.8230789075932,43,TRUE
ENSMUSG00000049001,Ndnf,336.889464542197,85.3317431566624,1649.20223864799,27,TRUE,11.7765882066537,44,TRUE
ENSMUSG00000061086,Myl4,1430.2112157061,50.8139610406078,8987.1792892829,34,TRUE,11.7745926805217,45,TRUE
ENSMUSG00000045103,Dmd,99.1292433099138,1.06735298724412,803.496657569815,10,TRUE,11.5041457024509,46,TRUE
ENSMUSG00000038132,Rbm24,425.56960074148,91.597433494717,1712.49905074719,26,TRUE,11.4746373251988,47,TRUE
ENSMUSG00000020053,Igf1,2199.42705625354,782.673233100256,13701.0827290336,33,TRUE,11.3745183245626,48,TRUE
ENSMUSG00000048424,Ranbp3l,1338.40503169284,708.436416300448,4922.69601187905,30,TRUE,11.35051732199,49,TRUE
ENSMUSG00000001027,Scn4a,117.09151905364,9.10948547620191,672.272505012839,18,TRUE,11.2307774319609,50,TRUE
ENSMUSG00000056457,Prl2c3,1416.07390842725,216.368543509155,11707.5792688998,32,TRUE,10.9838120248095,51,TRUE
ENSMUSG00000043760,Pkhd1,111.700123640455,8.45238129131221,485.126375238995,17,TRUE,10.9691809485696,52,TRUE
ENSMUSG00000030470,Csrp3,125.49380034072,10.2855064573344,724.055657425991,18,TRUE,10.9549635437088,53,TRUE
ENSMUSG00000087591,Gm14635,88.6493228713482,19.6836785639232,334.39778832038,21,TRUE,10.9380433312202,54,TRUE
ENSMUSG00000030116,Mfap5,884.865106415142,191.229521161559,4277.37189923823,32,TRUE,10.8218959704837,55,TRUE
ENSMUSG00000041476,Smpx,125.372318819939,9.30666410078066,776.621268708542,18,TRUE,10.7545070604253,56,TRUE
ENSMUSG00000025172,Ankrd2,112.357368066297,4.53658500454734,511.89069529211,16,TRUE,10.6561811499308,57,TRUE
ENSMUSG00000021373,Cap2,165.175030212669,19.092149435,1132.49076145853,19,TRUE,10.575532822152,58,TRUE
ENSMUSG00000016194,Hsd11b1,174.267856631007,10.1562516921884,875.733604826005,18,TRUE,10.4917413150784,59,TRUE
ENSMUSG00000036040,Adamtsl2,112.244056752182,24.2322971827299,464.006631430927,23,TRUE,10.1082568950394,60,TRUE
ENSMUSG00000031461,Myom2,3229.31226540385,862.979551738433,13637.7779698661,36,TRUE,10.1031676159811,61,TRUE
ENSMUSG00000055775,Myh8,63.1374057635179,3.14829700861084,271.846351830689,12,TRUE,9.98438630641396,62,TRUE
ENSMUSG00000062694,Cav3,51.8598505567931,0.40496802289285,405.022737604961,12,TRUE,9.9825802889817,63,TRUE
ENSMUSG00000074001,Klhl40,212.565363761783,58.4035397178858,935.730648869222,25,TRUE,9.9464962612099,64,TRUE
ENSMUSG00000107134,Gm42528,149.946331095808,57.3603657816069,592.999673744721,25,TRUE,9.94337212393087,65,TRUE
ENSMUSG00000028834,Trim63,97.7333206069017,17.2802590180568,396.0956921427,20,TRUE,9.93084820353793,66,TRUE
ENSMUSG00000029361,Nos1,1034.74697839846,208.737912518396,4838.86506258626,32,TRUE,9.90466241072628,67,TRUE
ENSMUSG00000042895,Abra,110.307321010651,3.45151695890258,936.639125227348,12,TRUE,9.90444911607414,68,TRUE
ENSMUSG00000064179,Tnnt1,1578.59219588003,466.127412730771,6585.28151590923,36,TRUE,9.83214224529305,69,TRUE
ENSMUSG00000037362,Nov,1025.42295897068,177.651631801977,5554.02384178801,30,TRUE,9.75983404676197,70,TRUE
ENSMUSG00000031936,Hephl1,94.67772167075,3.39587538121342,732.849237502129,14,TRUE,9.74830002253506,71,TRUE
ENSMUSG00000009487,Otog,97.0523449300335,19.8919910157358,418.807601095836,22,TRUE,9.6987322322943,72,TRUE
ENSMUSG00000031957,Ctrb1,70.8336717218467,8.68172481994055,324.833384373063,18,TRUE,9.65924017945838,73,TRUE
ENSMUSG00000072720,Myo18b,64.8712783483145,2.71016110160408,347.459708965275,12,TRUE,9.62974102020264,74,TRUE
ENSMUSG00000055368,Slc6a2,158.819622194266,59.5828800312214,966.637717341973,24,TRUE,9.52098605237577,75,TRUE
ENSMUSG00000023224,Serping1,143.784610949575,27.4745553446181,832.655967843209,25,TRUE,9.42652313061386,76,TRUE
ENSMUSG00000096858,Olfr805,480.183628412038,320.80217605766,1415.97090310918,30,TRUE,9.38414186928958,77,TRUE
ENSMUSG00000045776,Lrtm1,57.2001096526517,2.74002452084965,263.461392422645,13,TRUE,9.3021011680033,78,TRUE
ENSMUSG00000022055,Nefl,784.570399823527,369.688236529479,4296.60142363887,33,TRUE,9.17424108098677,79,TRUE
ENSMUSG00000007122,Casq1,215.787961359898,11.3881495271619,927.204460135747,20,TRUE,9.15302887286562,80,TRUE
ENSMUSG00000006362,Cbfa2t3,85.7014788718233,23.5676264939156,387.010928561445,22,TRUE,9.0921106674571,81,TRUE
ENSMUSG00000038670,Mybpc2,55.8536559280812,0.965694087469148,529.871979536588,12,TRUE,9.01766647890957,82,TRUE
ENSMUSG00000051920,Rspo2,48.4988990737402,5.70562681109587,258.425213080907,15,TRUE,9.0083468190839,83,TRUE
ENSMUSG00000079428,Tceal7,68.2149539757254,5.80708481909755,452.209852665733,14,TRUE,8.9845028048995,84,TRUE
ENSMUSG00000048572,Tmem252,43.6935272488635,1.86905577152712,387.327569457172,12,TRUE,8.92018813140042,85,TRUE
ENSMUSG00000076617,Ighm,35.7424867419293,0,292.953339335627,9,TRUE,8.84968590618412,86,TRUE
ENSMUSG00000069372,Ctxn3,40.0785484987435,5.36174127487208,174.263636166959,13,TRUE,8.62079519037778,87,TRUE
ENSMUSG00000037940,Inpp4b,398.711867853145,56.366750502406,1714.37739364251,28,TRUE,8.58603744269247,88,TRUE
ENSMUSG00000032925,Itgbl1,308.763697727863,75.7392846763944,2223.12139579502,30,TRUE,8.57601179192288,89,TRUE
ENSMUSG00000051022,Hs3st1,368.14230348719,168.568838030085,1306.1900414228,32,TRUE,8.52806075015998,90,TRUE
ENSMUSG00000079588,Tmem182,838.743142635664,126.292465839946,3940.12410757448,33,TRUE,8.52506133219122,91,TRUE
ENSMUSG00000038763,Alpk3,92.6311279956413,17.3068530976382,496.0280915365,18,TRUE,8.49432645831145,92,TRUE
ENSMUSG00000034127,Tspan8,1936.15503008029,1418.3093653822,7114.85636535248,33,TRUE,8.47190761748637,93,TRUE
ENSMUSG00000091898,Tnnc1,3180.84768976523,312.875145588363,14815.7710641854,36,TRUE,8.46781365884304,94,TRUE
ENSMUSG00000020140,Lgr5,756.925333081802,680.355729562697,2744.99844201026,33,TRUE,8.4559602192769,95,TRUE
ENSMUSG00000042429,Adora1,47.1358142756004,4.16496473782075,256.214643445474,14,TRUE,8.43392641902729,96,TRUE
ENSMUSG00000032523,Hhatl,61.2852467908415,11.3774599740073,271.32591159944,19,TRUE,8.3877342978082,97,TRUE
ENSMUSG00000057123,Gja5,50.5274524449627,1.03880200299632,522.990525256892,9,TRUE,8.38714587597129,98,TRUE
ENSMUSG00000017493,Igfbp4,438.828907107111,97.4092329328743,2514.66255929127,30,TRUE,8.36964766825954,99,TRUE
ENSMUSG00000035296,Sgcg,384.658487871683,142.74351712278,1742.45765488463,28,TRUE,8.34445253258661,100,TRUE
ENSMUSG00000053093,Myh7,54.7927639285991,4.6726394288178,247.105569410125,14,TRUE,8.25166803204594,101,TRUE
ENSMUSG00000056133,Gm9992,83.4851141762461,12.6044336414474,440.021544248377,19,TRUE,8.21616936140743,102,TRUE
ENSMUSG00000047746,Fbxo40,61.0472180575924,2.86125752403764,547.28201412434,11,TRUE,8.21068066615529,103,TRUE
ENSMUSG00000030730,Atp2a1,741.33913222605,178.22648029446,2758.13422326889,33,TRUE,8.19113493403861,104,TRUE
ENSMUSG00000112963,Gm6093,205.272422861253,43.6178448760526,769.444202304717,24,TRUE,8.17296993508879,105,TRUE
ENSMUSG00000038843,Gcnt1,363.382241687643,106.804246820494,2056.11897792949,27,TRUE,8.15228218279295,106,TRUE
ENSMUSG00000030996,Art1,34.9814361839223,1.04943233620362,249.620884239157,12,TRUE,8.05809248572684,107,TRUE
ENSMUSG00000031022,BC051019,57.8857322646722,5.11786867361696,288.03801485013,14,TRUE,8.01023693486289,108,TRUE
ENSMUSG00000041559,Fmod,664.567786639232,263.071822337299,3127.47578131684,32,TRUE,8.00107408178353,109,TRUE
ENSMUSG00000005360,Slc1a3,2213.56536143977,671.819557504197,8634.29002729939,34,TRUE,7.91663360217281,110,TRUE
ENSMUSG00000024049,Myom1,622.206260342159,69.9959515254501,3112.38346421677,33,TRUE,7.90113348425961,111,TRUE
ENSMUSG00000022510,Trp63,58.1417717598814,6.12182126214769,244.783159377756,15,TRUE,7.8821692488203,112,TRUE
ENSMUSG00000030827,Fgf21,63.3703430037577,13.5124414857028,231.920328827128,21,TRUE,7.81894312277863,113,TRUE
ENSMUSG00000024210,Ip6k3,303.624387460905,154.842062733911,1036.57152462115,28,TRUE,7.76416357844922,114,TRUE
ENSMUSG00000052974,Cyp2f2,37.526920530366,3.41648478677388,255.341394755254,12,TRUE,7.75105406958548,115,TRUE
ENSMUSG00000051497,Kcnj16,179.043682099709,103.847468521708,638.649194622076,30,TRUE,7.74215160285772,116,TRUE
ENSMUSG00000051043,Gprc5c,184.373092798133,29.374051154512,1022.03590289114,25,TRUE,7.73681033003409,117,TRUE
ENSMUSG00000071984,Fndc1,5167.22988929337,3000.8871101936,14697.6662746819,36,TRUE,7.73536845504661,118,TRUE
ENSMUSG00000091345,Col6a5,46.7877346671732,11.8966642069607,238.6386864688,19,TRUE,7.71142000344665,119,TRUE
ENSMUSG00000050359,Sprr1a,84.5771889042956,8.64654311976081,573.939210559525,16,TRUE,7.7078554515019,120,TRUE
ENSMUSG00000000120,Ngfr,48.4291561703913,10.4169003961737,412.002876239344,18,TRUE,7.68098883802663,121,TRUE
ENSMUSG00000020067,Mypn,38.7786193620741,2.85878551465679,203.498704220103,15,TRUE,7.57491250329262,122,TRUE
ENSMUSG00000007034,Slc44a4,43.3329068075801,2.45286836381929,268.376716908142,13,TRUE,7.57487814406785,123,TRUE
ENSMUSG00000026458,Ppfia4,243.673807435321,87.1552968610665,1121.88103067485,29,TRUE,7.53128386773766,124,TRUE
ENSMUSG00000025551,Fgf14,35.6534869472864,5.41713909078276,282.449584152334,14,TRUE,7.53015134537481,125,TRUE
ENSMUSG00000027966,Col11a1,130.516552421031,55.9940912007076,731.019773739867,27,TRUE,7.52359142594223,126,TRUE
ENSMUSG00000063564,Col23a1,104.859656632302,14.4934564047222,485.126375238995,20,TRUE,7.44723071651441,127,TRUE
ENSMUSG00000013936,Myl2,37.2133182840279,0,409.938062090458,6,TRUE,7.43687938134712,128,TRUE
ENSMUSG00000036446,Lum,29.3051200891796,4.38054132454269,126.214377635677,14,TRUE,7.4278258506743,129,TRUE
ENSMUSG00000007097,Atp1a2,398.720933396908,82.7196473048119,1851.90437137427,32,TRUE,7.28624855039021,130,TRUE
ENSMUSG00000022054,Nefm,462.709983023225,142.128334116878,2950.99597069954,32,TRUE,7.25157482258996,131,TRUE
ENSMUSG00000041577,Prelp,2179.61495709593,873.788143177121,11318.1395496741,35,TRUE,7.21688462213969,132,TRUE
ENSMUSG00000030592,Ryr1,2090.51828969451,599.929375645673,9503.49094750511,36,TRUE,7.18023097530793,133,TRUE
ENSMUSG00000037263,Aldh3b3,28.4696526813628,1.05988390084493,145.32019827216,10,TRUE,7.14921959918536,134,TRUE
ENSMUSG00000034981,Parm1,250.932906496272,30.1621719039977,812.807062790161,30,TRUE,7.13770129721782,135,TRUE
ENSMUSG00000032735,Ablim3,105.647297180316,17.7837570564869,677.331714101501,23,TRUE,7.1253635176963,136,TRUE
ENSMUSG00000032243,Itga11,406.759788206302,194.377708224359,1952.61954270582,32,TRUE,7.07872341045864,137,TRUE
ENSMUSG00000052374,Actn2,23.0391487372489,1.00876671875612,153.35812394751,12,TRUE,7.06409982249118,138,TRUE
ENSMUSG00000034438,Gbp8,19.7430977172541,0,154.318481407732,9,TRUE,7.00116228016575,139,TRUE
ENSMUSG00000047686,Rtl3,41.5500630687652,5.22671913860326,227.269036255024,15,TRUE,6.97911633522564,140,TRUE
ENSMUSG00000087364,Gm13398,21.6695716630517,2.49394182865776,101.732284897468,12,TRUE,6.97639693014041,141,TRUE
ENSMUSG00000072905,Gm2016,122.336854505543,37.1934678692913,565.834431828351,24,TRUE,6.89338406407551,142,TRUE
ENSMUSG00000117110,ENSMUSG00000117110,23.4730297995085,1.40362757578405,122.644308346937,13,TRUE,6.88576496390484,143,TRUE
ENSMUSG00000086918,4930429F24Rik,24.7585393948559,1.05404243127887,159.891839030081,11,TRUE,6.86198456376427,144,TRUE
ENSMUSG00000030785,Cox6a2,19.0432106105729,0.955648705366664,104.558181700175,12,TRUE,6.85975021519778,145,TRUE
ENSMUSG00000022836,Mylk,317.154782593761,154.65481876852,1050.49197386002,32,TRUE,6.85644973157395,146,TRUE
ENSMUSG00000108634,Gm38534,23.7385074159084,2.67899181731282,113.559544765682,12,TRUE,6.82204973254805,147,TRUE
ENSMUSG00000022519,Srl,1911.29844422383,344.5005831149,7961.88680261152,36,TRUE,6.80803293784069,148,TRUE
ENSMUSG00000057719,Sh3rf2,81.7459912156402,26.1588281919416,298.183279920594,24,TRUE,6.79674207744901,149,TRUE
ENSMUSG00000028238,Atp6v0d2,35.3073209314165,15.9875591453727,129.066366268285,22,TRUE,6.794700901116,150,TRUE
ENSMUSG00000002944,Cd36,37.7720792371127,4.01183523964561,255.596873245849,13,TRUE,6.79081284918742,151,TRUE
ENSMUSG00000039891,Txlnb,200.894199163247,68.5651994130455,967.527321403614,27,TRUE,6.77350732907739,152,TRUE
ENSMUSG00000025279,Dnase1l3,24.2540494573402,1.50014011164361,117.96778765193,12,TRUE,6.73780075662054,153,TRUE
ENSMUSG00000022032,Scara5,21.7544430163396,4.10037814250917,89.6153717119121,16,TRUE,6.7013914596805,154,TRUE
ENSMUSG00000004939,Nmrk2,26.8260046946497,3.72308718659518,126.223390520932,12,TRUE,6.69415094674509,155,TRUE
ENSMUSG00000057606,Colq,30.5980054950369,4.55995088281158,136.646020696819,13,TRUE,6.65598951076404,156,TRUE
ENSMUSG00000008489,Elavl2,41.679529163079,20.181295660502,146.002571890194,22,TRUE,6.61759676478361,157,TRUE
ENSMUSG00000020866,Cacna1g,50.6005831452412,9.82292254030466,276.901429446919,18,TRUE,6.61156486234448,158,TRUE
ENSMUSG00000041112,Elmo1,136.044390777666,79.5247849843491,449.083772848458,30,TRUE,6.59608635699872,159,TRUE
ENSMUSG00000099906,Gm28653,976.026605398931,596.068231209613,3103.53588014287,35,TRUE,6.41012593525629,160,TRUE
ENSMUSG00000032503,Arpp21,158.499171737079,45.7346134449765,651.772026776916,24,TRUE,6.3907284431618,161,TRUE
ENSMUSG00000038521,C1s1,1150.44907541858,304.628111361602,6338.52544861221,35,TRUE,6.36451429568175,162,TRUE
ENSMUSG00000041695,Kcnj2,2311.73481499889,2255.49279090392,5376.76604331279,36,TRUE,6.32291825207173,163,TRUE
ENSMUSG00000047420,Fam180a,138.710299700201,120.29385647702,390.940152899588,27,TRUE,6.29779424472678,164,TRUE
ENSMUSG00000074892,B3galt5,28.9180778437945,4.63674575843529,152.624028165077,13,TRUE,6.26648612681177,165,TRUE
ENSMUSG00000031654,Cbln1,204.146724451905,21.4658211897805,1192.59210729449,26,TRUE,6.25019376722845,166,TRUE
ENSMUSG00000104045,Gm37565,37.6294119090243,5.36803863718489,198.956322429475,12,TRUE,6.19557948020641,167,TRUE
ENSMUSG00000114596,Gm47523,16.7455389038706,1.01109396611875,71.8451072695392,10,TRUE,6.17645409577861,168,TRUE
ENSMUSG00000058914,C1qtnf3,4699.07074787304,1896.53522286195,15607.1383063504,36,TRUE,6.1656191535501,169,TRUE
ENSMUSG00000044938,Klhl31,202.755702735312,63.5830715246337,922.184323283527,29,TRUE,6.15964407872273,170,TRUE
ENSMUSG00000031621,Isx,17.5930949941826,1.44249392951507,107.200210258804,11,TRUE,6.14224794313084,171,TRUE
ENSMUSG00000108322,5430431A17Rik,43.0589952043409,21.8661551770532,232.228404234837,18,TRUE,6.10107164596757,172,TRUE
ENSMUSG00000040170,Fmo2,23.0573934976572,1.99775238907941,132.525902186931,13,TRUE,6.0991758573,173,TRUE
ENSMUSG00000042717,Ppp1r3a,15.7954147570462,0,139.595215388118,9,TRUE,6.08157878870217,174,TRUE
ENSMUSG00000031673,Cdh11,37.9826962987583,5.3230762932944,216.65208820757,15,TRUE,6.07255351996658,175,TRUE
ENSMUSG00000092397,C130080G10Rik,14.1301650512478,0,78.6451917679536,11,TRUE,6.07031890526271,176,TRUE
ENSMUSG00000062345,Serpinb2,32.6470154883845,2.86144156335984,253.696352364128,12,TRUE,6.06084222102749,177,TRUE
ENSMUSG00000093847,Gm5039,102.578535927432,68.7783594752498,399.744972692462,25,TRUE,6.05559465121523,178,TRUE
ENSMUSG00000056632,Dsg3,34.7834014328911,6.59322633949451,185.567223377788,16,TRUE,6.05042455900977,179,TRUE
ENSMUSG00000064262,Gimap8,23.6937955073637,17.8980378202226,80.5531431118311,21,TRUE,6.03317711731629,180,TRUE
ENSMUSG00000024617,Camk2a,278.756168944723,73.5133959676976,1326.37548286317,30,TRUE,6.02919012461133,181,TRUE
ENSMUSG00000028989,Angptl7,108.572224465856,20.9901395007449,509.711909682542,22,TRUE,6.01597184492243,182,TRUE
ENSMUSG00000074207,Adh1,38.5500876232376,8.70216877977856,241.659429335493,16,TRUE,5.95751043189882,183,TRUE
ENSMUSG00000090210,Itga10,608.994582965519,547.57107848017,1513.72419170387,35,TRUE,5.94931559269343,184,TRUE
ENSMUSG00000032796,Lama1,19.9920998346823,2.58100776833098,107.767660904309,12,TRUE,5.94357479137185,185,TRUE
ENSMUSG00000058145,Adamts17,31.2200581015841,14.556330301753,117.563300327116,20,TRUE,5.93744166289065,186,TRUE
ENSMUSG00000087579,Hectd2os,19.6266790378749,1.97303029442141,150.408929256211,9,TRUE,5.92379561366712,187,TRUE
ENSMUSG00000031283,Chrdl1,242.551377090587,45.9870990004571,1714.29488778274,31,TRUE,5.90258882434951,188,TRUE
ENSMUSG00000008658,Rbfox1,25.8742552739845,2.85084234627557,154.341188844609,12,TRUE,5.8936101552686,189,TRUE
ENSMUSG00000037736,Limch1,16.1490862491979,0.441877551225574,136.585012130859,12,TRUE,5.88393267704546,190,TRUE
ENSMUSG00000066392,Nrxn3,53.4895459692475,14.7962400631424,278.207365879136,20,TRUE,5.88009662928024,191,TRUE
ENSMUSG00000028036,Ptgfr,156.541827546852,105.531452493432,541.719887427064,30,TRUE,5.87852062362935,192,TRUE
ENSMUSG00000021750,Fam107a,74.0667428545166,75.3038029438812,211.358952876375,27,TRUE,5.87802675499188,193,TRUE
ENSMUSG00000027776,Il12a,45.0525631378534,18.8690389542926,145.901109694583,22,TRUE,5.87077288590717,194,TRUE
ENSMUSG00000025892,Gria4,15.4560288234798,0.94072626973065,94.8497255671223,9,TRUE,5.8670154259932,195,TRUE
ENSMUSG00000034810,Scn7a,408.133895627195,327.649738407245,1295.67953437704,33,TRUE,5.85097897679592,196,TRUE
ENSMUSG00000031137,Fgf13,13.4802072309614,0,82.5774513563513,9,TRUE,5.83020389827538,197,TRUE
ENSMUSG00000074652,Myh7b,35.6152003365675,3.92125307066546,236.203853112619,13,TRUE,5.82728714011906,198,TRUE
ENSMUSG00000025165,Sectm1a,23.3271871564211,2.93784548140183,157.107319528055,14,TRUE,5.81952851941358,199,TRUE
ENSMUSG00000044017,Adgrd1,30.579315904251,11.1180900424543,181.867005963393,19,TRUE,5.81004458250886,200,TRUE
ENSMUSG00000055489,Ano5,948.370950299491,568.35976427201,3105.50200993707,35,TRUE,5.75371661933888,201,TRUE
ENSMUSG00000106296,4632404M16Rik,30.6897282876092,9.14126778760451,130.820595570066,18,TRUE,5.74887182202087,202,TRUE
ENSMUSG00000047728,BC025446,31.0163511788595,5.80735538144367,173.019421889498,10,TRUE,5.74654831702689,203,TRUE
ENSMUSG00000059325,Hopx,92.7878379600249,72.5708217585318,261.845532546758,27,TRUE,5.74209872820849,204,TRUE
ENSMUSG00000067001,Serpinb7,48.7939882545642,6.59432924694373,300.705674539527,14,TRUE,5.72074237563073,205,TRUE
ENSMUSG00000027386,Fbln7,801.286646749524,270.086836390291,3891.34524082753,36,TRUE,5.70803392853402,206,TRUE
ENSMUSG00000025175,Fn3k,42.9541381761344,16.1353032240283,214.400420517608,24,TRUE,5.70795113068337,207,TRUE
ENSMUSG00000026489,Coq8a,209.179856603207,39.7159067803556,1063.82581536491,32,TRUE,5.69524122514531,208,TRUE
ENSMUSG00000048764,Tmprss11f,91.4983925864369,35.7478361432167,420.056958452985,27,TRUE,5.69095051517646,209,TRUE
ENSMUSG00000022206,Npr3,538.865823075879,379.766823405061,2095.58031708746,36,TRUE,5.69011403983011,210,TRUE
ENSMUSG00000107655,Gm44220,15.5911138088632,0.980313267666364,103.566304826302,12,TRUE,5.67896133175438,211,TRUE
ENSMUSG00000033453,Adamts15,32.0517217266615,8.5432056450017,158.273448433007,17,TRUE,5.661456407266,212,TRUE
ENSMUSG00000096619,Gm2035,34.3579411985172,11.2482300112406,133.742683886701,20,TRUE,5.65392840294893,213,TRUE
ENSMUSG00000027460,Angpt4,205.63684478059,61.1428628420771,1323.1215073179,30,TRUE,5.63451689128706,214,TRUE
ENSMUSG00000050556,Kcnb1,51.1976932226271,18.7858552544572,258.546067937148,21,TRUE,5.63017096867076,215,TRUE
ENSMUSG00000117508,ENSMUSG00000117508,14.3256164052777,0.930771796648794,85.3967776637931,11,TRUE,5.62813015326274,216,TRUE
ENSMUSG00000037379,Spon2,824.290872321141,620.622419654427,2261.22061445793,34,TRUE,5.59440955604727,217,TRUE
ENSMUSG00000021565,Slc6a19,23.1524600344677,8.74489638148945,144.120736938079,17,TRUE,5.58640527257952,218,TRUE
ENSMUSG00000035258,Abi3bp,66.4098920998813,6.07552317372275,427.938572781603,9,TRUE,5.57829419320183,219,TRUE
ENSMUSG00000079363,Gbp4,18.38747764881,1.05597389340848,146.419746771044,9,TRUE,5.57536574086423,220,TRUE
ENSMUSG00000050251,Olfr809,15.6078587266228,1.9696326987098,94.0307165290446,12,TRUE,5.55880578247179,221,TRUE
ENSMUSG00000032495,Lrrc2,14.6038069557271,0.40496802289285,113.035872108297,9,TRUE,5.55411445390241,222,TRUE
ENSMUSG00000030433,Sbk2,39.8356902649889,13.8635400711676,131.068776775511,19,TRUE,5.4845295824217,223,TRUE
ENSMUSG00000048373,Fgfbp1,27.6571750178075,4.12022382935186,154.482358548007,13,TRUE,5.47929680193089,224,TRUE
ENSMUSG00000027820,Mme,35.5620345522113,17.4461467771823,134.952296087378,22,TRUE,5.47312329614114,225,TRUE
ENSMUSG00000020061,Mybpc1,18.1347215440744,4.64726174066461,76.5254859562395,17,TRUE,5.46530898649681,226,TRUE
ENSMUSG00000015243,Abca1,45.9344301253632,12.8903722844612,231.020250818364,21,TRUE,5.46309962705331,227,TRUE
ENSMUSG00000103807,Trbv6,102.941081437834,42.8754143133284,522.812309738922,28,TRUE,5.45891440414043,228,TRUE
ENSMUSG00000021567,Nkd2,588.281306942197,292.975880418096,2513.71711244888,35,TRUE,5.42144453192912,229,TRUE
ENSMUSG00000033044,Dhrs7c,15.0434836757156,1.4300841712182,94.1965600902479,12,TRUE,5.41852430538938,230,TRUE
ENSMUSG00000031613,Hpgd,238.195720700497,85.6878051907166,982.863105488038,33,TRUE,5.38316828329741,231,TRUE
ENSMUSG00000110639,Gm6831,14.5957193966218,1.70034483078575,78.0192811261768,9,TRUE,5.36220414173912,232,TRUE
ENSMUSG00000034533,Scn10a,39.5701822399336,29.1882239944034,136.271453718819,24,TRUE,5.33317438914516,233,TRUE
ENSMUSG00000037138,Aff3,40.663592980948,8.99831149394434,296.045765369192,16,TRUE,5.32501987574707,234,TRUE
ENSMUSG00000000244,Tspan32,142.712670368265,69.5959541224062,613.432495790039,30,TRUE,5.32073705370202,235,TRUE
ENSMUSG00000060459,Kng2,14.4334771896742,2.72852793920156,81.7628722312913,9,TRUE,5.30371327871414,236,TRUE
ENSMUSG00000040694,Apobec2,269.176575408915,91.7876130275669,1203.27143404969,32,TRUE,5.27936366121436,237,TRUE
ENSMUSG00000045281,Gpr20,28.1865624331707,24.3053276023551,125.369737421313,25,TRUE,5.24856868407247,238,TRUE
ENSMUSG00000014813,Stc1,43.8794340967388,23.2759482816111,231.010090349756,25,TRUE,5.19429250020965,239,TRUE
ENSMUSG00000027546,Atp9a,31.5686235229205,8.91962410961845,191.688511564472,17,TRUE,5.19143881859674,240,TRUE
ENSMUSG00000049538,Adamts16,607.588446706625,229.276137345516,2654.22606553483,36,TRUE,5.16023302411484,241,TRUE
ENSMUSG00000051051,Olfr523,11.5193111660731,0,86.5946288452184,10,TRUE,5.13784634980637,242,TRUE
ENSMUSG00000078639,Gm12695,12.1713929086778,0,121.900047240328,7,TRUE,5.13710178651169,243,TRUE
ENSMUSG00000006221,Hspb7,74.4993745033466,11.7899191218653,529.871979536588,20,TRUE,5.13571790669767,244,TRUE
ENSMUSG00000024678,Ms4a4d,13.4333105866035,1.86381138197715,66.0198283017387,9,TRUE,5.12490628370314,245,TRUE
ENSMUSG00000021388,Aspn,684.862729725518,280.438929607451,2892.49236492315,35,TRUE,5.12118795782923,246,TRUE
ENSMUSG00000029378,Areg,106.126162281678,29.8679252498869,606.841674854995,25,TRUE,5.10566213482452,247,TRUE
ENSMUSG00000037280,Galnt6,31.0415151240189,6.22364212235043,178.865281559598,15,TRUE,5.10154802727339,248,TRUE
ENSMUSG00000055027,Smyd1,466.862954804988,246.237702320885,1510.91282384758,35,TRUE,5.10069637236811,249,TRUE
ENSMUSG00000099364,5730419F03Rik,59.0930812286058,22.9836852461591,275.268336512014,27,TRUE,5.09769045451835,250,TRUE
ENSMUSG00000051456,Hspb3,11.2731076212837,0.983033468147431,76.6790619737548,12,TRUE,5.08248931005662,251,TRUE
ENSMUSG00000000794,Kcnn3,328.650562657947,82.6576437198439,1284.4740124,33,TRUE,5.06658731194759,252,TRUE
ENSMUSG00000112854,Gm38403,198.985941792887,46.140178700486,983.879895849872,32,TRUE,5.05389610112936,253,TRUE
ENSMUSG00000037418,Best1,46.405045093584,13.9615769497319,186.79588810668,21,TRUE,5.04260499358799,254,TRUE
ENSMUSG00000067049,Unc93a,11.112170787374,0,66.4037101815089,7,TRUE,5.03899514562616,255,TRUE
ENSMUSG00000033510,Otud7a,10.961754638851,0,93.5730648869222,9,TRUE,5.02375312317692,256,TRUE
ENSMUSG00000001622,Csn3,15.9849039831439,2.05645661217415,110.814277505908,10,TRUE,5.01743681897727,257,TRUE
ENSMUSG00000034768,Asb16,14.6257380452575,1.17512358679321,89.4867320857355,12,TRUE,5.01085958157355,258,TRUE
ENSMUSG00000062184,Hs6st2,16.1015122851546,5.36724621028102,83.5242244786673,11,TRUE,5.01074533037722,259,TRUE
ENSMUSG00000034528,Hsd17b13,10.4772865169216,0,97.2069703194241,9,TRUE,5.00464114674933,260,TRUE
ENSMUSG00000026204,Ptprn,68.7217459188925,23.2041170297075,347.056610034127,23,TRUE,4.9828556719058,261,TRUE
ENSMUSG00000090942,F830016B08Rik,11.88098371814,1.86381138197715,65.048948473772,10,TRUE,4.97816197923745,262,TRUE
ENSMUSG00000038963,Slco4a1,42.9198470562984,14.5732167208847,296.269912726471,20,TRUE,4.94928608866541,263,TRUE
ENSMUSG00000082884,Gm13339,36.0511821423172,14.7704619375643,119.295212605749,20,TRUE,4.94050757794582,264,TRUE
ENSMUSG00000028927,Padi2,84.1637802160756,17.5355693729139,380.651594054567,25,TRUE,4.93465712495594,265,TRUE
ENSMUSG00000031098,Syt8,36.0633102841092,8.64470491754842,150.408929256211,17,TRUE,4.9302153552868,266,TRUE
ENSMUSG00000060548,Tnfrsf19,31.1110236334107,17.359784705781,114.004408216198,21,TRUE,4.9227959155517,267,TRUE
ENSMUSG00000039179,Tekt5,10.3120485589475,0.40496802289285,61.7763923525312,12,TRUE,4.91321093135871,268,TRUE
ENSMUSG00000040093,Bmf,530.445110264827,454.347728157,1385.12527857486,36,TRUE,4.91239684869657,269,TRUE
ENSMUSG00000027794,Sohlh2,14.7901770537745,2.89746581636773,70.8611559337858,12,TRUE,4.91144722797652,270,TRUE
ENSMUSG00000073535,Gm5532,27.8431454568132,5.11849542797461,175.968616580796,14,TRUE,4.90761119728826,271,TRUE
ENSMUSG00000025163,Cd7,12.9234382953056,2.90837555990055,72.0152913236083,13,TRUE,4.90067680697446,272,TRUE
ENSMUSG00000071713,Csf2rb,312.169475749834,198.821267066628,1124.36672289231,36,TRUE,4.89190890621403,273,TRUE
ENSMUSG00000064373,Selenop,519.857709679478,355.019749260011,1498.28846188006,36,TRUE,4.87435679075495,274,TRUE
ENSMUSG00000014773,Dll1,206.372558927156,173.545745698786,535.925665037644,30,TRUE,4.85518809728283,275,TRUE
ENSMUSG00000028838,Extl1,15.900393374978,3.39411718119182,71.2353913098823,9,TRUE,4.85391108939606,276,TRUE
ENSMUSG00000079029,Gm5662,185.886083111804,53.0532471382105,909.243602874793,32,TRUE,4.83712142108205,277,TRUE
ENSMUSG00000026574,Dpt,28.5754024668492,21.1325970765193,101.008460557788,27,TRUE,4.81042124457582,278,TRUE
ENSMUSG00000097756,A730056A06Rik,18.1981768612845,11.816331210198,80.6113215621525,19,TRUE,4.80821953507215,279,TRUE
ENSMUSG00000057726,Serpinb9g,24.8737528172164,4.53680122484901,139.905359151321,10,TRUE,4.80819257061528,280,TRUE
ENSMUSG00000040260,Daam2,1746.50521095909,1292.86495524233,4658.28141458445,36,TRUE,4.7938465680547,281,TRUE
ENSMUSG00000032648,Pygm,190.942943112628,37.5717105089144,893.925355256453,34,TRUE,4.78876785540403,282,TRUE
ENSMUSG00000037211,Spry1,80.5941861185396,36.3972725735209,314.332819911409,24,TRUE,4.77270760032196,283,TRUE
ENSMUSG00000052581,Lrrtm4,14.1879570910244,3.14492426200852,64.4425144894649,11,TRUE,4.76215186255786,284,TRUE
ENSMUSG00000034555,Tex16,22.3381229691158,8.48775328911017,96.0048557226062,16,TRUE,4.7522559810613,285,TRUE
ENSMUSG00000052572,Dlg2,31.151326346889,7.08563583533895,163.188772918504,15,TRUE,4.73206820783209,286,TRUE
ENSMUSG00000021404,Serpinb9c,28.9125361869503,4.10906071224464,160.800315388206,9,TRUE,4.72681103638587,287,TRUE
ENSMUSG00000019359,Gdpd2,23.2182535028593,10.0179965363091,105.806970294404,18,TRUE,4.71409755904301,288,TRUE
ENSMUSG00000085479,9430073C21Rik,11.1448025580508,0.990065681313047,68.1357268594094,9,TRUE,4.71356490465873,289,TRUE
ENSMUSG00000024730,Ms4a8a,11.3314776819192,0,108.137138680936,9,TRUE,4.71157079718951,290,TRUE
ENSMUSG00000103912,Gm33819,13.6315894639119,4.53089467676944,68.9328979911896,12,TRUE,4.70510488881131,291,TRUE
ENSMUSG00000057751,Megf6,115.935724955579,77.8671474443252,444.250173749532,31,TRUE,4.68611459228809,292,TRUE
ENSMUSG00000028950,Tas1r1,42.8449389076398,15.3926338635961,192.160982584106,20,TRUE,4.6802579091406,293,TRUE
ENSMUSG00000015970,Chdh,15.5742399323978,9.51121647128141,50.8746760550257,18,TRUE,4.67229078141549,294,TRUE
ENSMUSG00000033965,Slc16a2,176.385774495193,119.75845475412,667.501065130507,33,TRUE,4.66808631592204,295,TRUE
ENSMUSG00000003949,Hlf,84.2037422398361,21.2308163626219,436.130073217848,26,TRUE,4.65909293682858,296,TRUE
ENSMUSG00000064325,Hhip,412.230630074684,260.403232135512,1570.88781383868,33,TRUE,4.64566141405724,297,TRUE
ENSMUSG00000015950,Ncf1,14.4013119143824,3.05611145359388,97.0224568929553,9,TRUE,4.64075290402808,298,TRUE
ENSMUSG00000038663,Fsd2,10.0184952067964,0,84.5435811505502,9,TRUE,4.63290244052394,299,TRUE
ENSMUSG00000030222,Rerg,131.698369247794,96.1810562334236,367.652502841162,27,TRUE,4.62204602535029,300,TRUE
ENSMUSG00000045180,Shroom2,9.64101717370036,0,90.428697686638,8,TRUE,4.61511968575845,301,TRUE
ENSMUSG00000052353,Cemip,294.676715303829,124.799021924146,997.541571355725,34,TRUE,4.60863500919159,302,TRUE
ENSMUSG00000047230,Cldn2,8.83467421668433,0,50.8661424487339,11,TRUE,4.60823207351187,303,TRUE
ENSMUSG00000062077,Trim54,99.4294522620404,18.2192070135578,473.808697253947,27,TRUE,4.59509581066878,304,TRUE
ENSMUSG00000102051,I830127L07Rik,9.24052127212357,0,78.1831448749058,8,TRUE,4.58836390011426,305,TRUE
ENSMUSG00000099338,2810030D12Rik,9.39338761623938,0,74.712932179556,9,TRUE,4.57474819525897,306,TRUE
ENSMUSG00000079343,C1s2,76.8913147584267,35.5699504895022,381.587517662756,28,TRUE,4.57289210557969,307,TRUE
ENSMUSG00000030373,Psg28,10.1324997478988,1.80677406773605,54.3692703661378,9,TRUE,4.56432588742587,308,TRUE
ENSMUSG00000110397,Gm45540,19.0626016504903,5.33494347057106,83.5412337813346,14,TRUE,4.56183064949146,309,TRUE
ENSMUSG00000064246,Chil1,13.3764239011671,3.27861398907377,53.398390538171,12,TRUE,4.555166894765,310,TRUE
ENSMUSG00000051747,Ttn,28924.4379344556,13929.0289621878,105583.040273957,36,TRUE,4.55172819568402,311,TRUE
ENSMUSG00000026768,Itga8,13.1462270966034,2.08312532534845,89.7852982735895,9,TRUE,4.53991397917004,312,TRUE
ENSMUSG00000048368,Omd,936.466020723048,471.600787388894,3260.38846745136,36,TRUE,4.5355844463647,313,TRUE
ENSMUSG00000021835,Bmp4,657.763068495124,647.618276658065,1522.979117874,35,TRUE,4.53303858956211,314,TRUE
ENSMUSG00000048938,Nr1h5,13.511999835992,2.47952871641862,97.9644224938578,9,TRUE,4.52299586173785,315,TRUE
ENSMUSG00000044461,Shisa2,11.4600210922043,1.9075050160251,61.2277640586611,12,TRUE,4.51689861150424,316,TRUE
ENSMUSG00000034648,Lrrn1,544.622468306569,323.264339183244,1788.79267611381,35,TRUE,4.51512350267204,317,TRUE
ENSMUSG00000105096,Gbp10,9.66616205704102,0,79.4973995130741,8,TRUE,4.50999515543831,318,TRUE
ENSMUSG00000081058,Hist2h3c2,25.8499012835915,20.2589834318824,72.7300152919854,23,TRUE,4.50193971648692,319,TRUE
ENSMUSG00000054672,5830411N06Rik,19.8897695782865,11.8999081659451,104.855021420409,20,TRUE,4.49269126512931,320,TRUE
ENSMUSG00000021596,Mctp1,58.3393560325604,31.3253480465631,229.451605177029,25,TRUE,4.45185014243629,321,TRUE
ENSMUSG00000029095,Ablim2,18.6472023931618,3.88574965638514,133.546024644442,11,TRUE,4.44992592098995,322,TRUE
ENSMUSG00000002007,Srpk3,73.1050968826753,17.1516950189315,322.509107134538,22,TRUE,4.44360542106295,323,TRUE
ENSMUSG00000037206,Islr,961.500265923425,605.945997263857,3440.83450363058,36,TRUE,4.44273753250128,324,TRUE
ENSMUSG00000073530,Pappa2,25.4771378511455,8.39283980318088,195.34137204619,15,TRUE,4.43332247899498,325,TRUE
ENSMUSG00000007877,Tcap,13.0846983270972,1.06557925621403,101.749352110051,9,TRUE,4.42955059270265,326,TRUE
ENSMUSG00000004609,Cd33,20.7333638274135,20.3015443650508,66.7819496339943,25,TRUE,4.40452815064889,327,TRUE
ENSMUSG00000019326,Aoc3,235.404116484563,131.049184160854,844.118421415912,33,TRUE,4.39794191196428,328,TRUE
ENSMUSG00000107696,Gm44171,24.9306435754364,16.4267537279917,79.9459195150404,24,TRUE,4.39704187411943,329,TRUE
ENSMUSG00000040276,Pacsin1,12.1350890962185,1.13355905365049,99.023923035675,7,TRUE,4.38888162492966,330,TRUE
ENSMUSG00000027656,Wisp2,268.795355857134,133.686206261146,1306.02139090669,33,TRUE,4.38672682220877,331,TRUE
ENSMUSG00000036528,Ppfibp2,14.8219931356056,2.05316846283455,126.278213779439,8,TRUE,4.3813631285768,332,TRUE
ENSMUSG00000022037,Clu,35.9228273525874,15.520407937007,206.693238733993,21,TRUE,4.36592306745966,333,TRUE
ENSMUSG00000090793,Gm6650,27.5695158456106,9.70902829779625,128.250873084126,17,TRUE,4.36415431193891,334,TRUE
ENSMUSG00000000159,Igsf5,29.5064665100369,12.8253718399375,109.806874983127,21,TRUE,4.36324860793724,335,TRUE
ENSMUSG00000019846,Lama4,221.211641985251,68.2334113166413,1009.93503176458,35,TRUE,4.35952752910661,336,TRUE
ENSMUSG00000090958,Lrrc32,200.389988887797,111.311507506001,683.677635812437,33,TRUE,4.35526179262924,337,TRUE
ENSMUSG00000039070,Cpa4,16.6145680733676,5.10489442556928,84.4318247803832,14,TRUE,4.35223096919448,338,TRUE
ENSMUSG00000028631,Kcnq4,192.82366703062,60.5779399475707,757.943035663653,34,TRUE,4.33212007473195,339,TRUE
ENSMUSG00000036067,Slc2a6,77.6294210093569,34.3980188114509,336.13625250642,27,TRUE,4.33190665911994,340,TRUE
ENSMUSG00000027559,Car3,2995.83297372003,1122.938014361,11556.8654747537,36,TRUE,4.32887785952555,341,TRUE
ENSMUSG00000044338,Aplnr,26.7693590106476,7.39986268816919,186.117441212962,16,TRUE,4.32302200632807,342,TRUE
ENSMUSG00000045573,Penk,20.7628654405227,8.87283437953944,110.469387806394,16,TRUE,4.31081851441344,343,TRUE
ENSMUSG00000032327,Stra6,82.6454408561425,76.3927977369654,181.825038229963,27,TRUE,4.30037100012597,344,TRUE
ENSMUSG00000034607,Pof1b,17.3238856184546,3.60016610763523,75.6959970766554,15,TRUE,4.29729037553984,345,TRUE
ENSMUSG00000022382,Wnt7b,76.6750336626935,43.2903754873988,251.080174193567,27,TRUE,4.28265962829267,346,TRUE
ENSMUSG00000000792,Slc5a5,28.88920868431,4.76990346234462,178.06136619259,12,TRUE,4.28063881829794,347,TRUE
ENSMUSG00000102692,Dchs2,512.506435925209,266.624466250467,1843.66006297203,35,TRUE,4.27411004596005,348,TRUE
ENSMUSG00000031448,Adprhl1,8.7756878179687,0,74.4950613662876,8,TRUE,4.27338399352507,349,TRUE
ENSMUSG00000068587,Mgam,1171.93142828613,551.428167730288,3724.93364525603,36,TRUE,4.27268342587113,350,TRUE
ENSMUSG00000027070,Lrp2,481.932591735512,130.974889384038,2085.39951582104,36,TRUE,4.27099561591123,351,TRUE
ENSMUSG00000055435,Maf,565.021673280947,566.407404058177,1196.75457400602,36,TRUE,4.26008004550594,352,TRUE
ENSMUSG00000095079,Igha,8.17330332414035,0,45.5906504383247,9,TRUE,4.25744932576551,353,TRUE
ENSMUSG00000032744,Heyl,298.153110242982,185.632741775517,1029.71062643702,33,TRUE,4.25469928348032,354,TRUE
ENSMUSG00000002384,Bmp8b,66.4092903557515,85.9674824393433,160.357312498816,24,TRUE,4.249373452114,355,TRUE
ENSMUSG00000031289,Il13ra2,36.2257514760872,22.3048066171877,136.548474457751,23,TRUE,4.24416818495637,356,TRUE
ENSMUSG00000029298,Gbp9,40.8576595978827,12.9250279772931,256.501746168253,23,TRUE,4.236874885988,357,TRUE
ENSMUSG00000040797,Iqsec3,9.2674137904459,1.02366285060441,52.2641344961694,8,TRUE,4.22897264031202,358,TRUE
ENSMUSG00000019851,Perp,235.208760578456,179.277793541236,688.969469184889,34,TRUE,4.22734680891622,359,TRUE
ENSMUSG00000030088,Aldh1l1,34.8559805782085,35.120324021616,82.8998505298177,27,TRUE,4.22583449459498,360,TRUE
ENSMUSG00000018166,Erbb3,741.608440271442,393.069921771752,2696.8475153838,36,TRUE,4.22034902763646,361,TRUE
ENSMUSG00000066113,Adamtsl1,245.74495956038,122.058065416936,1113.79201506181,33,TRUE,4.21741685372472,362,TRUE
ENSMUSG00000020333,Acsl6,154.656940636854,70.1934083486446,578.699440125917,34,TRUE,4.21719268709295,363,TRUE
ENSMUSG00000039385,Cdh6,10.4873739069513,1.95279323889569,74.861636159938,7,TRUE,4.21593323202475,364,TRUE
ENSMUSG00000103047,Gm37310,89.3611455207279,48.6526343075381,320.40520250253,28,TRUE,4.21114143320507,365,TRUE
ENSMUSG00000113971,Gm2022,12.2441024963853,2.82460128376645,52.3747573262606,15,TRUE,4.21014357242138,366,TRUE
ENSMUSG00000025488,Cox8b,9.62336746232683,1.42654349455486,51.8081080496363,12,TRUE,4.20078854890793,367,TRUE
ENSMUSG00000041797,Abca9,52.6297731762237,20.3257438350529,273.880686580226,25,TRUE,4.19464305955219,368,TRUE
ENSMUSG00000035277,Arx,10.2453640949822,1.46240262621561,52.6916287712766,11,TRUE,4.18581124529808,369,TRUE
ENSMUSG00000090439,Gm17455,11.5453887343792,9.33374217383899,34.5617480601382,16,TRUE,4.16942305178935,370,TRUE
ENSMUSG00000012123,Crybg2,11.4334153809566,2.87642133099939,65.8653481056612,11,TRUE,4.14751788538417,371,TRUE
ENSMUSG00000045288,Ush1g,77.294288002675,45.1399968214724,322.665915670712,27,TRUE,4.14621654727125,372,TRUE
ENSMUSG00000026365,Cfh,6228.26464532635,4416.02630591688,17963.3509139383,36,TRUE,4.13726065528831,373,TRUE
ENSMUSG00000030000,Add2,353.559099015643,269.810855335929,1142.81976060362,36,TRUE,4.13011034263639,374,TRUE
ENSMUSG00000027249,F2,16.870526883163,4.29111950939164,95.3900176031732,13,TRUE,4.12997265593029,375,TRUE
ENSMUSG00000016458,Wt1,24.1369279627033,8.35756372565857,94.9805217465097,17,TRUE,4.11357444424904,376,TRUE
ENSMUSG00000078815,Cacng6,7.73525459075257,0,62.9161534143629,8,TRUE,4.1107030447345,377,TRUE
ENSMUSG00000071540,3425401B19Rik,19.0680865017377,2.98008160876383,140.578280285217,9,TRUE,4.09871785511255,378,TRUE
ENSMUSG00000036523,Greb1,23.207733339203,9.60777240764398,91.6292002897078,17,TRUE,4.09312881024814,379,TRUE
ENSMUSG00000059336,Slc14a1,140.831024158005,69.4332565616415,584.516395846951,31,TRUE,4.08650413595416,380,TRUE
ENSMUSG00000015090,Ptgds,8.91735725764971,2.17525359261363,44.5153415481475,11,TRUE,4.08503643526033,381,TRUE
ENSMUSG00000035615,Frmpd1,725.49643031175,451.035231398066,2233.03488827238,36,TRUE,4.08401907195227,382,TRUE
ENSMUSG00000035095,Fam167a,320.395000920509,95.223479520502,1455.91911260424,36,TRUE,4.08269405953867,383,TRUE
ENSMUSG00000101746,2310043L19Rik,12.667467242726,4.13304449704479,54.0685693404681,13,TRUE,4.07740214614204,384,TRUE
ENSMUSG00000064147,Rab44,25.372144817033,8.56751716518522,147.173170016324,17,TRUE,4.07624580904309,385,TRUE
ENSMUSG00000028766,Alpl,11.274635219079,2.84823933663583,83.3630675046821,11,TRUE,4.06575338613385,386,TRUE
ENSMUSG00000020467,Efemp1,61.5370138104824,61.5555205765335,136.940343290113,28,TRUE,4.06490014147677,387,TRUE
ENSMUSG00000017861,Mybl2,377.035655819935,140.41252564551,1284.51379376407,36,TRUE,4.06207721181208,388,TRUE
ENSMUSG00000056174,Col8a2,145.97110196588,81.3618425468786,717.347122665033,32,TRUE,4.04128353734157,389,TRUE
ENSMUSG00000049537,Tecrl,28.4253636910958,8.93562819528458,149.772530543494,17,TRUE,4.02985470535188,390,TRUE
ENSMUSG00000006586,Runx1t1,28.1909339765177,21.2962590113317,103.762459846441,22,TRUE,4.02853137102211,391,TRUE
ENSMUSG00000039376,Synpo2l,1785.767296325,985.53467507242,6214.88676593626,36,TRUE,4.02560325037847,392,TRUE
ENSMUSG00000047139,Cd24a,1256.95999705184,1058.80940517141,3912.81455569529,36,TRUE,4.02175971070687,393,TRUE
ENSMUSG00000071715,Ncf4,11.6319312953393,2.35092051265559,85.788697785055,11,TRUE,4.01086380906143,394,TRUE
ENSMUSG00000035948,Acss3,15.0479204765898,2.93581161036911,80.4930991563479,10,TRUE,3.98668142833731,395,TRUE
ENSMUSG00000005583,Mef2c,731.862711171398,272.599054051079,4365.79120801853,36,TRUE,3.98587644038458,396,TRUE
ENSMUSG00000032532,Cck,7.58075694970834,0.936016773949786,44.325711002363,9,TRUE,3.98495703306679,397,TRUE
ENSMUSG00000091511,Vmn2r87,28.605535486049,25.4006863907545,91.4023993021066,27,TRUE,3.98158611223725,398,TRUE
ENSMUSG00000056145,AI504432,39.4073379520357,31.7148632727109,138.499063829355,24,TRUE,3.97353574501662,399,TRUE
ENSMUSG00000112329,Gm47908,8.09823591721817,0.95682412065896,51.3526287337923,9,TRUE,3.95922453055117,400,TRUE
ENSMUSG00000025105,Bnc1,31.7409886428237,19.8397746493898,125.374288705393,24,TRUE,3.95222390677998,401,TRUE
ENSMUSG00000055360,Prl2c5,15.2043579639236,6.44293474148205,82.1976181659775,15,TRUE,3.9345224733773,402,TRUE
ENSMUSG00000091119,Ccdc152,19.1936780716001,11.0018651692945,71.080027799925,19,TRUE,3.93126401009003,403,TRUE
ENSMUSG00000031698,Mylk3,27.5650526216267,12.8131959602928,111.296359318304,21,TRUE,3.92534540879337,404,TRUE
ENSMUSG00000022483,Col2a1,11.1510816774018,1.0228283205112,125.216092814814,6,TRUE,3.91880258893027,405,TRUE
ENSMUSG00000118219,ENSMUSG00000118219,10.7045728080756,2.59943251660591,49.9661996969002,10,TRUE,3.9122047588291,406,TRUE
ENSMUSG00000023959,Clic5,75.6951789656149,23.4474531850807,463.322942643984,26,TRUE,3.90989080595085,407,TRUE
ENSMUSG00000070576,Mn1,18.9701892338905,8.8515737293902,72.5890756891242,17,TRUE,3.90720123065483,408,TRUE
ENSMUSG00000095799,Gm8332,150.49299549125,70.0370315356797,491.013349933693,33,TRUE,3.89985775360763,409,TRUE
ENSMUSG00000079243,Xirp1,701.463069369005,299.091742370011,2761.84314184607,36,TRUE,3.87002923715767,410,TRUE
ENSMUSG00000000889,Dbh,7.16363313147557,0.507392704728255,40.7769527746033,8,TRUE,3.85867514405882,411,TRUE
ENSMUSG00000029158,Yipf7,8.9442672787576,1.12143591586817,52.7500736505388,8,TRUE,3.85273579640964,412,TRUE
ENSMUSG00000030064,Frmd4b,12.1969017078556,3.76587972771322,98.3064897099421,9,TRUE,3.83374528243908,413,TRUE
ENSMUSG00000044033,Ccdc141,3415.67332744121,2745.84297744899,9598.97680652343,36,TRUE,3.8171905691422,414,TRUE
ENSMUSG00000036960,Clca2,64.6882812514173,27.4984599475529,270.859943713532,27,TRUE,3.80357176701136,415,TRUE
ENSMUSG00000016756,Cmah,1643.39294400591,1244.81288717773,4569.22666940335,36,TRUE,3.80088937055163,416,TRUE
ENSMUSG00000027919,Lce1g,5.80268069361122,0,41.7533244120122,8,TRUE,3.79664261256748,417,TRUE
ENSMUSG00000108400,Klk1b14-ps,9.57905175687006,3.11078284448375,56.3110300220713,11,TRUE,3.79651872700138,418,TRUE
ENSMUSG00000057948,Unc13d,83.4646995401682,18.4884110906994,367.024448682685,30,TRUE,3.79489301021327,419,TRUE
ENSMUSG00000021732,Fgf10,290.335704538577,310.942291465523,640.879613711283,33,TRUE,3.79000184037385,420,TRUE
ENSMUSG00000024912,Fosl1,77.5379431283953,40.4539303254087,310.883739053076,24,TRUE,3.78507593407689,421,TRUE
ENSMUSG00000068227,Il2rb,23.2323707059675,6.93672795291499,107.767660904309,14,TRUE,3.7837705643005,422,TRUE
ENSMUSG00000037318,Traf3ip3,11.6741590226076,6.11535042692196,43.6910400033945,12,TRUE,3.7837435743561,423,TRUE
ENSMUSG00000085779,Atcayos,7.88527226247466,1.51805680863681,36.3734011926786,9,TRUE,3.77856388282388,424,TRUE
ENSMUSG00000110071,Gm45512,34.182643329617,19.6933188665856,124.806312439388,24,TRUE,3.77749088012316,425,TRUE
ENSMUSG00000076469,Trbv13-2,8.67829146417622,4.01005513977958,45.311143000405,11,TRUE,3.7738888004505,426,TRUE
ENSMUSG00000009185,Ccl8,20.8495052751376,12.9289848258003,59.9594396362803,18,TRUE,3.77327967100941,427,TRUE
ENSMUSG00000025888,Casp1,107.109474859464,60.7329382407609,368.934334627363,32,TRUE,3.75412842128376,428,TRUE
ENSMUSG00000001349,Cnn1,118.916624397983,41.348831807239,602.440823659033,32,TRUE,3.7481194221687,429,TRUE
ENSMUSG00000058252,Tcp11x2,14.6049869574613,3.1970139202683,96.2984939612986,10,TRUE,3.74463333503,430,TRUE
ENSMUSG00000049690,Nckap5,43.6647398942193,28.3809062092809,125.803269694245,27,TRUE,3.74190072345983,431,TRUE
ENSMUSG00000048489,8430408G22Rik,22.4190238946901,13.0615771033208,83.5605162534508,20,TRUE,3.74066971803655,432,TRUE
ENSMUSG00000035861,Tmprss11b,35.0920637818684,17.3411287581212,204.407180578228,25,TRUE,3.7397578898101,433,TRUE
ENSMUSG00000111052,Gm20139,12.1983555329904,3.99161683036326,51.4566308822375,13,TRUE,3.73316561555527,434,TRUE
ENSMUSG00000062609,Kcnj15,10.0320524690241,3.80423506485142,66.4563430672606,11,TRUE,3.73223929749922,435,TRUE
ENSMUSG00000020120,Plek,52.981556799323,14.4826470992767,238.101592786469,21,TRUE,3.73200633045019,436,TRUE
ENSMUSG00000059049,Frem1,17.5812720475967,13.9003656599957,71.0684363760372,21,TRUE,3.73101996620383,437,TRUE
ENSMUSG00000089991,Gm16332,14.0645249564409,6.80948403690828,56.3872001782817,15,TRUE,3.73101507454301,438,TRUE
ENSMUSG00000115678,Gm49212,26.7579991631188,13.9534124153037,117.499814808382,20,TRUE,3.73065027231918,439,TRUE
ENSMUSG00000006542,Prkag3,197.691260297167,42.2290904689125,1054.74105178366,36,TRUE,3.72794912849453,440,TRUE
ENSMUSG00000069132,Nxph2,24.6958318358715,18.2775289209852,87.1511249159621,23,TRUE,3.72140920161658,441,TRUE
ENSMUSG00000000215,Ins2,7.33596188514264,0.985558244967357,55.417057845653,8,TRUE,3.72074240270018,442,TRUE
ENSMUSG00000049093,Il23r,26.9281154142374,16.444383818685,100.850024801224,23,TRUE,3.71124851742909,443,TRUE
ENSMUSG00000097462,9530026P05Rik,7.34688421926345,0.946524871185789,66.3187741431585,7,TRUE,3.70441547878442,444,TRUE
ENSMUSG00000031385,Plxnb3,18.8327105100777,5.88187960599818,88.1222067381695,13,TRUE,3.70257987768922,445,TRUE
ENSMUSG00000048782,Insc,225.722344561927,232.004224232594,578.197686154269,34,TRUE,3.69210194734973,446,TRUE
ENSMUSG00000050936,Gm42743,27.1990538444421,19.9347320630635,84.4318247803832,24,TRUE,3.69015044806869,447,TRUE
ENSMUSG00000038591,Colec10,9.99706122786629,3.03532746444913,52.1024395462693,11,TRUE,3.68390041499637,448,TRUE
ENSMUSG00000042834,Nrep,1230.13415470459,808.943024504602,3929.97732651691,36,TRUE,3.67743046007203,449,TRUE
ENSMUSG00000075330,A930003A15Rik,28.6161417406484,18.1477645256518,117.74570011281,22,TRUE,3.67330524291813,450,TRUE
ENSMUSG00000074971,Fibin,24.0962092312645,7.9577916099929,97.0224568929553,16,TRUE,3.67301029495655,451,TRUE
ENSMUSG00000085257,Gm13264,11.8694002149566,4.67565063777838,51.8081080496363,12,TRUE,3.67129423810046,452,TRUE
ENSMUSG00000030351,Tspan11,30.6465659408729,23.1697018210869,108.702657301413,21,TRUE,3.67027683381525,453,TRUE
ENSMUSG00000037010,Apln,171.412758438234,63.098998839098,855.346674383221,34,TRUE,3.66804704790663,454,TRUE
ENSMUSG00000028558,Calr4,17.9712363147577,4.94831444430955,111.151940906493,11,TRUE,3.6634944770686,455,TRUE
ENSMUSG00000043333,Rhbdl2,45.7717944220264,33.4249295213908,172.379704965154,24,TRUE,3.6577729178686,456,TRUE
ENSMUSG00000021765,Fst,502.600576778185,247.670776009153,2155.68342508902,36,TRUE,3.65438890295783,457,TRUE
ENSMUSG00000063529,Stmnd1,13.232596984626,4.55515277864446,60.2857984577587,14,TRUE,3.65306494015366,458,TRUE
ENSMUSG00000058806,Col13a1,5.74488730589465,0,45.4238179062729,6,TRUE,3.64883205716384,459,TRUE
ENSMUSG00000021390,Ogn,29033.1355651134,20065.9669524375,83313.3610182747,36,TRUE,3.64525135907987,460,TRUE
ENSMUSG00000028396,2310002L09Rik,5.26538075543647,0,26.5427522216844,8,TRUE,3.63820929782128,461,TRUE
ENSMUSG00000108274,Gm44169,16.0659724591249,9.32821119231826,66.9907081297055,18,TRUE,3.63046409552452,462,TRUE
ENSMUSG00000017607,Tns4,11.5244052637465,7.54092220565702,37.7463193583446,16,TRUE,3.62262981436115,463,TRUE
ENSMUSG00000038530,Rgs4,49.5263434455882,22.0538030334712,200.050672992281,25,TRUE,3.61136063776224,464,TRUE
ENSMUSG00000087090,Nctc1,6.59084601655761,0.997840484114702,38.3395309868774,9,TRUE,3.60825606686153,465,TRUE
ENSMUSG00000039748,Exo1,315.315552339371,166.681502124417,983.331211685848,36,TRUE,3.59905702836799,466,TRUE
ENSMUSG00000061825,Ces2c,8.29120649595563,1.9112249407523,52.3747573262606,8,TRUE,3.59694543240919,467,TRUE
ENSMUSG00000070424,Art5,7.97297830622825,1.05527380576968,61.9330885172635,9,TRUE,3.59426999634977,468,TRUE
ENSMUSG00000026387,Sctr,8.04141793154613,2.96782742066582,35.1427930462086,11,TRUE,3.58450696378274,469,TRUE
ENSMUSG00000014030,Pax5,50.2607452199215,30.1606545216078,173.768788857917,26,TRUE,3.58051697345791,470,TRUE
ENSMUSG00000085348,Myhas,5.42372307173092,0,44.2379203694739,7,TRUE,3.5793187925541,471,TRUE
ENSMUSG00000039462,Col10a1,36.6390320326038,8.94024482629148,200.545239008282,16,TRUE,3.57388474335157,472,TRUE
ENSMUSG00000112513,ENSMUSG00000112513,16.8370713627645,14.1161770152554,50.5042302788941,21,TRUE,3.55747182673612,473,TRUE
ENSMUSG00000026251,Chrnd,1185.6739486741,773.253956587521,3711.06998655031,36,TRUE,3.54546215760978,474,TRUE
ENSMUSG00000030091,Nup210,9.0749594723133,2.5255288391228,53.6920392514413,9,TRUE,3.54377765305068,475,TRUE
ENSMUSG00000093800,Gm20796,8.09264480477807,1.20432117378027,50.8746760550257,6,TRUE,3.53197069365508,476,TRUE
ENSMUSG00000059003,Grin2a,6.10418243577677,0.8099360457857,30.475011810082,11,TRUE,3.52985590810575,477,TRUE
ENSMUSG00000057182,Scn3a,6.13396940475506,0,56.3255342037784,6,TRUE,3.52431429011992,478,TRUE
ENSMUSG00000027360,Hdc,37.976543942933,27.6457542749316,115.861768911005,25,TRUE,3.52397738935508,479,TRUE
ENSMUSG00000112234,Gm48427,12.6820251811447,10.6504075071798,36.3734011926786,19,TRUE,3.50482322075569,480,TRUE
ENSMUSG00000047330,Kcne4,8.94803187934137,1.10436146666343,62.662656086776,8,TRUE,3.4940329752177,481,TRUE
ENSMUSG00000085606,Gm15792,15.1356087794094,6.95352375378226,58.454654176817,16,TRUE,3.47439609056617,482,TRUE
ENSMUSG00000028289,Epha7,32.9572186613032,8.11355389247196,125.119918409954,14,TRUE,3.46179139146373,483,TRUE
ENSMUSG00000057074,Ces1g,10.3038691177561,4.81119878014651,38.9020870880974,13,TRUE,3.46000112869158,484,TRUE
ENSMUSG00000096001,2610528A11Rik,15.9631046773346,10.5441929273075,64.8085226616198,19,TRUE,3.45255082247114,485,TRUE
ENSMUSG00000060807,Serpina6,6.74460570992338,0.980313267666364,50.2315919579495,6,TRUE,3.44707831766687,486,TRUE
ENSMUSG00000025479,Cyp2e1,5.02020578170482,0,27.7876891682274,6,TRUE,3.44590847887263,487,TRUE
ENSMUSG00000033849,B3galt2,31.9300627831642,13.1331429205566,116.826041748207,20,TRUE,3.44158615993606,488,TRUE
ENSMUSG00000050201,Otop2,7.89670168250241,1.85044195902794,37.2558286892219,11,TRUE,3.43471528161948,489,TRUE
ENSMUSG00000045350,Fam186a,6.33178173352816,0.944000094365863,33.9107616324892,11,TRUE,3.421330581639,490,TRUE
ENSMUSG00000021803,Cdhr1,1365.270970836,1094.32725806595,3786.00685890072,36,TRUE,3.41586543491305,491,TRUE
ENSMUSG00000034614,Pik3ip1,603.889382373395,554.801809760918,1463.12871043474,36,TRUE,3.40908056337464,492,TRUE
ENSMUSG00000029417,Cxcl9,9.48903100057271,6.89757714416338,45.311143000405,14,TRUE,3.40478651282382,493,TRUE
ENSMUSG00000026077,Npas2,26.9713570715673,24.6212283672333,69.1234961202764,24,TRUE,3.39773763527808,494,TRUE
ENSMUSG00000031758,Cdyl2,22.3962825715316,15.6968239809842,70.7806725911583,24,TRUE,3.39183527319356,495,TRUE
ENSMUSG00000031636,Pdlim3,1771.16516581869,1270.37957292855,5043.80329878557,36,TRUE,3.38599569775737,496,TRUE
ENSMUSG00000117926,ENSMUSG00000117926,12.8752363026809,4.1226673871559,72.6781086500367,12,TRUE,3.38458951344453,497,TRUE
ENSMUSG00000025610,Map3k7cl,72.9675589447781,43.2221181838509,234.386900396368,30,TRUE,3.38304977777348,498,TRUE
ENSMUSG00000003617,Cp,3235.05123287282,2546.63606471827,9268.33584985334,36,TRUE,3.37297140822564,499,TRUE
ENSMUSG00000026638,Irf6,31.2969896110153,22.4637624757279,82.4393861962032,26,TRUE,3.36900599393148,500,TRUE
ENSMUSG00000057933,Gsta2,9.97810185685797,3.6006284171586,62.9166953863038,13,TRUE,3.35996732857404,501,TRUE
ENSMUSG00000031312,Itgb1bp2,136.5648486854,37.5025382399456,517.139114895461,36,TRUE,3.35071372110808,502,TRUE
ENSMUSG00000018654,Ikzf1,28.1872807755128,17.9205293300722,84.2333487617127,20,TRUE,3.34600580726456,503,TRUE
ENSMUSG00000026725,Tnn,21.121159462505,5.6663950808553,178.482465042076,12,TRUE,3.34140330158922,504,TRUE
ENSMUSG00000109903,Gm28710,7.67955000747563,3.38704481649333,27.96087509457,12,TRUE,3.33610116293744,505,TRUE
ENSMUSG00000049109,Themis,27.6634776170755,10.1991885116139,152.598427346202,18,TRUE,3.33584661917147,506,TRUE
ENSMUSG00000108161,Gm32914,24.1784879931096,12.1213197451492,97.0224568929553,21,TRUE,3.33447323745633,507,TRUE
ENSMUSG00000000157,Itgb2l,10.8437960322877,4.62559990857848,45.6653434255431,13,TRUE,3.32894971444309,508,TRUE
ENSMUSG00000100987,Gm1627,8.03644053783563,2.33433366539245,48.7195073841053,11,TRUE,3.32254175526048,509,TRUE
ENSMUSG00000020401,Fam71b,9.71723891722557,4.42102811801295,41.5046509696305,12,TRUE,3.3187565643005,510,TRUE
ENSMUSG00000039899,Fgl2,43.3951733165325,23.9273292274875,203.971867300759,25,TRUE,3.31641388749934,511,TRUE
ENSMUSG00000079460,4933403O08Rik,8.38487172472616,4.32137599100803,37.6786240360992,12,TRUE,3.30736432171815,512,TRUE
ENSMUSG00000047428,Dlk2,18.7397883899386,6.51277405073621,104.549359049262,14,TRUE,3.3064639679207,513,TRUE
ENSMUSG00000106121,Gm42679,54.8697352388539,25.3597342872411,232.625664581211,27,TRUE,3.29630642888366,514,TRUE
ENSMUSG00000074896,Ifit3,30.9557972968122,20.069074765954,117.808971801053,25,TRUE,3.29264122438606,515,TRUE
ENSMUSG00000071714,Csf2rb2,36.6191797798132,20.7748886407297,180.050353376041,24,TRUE,3.28990330555027,516,TRUE
ENSMUSG00000034570,Inpp5j,22.547431416726,18.6920415332051,70.6474200676859,24,TRUE,3.28675117834275,517,TRUE
ENSMUSG00000000202,Btbd17,10.5848062641009,5.88154191896924,36.5636210922936,13,TRUE,3.28456343265695,518,TRUE
ENSMUSG00000032816,Igdcc4,127.683228132065,86.3678089809909,430.478279612433,33,TRUE,3.28299693532869,519,TRUE
ENSMUSG00000049134,Nrap,376.855099429632,172.838410855394,1380.22311552759,36,TRUE,3.28025415215027,520,TRUE
ENSMUSG00000021303,Gng4,47.4342609465486,30.5932502305986,169.932406836467,26,TRUE,3.27911964117095,521,TRUE
ENSMUSG00000036570,Fxyd1,7.37280363945284,2.91281719431042,38.4752619252379,9,TRUE,3.2629753964553,522,TRUE
ENSMUSG00000042793,Lgr6,1052.24633607,340.206675228059,4211.12100498294,36,TRUE,3.2529915985956,523,TRUE
ENSMUSG00000030077,Chl1,5.12487500193297,0,37.7463193583446,6,TRUE,3.25182744414629,524,TRUE
ENSMUSG00000042918,Mamstr,26.3297637824487,21.9141129956569,69.4229828500971,24,TRUE,3.24951496648283,525,TRUE
ENSMUSG00000097754,Ptgs2os2,34.5502867503181,13.4402649486278,134.803590244496,23,TRUE,3.24072134116085,526,TRUE
ENSMUSG00000104701,Gm42555,4.9051249897554,0,41.4464864397091,6,TRUE,3.23860661080812,527,TRUE
ENSMUSG00000038540,Tmc3,50.121209247858,22.9243814728345,218.891071047542,25,TRUE,3.2340748331435,528,TRUE
ENSMUSG00000026669,Mcm10,448.126258399778,227.477869612023,1481.58669780651,36,TRUE,3.22684510465729,529,TRUE
ENSMUSG00000063873,Slc24a3,965.5180403064,748.874350988063,2361.54039730014,36,TRUE,3.22631328954843,530,TRUE
ENSMUSG00000034883,Lrr1,61.3203648582776,33.6003513344018,195.72612566199,26,TRUE,3.22476835789047,531,TRUE
ENSMUSG00000025196,Cpn1,9.59054479551802,4.12948487058,46.6801288349996,11,TRUE,3.22434899136448,532,TRUE
ENSMUSG00000059645,Gm7361,259.804558212534,220.948910425009,799.458634153121,36,TRUE,3.22422465446045,533,TRUE
ENSMUSG00000024066,Xdh,530.765044774916,368.974183993332,1171.35797416835,36,TRUE,3.22313316054873,534,TRUE
ENSMUSG00000027859,Ngf,225.265282197341,85.9772172498001,913.801328560038,36,TRUE,3.21335658267092,535,TRUE
ENSMUSG00000028197,Col24a1,55.1786024896493,19.3064404877992,336.658541845832,27,TRUE,3.21232202416883,536,TRUE
ENSMUSG00000045871,Slitrk6,23.9545657083241,15.5963828696832,62.4880638187438,20,TRUE,3.20625513249536,537,TRUE
ENSMUSG00000028841,Cnksr1,7.04836050266535,1.0332611242612,48.1492469806493,7,TRUE,3.20381056433651,538,TRUE
ENSMUSG00000032281,Acsbg1,198.26842804113,79.5453303461261,875.623533326749,36,TRUE,3.19723468976277,539,TRUE
ENSMUSG00000022584,Ly6c2,155.756923688089,82.248383509732,577.05909459736,34,TRUE,3.19565091418551,540,TRUE
ENSMUSG00000024164,C3,9.12212634334908,2.12193832227755,62.4286859116691,9,TRUE,3.19437495359068,541,TRUE
ENSMUSG00000078606,Gm4070,17.0900005183289,6.37419673220688,123.866177034527,14,TRUE,3.19038086488709,542,TRUE
ENSMUSG00000040181,Fmo1,689.879080317683,555.703920192388,2262.27973418367,36,TRUE,3.18672958735929,543,TRUE
ENSMUSG00000000142,Axin2,202.726886680165,240.386076397354,464.909414929958,35,TRUE,3.18642204944634,544,TRUE
ENSMUSG00000027188,Pamr1,4.8274410913321,0,44.8878055794442,5,TRUE,3.18243751543567,545,TRUE
ENSMUSG00000026012,Cd28,103.584025383628,66.792182698793,338.174324602201,29,TRUE,3.17895757810966,546,TRUE
ENSMUSG00000022044,Stmn4,126.75046756769,75.7318438435013,499.643952388042,33,TRUE,3.17680564729219,547,TRUE
ENSMUSG00000021678,F2rl1,9.271743606046,3.74671374741783,51.0259708844991,8,TRUE,3.17646373667742,548,TRUE
ENSMUSG00000086219,Srrm4os,5.48141239393272,0,44.2723832424165,6,TRUE,3.17576055827527,549,TRUE
ENSMUSG00000040569,Slc26a7,5.7134577073324,0.50370126139049,51.8081080496363,5,TRUE,3.1688767094138,550,TRUE
ENSMUSG00000044499,Hs3st5,8.71257488466616,3.82056552633822,41.8863193618718,11,TRUE,3.16506922146435,551,TRUE
ENSMUSG00000026228,Htr2b,149.301744000805,55.12377792095,549.934951925736,36,TRUE,3.16463691236978,552,TRUE
ENSMUSG00000028780,Sema3c,1505.40717734148,805.350281367457,5478.90265501663,36,TRUE,3.16373302458868,553,TRUE
ENSMUSG00000019982,Myb,19.197568425345,7.27475222404299,74.488172509939,14,TRUE,3.16082186571112,554,TRUE
ENSMUSG00000039457,Ppl,158.327537400316,60.9194842254657,696.829743757086,35,TRUE,3.15549733668902,555,TRUE
ENSMUSG00000028150,Rorc,59.0401176196617,54.486791788856,160.986198312696,29,TRUE,3.15482817732133,556,TRUE
ENSMUSG00000031351,Zfp185,39.316456300639,20.389720360173,156.189008455098,27,TRUE,3.15008517228019,557,TRUE
ENSMUSG00000021998,Lcp1,11.911845004014,8.78756957503062,36.9815159077822,16,TRUE,3.14704823989117,558,TRUE
ENSMUSG00000026971,Itgb6,267.712131480169,118.337733024172,1097.43944061555,36,TRUE,3.14552371772838,559,TRUE
ENSMUSG00000046352,Gjb2,5.38079779800555,0.455105848942644,33.9079728167534,6,TRUE,3.14349241001479,560,TRUE
ENSMUSG00000026841,Fibcd1,15.0436641517507,10.064711640082,66.8186523153669,18,TRUE,3.14252822458133,561,TRUE
ENSMUSG00000051985,Igfn1,78.4092739236058,23.1417764281312,282.526029938323,31,TRUE,3.14226271568971,562,TRUE
ENSMUSG00000032118,Fez1,10.5270181629406,4.4868549818255,43.9573856131115,12,TRUE,3.13402535464987,563,TRUE
ENSMUSG00000024990,Rbp4,8.75314979900982,3.33152717994204,53.4378637850526,9,TRUE,3.13364277963659,564,TRUE
ENSMUSG00000085867,Gm5834,8.41503365444683,5.43535027501376,35.2689900981347,12,TRUE,3.12244001140937,565,TRUE
ENSMUSG00000031070,Mrgprf,404.677289755426,398.130396583685,910.108029194304,36,TRUE,3.11667073198328,566,TRUE
ENSMUSG00000039316,Rftn1,13.7201880521347,7.01273559234306,51.7831524131511,12,TRUE,3.1105166227814,567,TRUE
ENSMUSG00000021136,Smoc1,11.4173551260283,3.73297276537704,49.3388001559965,12,TRUE,3.10971752334165,568,TRUE
ENSMUSG00000015829,Tnr,6.98133408400729,1.86371260584092,37.7463193583446,8,TRUE,3.10962056932478,569,TRUE
ENSMUSG00000024924,Vldlr,323.483676412218,233.499518304637,894.180321557373,36,TRUE,3.1079640647502,570,TRUE
ENSMUSG00000026564,Dusp27,928.891833925511,673.698520549391,2737.23926703201,36,TRUE,3.10693894980034,571,TRUE
ENSMUSG00000109447,Gm3198,6.35168912400761,2.47165256122589,24.4911056234645,11,TRUE,3.10342534325427,572,TRUE
ENSMUSG00000040254,Sema3d,2476.20019219225,2134.38240383934,6208.78560727643,36,TRUE,3.10320860368844,573,TRUE
ENSMUSG00000017499,Cdc6,381.515511065972,237.305352823365,1217.74249134782,36,TRUE,3.10013964848681,574,TRUE
ENSMUSG00000043388,Tmem130,5.13192543320412,0.906937873250074,29.2009336279768,8,TRUE,3.09713062810966,575,TRUE
ENSMUSG00000029134,Plb1,13.2285400234983,4.78629444526229,58.9702826691773,10,TRUE,3.0797300815661,576,TRUE
ENSMUSG00000053025,Sv2b,63.8323291953469,48.035534306526,183.833135757592,30,TRUE,3.07917069838089,577,TRUE
ENSMUSG00000043441,Gpr149,8.39795164889168,4.78629444526229,29.1128585066426,12,TRUE,3.07643391288434,578,TRUE
ENSMUSG00000009281,Rarres2,9.16643153275359,3.89540133628462,41.6177367284312,10,TRUE,3.07196187901741,579,TRUE
ENSMUSG00000027533,Fabp5,587.353730874699,425.509225062846,1770.68564417187,36,TRUE,3.07166986692158,580,TRUE
ENSMUSG00000042284,Itga1,141.864756794595,82.5100591349636,674.325000575605,33,TRUE,3.07160175888243,581,TRUE
ENSMUSG00000020890,Gucy2e,6.55716140557899,1.05597389340848,32.2212572447324,8,TRUE,3.06532839810138,582,TRUE
ENSMUSG00000024897,Apba1,48.3028773207366,38.8544426632986,140.968000445704,28,TRUE,3.06316469171313,583,TRUE
ENSMUSG00000048562,Sp8,92.9924622138495,39.254313669031,411.985544380144,32,TRUE,3.06120391985819,584,TRUE
ENSMUSG00000020037,Rfx4,6.56393715951701,1.89849014333372,30.8881961762656,10,TRUE,3.06041185371637,585,TRUE
ENSMUSG00000074280,Gm6166,231.562126838537,160.30413922028,688.311154692763,36,TRUE,3.05770480196938,586,TRUE
ENSMUSG00000051486,Pcdhb11,27.0138790480502,19.1101871202473,99.6845146008909,22,TRUE,3.04831534098488,587,TRUE
ENSMUSG00000033207,Mamdc2,412.490738996237,273.561765033638,1500.15703297372,36,TRUE,3.0464545686958,588,TRUE
ENSMUSG00000058470,Gm8369,4.02020670227802,0,26.2137553551021,7,TRUE,3.04521336100587,589,TRUE
ENSMUSG00000023918,Adgrf4,7.88395091151542,3.20495184369793,30.2074286669367,12,TRUE,3.0442928871065,590,TRUE
ENSMUSG00000033538,Casp4,199.197558371239,122.89323695346,590.294935403781,35,TRUE,3.0427169375269,591,TRUE
ENSMUSG00000037033,Clca3b,30.7466548248958,27.9937151284283,96.6530734714106,25,TRUE,3.03884715295956,592,TRUE
ENSMUSG00000084939,Gm830,6.29678511343136,1.96745108000704,48.6337032315277,5,TRUE,3.03823713756824,593,TRUE
ENSMUSG00000043458,Pcdhb12,10.8508558493792,8.34173124476459,37.7463193583446,14,TRUE,3.03672875849581,594,TRUE
ENSMUSG00000056758,Hmga2,2220.99342996924,1099.06347443915,11183.4966463374,36,TRUE,3.03315559558444,595,TRUE
ENSMUSG00000033308,Dpyd,70.1167896065644,56.7829409762321,211.452000668557,28,TRUE,3.0297354484515,596,TRUE
ENSMUSG00000031239,Itm2a,14.8613448371678,5.32999746032038,81.2997647718191,10,TRUE,3.02888736851712,597,TRUE
ENSMUSG00000113201,Gm21936,7.71069749383622,2.20396866695147,39.2696572670176,9,TRUE,3.0280464364608,598,TRUE
ENSMUSG00000013483,Card14,12.4418781715823,4.54173314234306,96.3403599157432,9,TRUE,3.01225849735069,599,TRUE
ENSMUSG00000044788,Fads6,240.797467057933,157.183686386669,747.061335715036,36,TRUE,3.00955652798268,600,TRUE
ENSMUSG00000078249,Hmga1b,743.795260613401,420.24330685348,3462.35067239713,36,TRUE,3.0077590927458,601,TRUE
ENSMUSG00000027832,Ptx3,17.3082449975407,8.35813249840957,67.4632573561585,17,TRUE,3.00352452013719,602,TRUE
ENSMUSG00000031791,Tmem38a,774.203761904307,246.907738781719,3259.84319878168,36,TRUE,3.0013868630752,603,TRUE
ENSMUSG00000028713,Cyp4b1,8.42947491624642,5.04295074345529,40.2765715559155,13,TRUE,2.99980826672652,604,TRUE
ENSMUSG00000086932,Gm22000,6.92479359370117,1.87661864937676,36.7366584351967,9,TRUE,2.99082380127028,605,TRUE
ENSMUSG00000110597,Gm8798,10.7529116314629,6.2527739468401,41.7914295684643,14,TRUE,2.98754921868501,606,TRUE
ENSMUSG00000028977,Casz1,56.6370205446619,18.7086485244538,215.308896875734,27,TRUE,2.98716872417943,607,TRUE
ENSMUSG00000023078,Cxcl13,11.7937226278433,7.84400882749134,33.613625250642,17,TRUE,2.98376396480162,608,TRUE
ENSMUSG00000074183,Gsta1,14.1256895592012,6.14768879233891,81.182832756521,11,TRUE,2.98088382309303,609,TRUE
ENSMUSG00000056880,Gadl1,4.72091010117033,0,43.6895922585036,5,TRUE,2.97638365007208,610,TRUE
ENSMUSG00000024451,Arap3,16.3551015367021,9.51089572828343,77.7538603954271,17,TRUE,2.9758435926731,611,TRUE
ENSMUSG00000097603,A430010J10Rik,12.5396520902876,2.98019031373537,68.763488865881,9,TRUE,2.97493474214237,612,TRUE
ENSMUSG00000027009,Itga4,310.102445277465,155.447120326153,1241.63195818948,36,TRUE,2.97386035713379,613,TRUE
ENSMUSG00000026255,Efhd1,370.533877031312,232.347701279514,1194.89731026911,36,TRUE,2.97219504177349,614,TRUE
ENSMUSG00000046711,Hmga1,842.90866471884,483.552734401919,3453.62676071815,36,TRUE,2.96476923502586,615,TRUE
ENSMUSG00000024013,Fgd2,16.0843996122468,13.3246293884584,41.7914295684643,22,TRUE,2.96195982432485,616,TRUE
ENSMUSG00000059742,Kcnh7,21.7161157455606,11.8127130097911,89.0724402579666,18,TRUE,2.95349834083812,617,TRUE
ENSMUSG00000073910,Mob3b,250.42445740512,154.66305320031,720.392832351325,36,TRUE,2.95315215889507,618,TRUE
ENSMUSG00000058248,Kcnh1,20.3053979164743,7.9679840801495,106.291733900679,17,TRUE,2.95175792114319,619,TRUE
ENSMUSG00000049719,Prss46,26.465470127674,15.5860362615477,86.5946288452184,21,TRUE,2.94761970466287,620,TRUE
ENSMUSG00000047261,Gap43,281.215320165936,182.860083367678,952.365990084431,36,TRUE,2.94380159930888,621,TRUE
ENSMUSG00000030022,Adamts9,13.0970879919388,10.1958823414963,40.6527347127528,18,TRUE,2.94325971219402,622,TRUE
ENSMUSG00000039904,Gpr37,15.0027833970035,10.5450911847972,49.514871226304,18,TRUE,2.92477704910943,623,TRUE
ENSMUSG00000034853,Acot11,54.1966644715004,41.5069267838492,175.335937118214,29,TRUE,2.92352078534206,624,TRUE
ENSMUSG00000060429,Sntb1,559.845684119401,331.386560717935,1835.46081680512,36,TRUE,2.92058255139537,625,TRUE
ENSMUSG00000046546,Fam43a,81.5496220589556,31.0779273332917,319.860125099663,33,TRUE,2.9195311573835,626,TRUE
ENSMUSG00000078956,Gm14221,311.062284025423,184.193432803672,1038.3884773374,36,TRUE,2.91795765969705,627,TRUE
ENSMUSG00000007682,Dio2,363.179051881533,149.995504283413,1270.88169480847,36,TRUE,2.91619184183167,628,TRUE
ENSMUSG00000116955,ENSMUSG00000116955,5.16175613227672,0.997840484114702,23.549140022562,9,TRUE,2.91503188688533,629,TRUE
ENSMUSG00000030249,Abcc9,8.51604158673782,3.52707145975512,32.0390343229026,11,TRUE,2.91318350512181,630,TRUE
ENSMUSG00000046818,Ddit4l,217.909227940499,121.60294547438,676.195527622971,35,TRUE,2.90968971181923,631,TRUE
ENSMUSG00000036687,Tmem184a,23.6377861775013,10.1243832638722,108.326044103785,18,TRUE,2.90490682257741,632,TRUE
ENSMUSG00000043811,Rtn4r,14.2529014687497,8.09399755411241,57.7128928878568,17,TRUE,2.90473236599796,633,TRUE
ENSMUSG00000031026,Trim66,36.7180705299498,11.0676070498016,162.659528750675,20,TRUE,2.89759657378623,634,TRUE
ENSMUSG00000117916,ENSMUSG00000117916,5.26548194719487,0,53.0855044433687,4,TRUE,2.89729469752427,635,TRUE
ENSMUSG00000022945,Chaf1b,331.682383273338,173.931027625488,1009.5923432125,36,TRUE,2.89712510750516,636,TRUE
ENSMUSG00000021403,Serpinb9b,392.851056169407,315.494830808621,1132.35708625819,36,TRUE,2.88104426785355,637,TRUE
ENSMUSG00000112657,BC106175,5.23369598840068,1.03511055965855,27.0999215906064,8,TRUE,2.87770137282154,638,TRUE
ENSMUSG00000001334,Fndc5,41.3701499270354,18.6026195459474,143.42058783723,25,TRUE,2.8744797393874,639,TRUE
ENSMUSG00000018411,Mapt,110.255920938081,62.7627339925933,493.589974872899,32,TRUE,2.87355084726522,640,TRUE
ENSMUSG00000090799,Klhl33,207.068793674007,146.498956502129,673.625659272687,35,TRUE,2.87287535714645,641,TRUE
ENSMUSG00000093507,Gm20627,13.6767719323135,11.223298331063,43.8190483037432,19,TRUE,2.8724412468293,642,TRUE
ENSMUSG00000000031,H19,21733.9285513051,12324.6788430088,69223.1730600856,36,TRUE,2.87200030204913,643,TRUE
ENSMUSG00000040907,Atp1a3,189.397384211753,180.75993017661,432.175682273039,34,TRUE,2.8703677240837,644,TRUE
ENSMUSG00000111556,Gm19299,8.35284646852421,5.7359750738638,35.2689900981347,11,TRUE,2.86845135034834,645,TRUE
ENSMUSG00000034652,Cd300a,4.79570086281732,0.519872473332905,35.7946928342942,5,TRUE,2.86789370631651,646,TRUE
ENSMUSG00000020911,Krt19,60.1997098229777,32.1968123548097,222.732412591067,33,TRUE,2.86728161192564,647,TRUE
ENSMUSG00000097768,2310043M15Rik,21.3230982250388,9.72026933819551,78.1831448749058,17,TRUE,2.86018094542425,648,TRUE
ENSMUSG00000040706,Agmat,5.54722378725456,2.05316846283455,25.5596873245849,9,TRUE,2.85919134332992,649,TRUE
ENSMUSG00000024810,Il33,422.208502440082,392.752796308888,1035.22019539182,36,TRUE,2.85863953339158,650,TRUE
ENSMUSG00000049916,2610318N02Rik,25.8986229101882,15.1098543991065,99.8155148799173,24,TRUE,2.8576838915944,651,TRUE
ENSMUSG00000010311,Optc,16.6467125110976,10.0783278358918,60.0953469666781,18,TRUE,2.85183268616883,652,TRUE
ENSMUSG00000020399,Havcr2,59.2095661493966,32.7956285522263,337.923541349019,30,TRUE,2.85129745860568,653,TRUE
ENSMUSG00000011171,Vipr2,9.71750443101532,6.0224047084806,30.9939609953305,13,TRUE,2.846388140532,654,TRUE
ENSMUSG00000066705,Fxyd6,4.21008354761558,0,44.2723832424165,4,TRUE,2.8439551720271,655,TRUE
ENSMUSG00000031355,Arhgap6,6.53085067839497,2.10256354320193,33.9107616324892,10,TRUE,2.83834543308586,656,TRUE
ENSMUSG00000032332,Col12a1,43378.5503594126,24145.6133809592,145506.163145767,36,TRUE,2.83570183393143,657,TRUE
ENSMUSG00000091712,Sec14l5,5.92412147453276,1.04558641623187,46.1563144442215,6,TRUE,2.82865592816675,658,TRUE
ENSMUSG00000025170,Rab40b,70.144416940774,47.0054050054768,278.821817867134,30,TRUE,2.82511246362079,659,TRUE
ENSMUSG00000049709,Nlrp10,10.2199648910353,4.39061205312061,43.5534454134745,9,TRUE,2.82189284262651,660,TRUE
ENSMUSG00000030110,Ret,46.4094311157393,18.5349885156776,167.398936413195,28,TRUE,2.81769505866876,661,TRUE
ENSMUSG00000033066,Gas7,50.3279391672539,37.8094076842656,139.371025323119,28,TRUE,2.81505658532991,662,TRUE
ENSMUSG00000022371,Col14a1,88.3477997392947,45.1507864237162,326.208875528357,32,TRUE,2.81105393601542,663,TRUE
ENSMUSG00000076438,Oxct2b,7.10621260359427,6.2735129524261,23.0411653734255,12,TRUE,2.81005665861937,664,TRUE
ENSMUSG00000000392,Fap,4.47521663224281,0.988278445448425,22.6104926332867,7,TRUE,2.80503693466186,665,TRUE
ENSMUSG00000020216,Jsrp1,371.467780238269,235.775671702797,1172.84297833997,36,TRUE,2.79869707398225,666,TRUE
ENSMUSG00000040037,Negr1,6.89247701755105,3.73118784501972,43.2973144226092,8,TRUE,2.79720346171555,667,TRUE
ENSMUSG00000090362,Vmn2r79,7.04321588264985,2.74984599475529,50.7392704728256,6,TRUE,2.79531397740255,668,TRUE
ENSMUSG00000094248,Hist1h2ao,15.0231747843099,8.62921269268609,55.1235069655065,18,TRUE,2.79472313127853,669,TRUE
ENSMUSG00000061540,Orm2,6.2587272035386,1.49638807619556,37.4065046495368,8,TRUE,2.79447573206369,670,TRUE
ENSMUSG00000085272,Sbk3,16.6871271564582,9.98536679622731,44.9782705789361,18,TRUE,2.79320373529195,671,TRUE
ENSMUSG00000035873,Pawr,71.0201639863556,58.738609085315,226.052750231846,28,TRUE,2.79248818640701,672,TRUE
ENSMUSG00000005611,Mrvi1,8.61783974810921,3.81525541781312,29.0712434600147,11,TRUE,2.79224759451372,673,TRUE
ENSMUSG00000051590,Map3k19,20.0771151759213,10.0827686474361,100.840875751926,19,TRUE,2.78232345023919,674,TRUE
ENSMUSG00000033715,Akr1c14,140.211560941711,60.9354834279497,696.771325144002,34,TRUE,2.78063019180587,675,TRUE
ENSMUSG00000100798,Gm19589,45.9017342748854,28.3417085842456,195.853584025107,28,TRUE,2.77336696279337,676,TRUE
ENSMUSG00000029999,Tgfa,6.16627680044364,3.9809348397608,33.2718382933058,9,TRUE,2.769197876176,677,TRUE
ENSMUSG00000113128,Gm47813,19.7810556141965,8.20235254179911,86.1604383679628,15,TRUE,2.7677003580457,678,TRUE
ENSMUSG00000046259,Sprr2h,3.3840240347404,0,23.8590425211498,6,TRUE,2.76679683181858,679,TRUE
ENSMUSG00000020123,Avpr1a,29.4167953546315,18.1790886615831,128.200789907031,25,TRUE,2.76539111506724,680,TRUE
ENSMUSG00000031179,3830417A13Rik,5.9280350697719,1.46580735738861,30.3937669588831,7,TRUE,2.76477456714268,681,TRUE
ENSMUSG00000062342,Serpinb9e,20.8660763452107,9.17217019668433,58.454654176817,17,TRUE,2.76292278956589,682,TRUE
ENSMUSG00000004540,Psg17,4.47691906400593,0.985522009976841,31.0681544949359,7,TRUE,2.75998334612554,683,TRUE
ENSMUSG00000107256,Gm13821,8.34344341521764,4.47736881525861,34.8272499687851,10,TRUE,2.75831878194838,684,TRUE
ENSMUSG00000005410,Mcm5,1042.09907772665,560.422423873626,3243.46151097012,36,TRUE,2.75692168351314,685,TRUE
ENSMUSG00000052013,Btla,6.0923853258798,1.07234825497442,40.61277647664,6,TRUE,2.75443208273036,686,TRUE
ENSMUSG00000058897,Col25a1,4.93926055273699,1.00820914031399,36.4752774236457,5,TRUE,2.75060061272726,687,TRUE
ENSMUSG00000086596,Susd5,219.985965040766,147.852802295696,786.451917679537,35,TRUE,2.74831145195082,688,TRUE
ENSMUSG00000027398,Il1b,8.64014003774298,4.31673404419086,31.7966725343911,10,TRUE,2.74812470899717,689,TRUE
ENSMUSG00000066842,Hmcn1,173.124564698705,90.3045469509779,650.03929805282,33,TRUE,2.74772554380368,690,TRUE
ENSMUSG00000070866,Zfp804a,19.5516263253525,17.2694227355005,53.2355721863305,23,TRUE,2.74722147637697,691,TRUE
ENSMUSG00000024173,Tpsab1,12.3771160107102,5.03155953500306,59.8723391579342,11,TRUE,2.74582725616332,692,TRUE
ENSMUSG00000097310,A930038B10Rik,12.7038918668756,11.2180040701729,37.7463193583446,19,TRUE,2.74456651006133,693,TRUE
ENSMUSG00000069874,Irgm2,24.9818055489097,18.4370720802912,85.2821236512447,23,TRUE,2.7425359892874,694,TRUE
ENSMUSG00000026023,Cdk15,21.8837741811302,16.8871291163284,75.1975005276408,27,TRUE,2.74150038134276,695,TRUE
ENSMUSG00000037990,Sh3rf3,272.299592833304,169.039250856369,812.744002080722,35,TRUE,2.74043438969892,696,TRUE
ENSMUSG00000041828,Abca8a,9.07674695233809,4.38054132454269,47.5731115703705,8,TRUE,2.73394168671436,697,TRUE
ENSMUSG00000027560,Dok5,16.4919906136623,13.2389845949826,49.7244850633691,20,TRUE,2.7310751643364,698,TRUE
ENSMUSG00000044006,Cilp2,11.8362986078545,5.50859836662912,36.9555869155393,15,TRUE,2.72623500702551,699,TRUE
ENSMUSG00000025887,Casp12,2190.62491648023,1691.00224590093,4983.48200964401,36,TRUE,2.72537387130214,700,TRUE
ENSMUSG00000049641,Vgll2,132.875349603734,90.0860247178024,456.627225225287,34,TRUE,2.72495301647267,701,TRUE
ENSMUSG00000009210,Prr29,3.62677717379444,0,33.613625250642,5,TRUE,2.72409542142692,702,TRUE
ENSMUSG00000004698,Hdac9,319.039100396383,252.870629039433,930.287051952054,36,TRUE,2.72130444407802,703,TRUE
ENSMUSG00000038257,Glra3,8.74134554666296,4.41357002914267,36.9450585905475,11,TRUE,2.72109694645013,704,TRUE
ENSMUSG00000040605,Bace2,40.814302582531,28.4973098930156,140.028950666556,29,TRUE,2.72092601531403,705,TRUE
ENSMUSG00000029490,Mfsd7a,142.313857395534,48.6102924888935,648.822832085618,36,TRUE,2.71989705627621,706,TRUE
ENSMUSG00000057897,Camk2b,11.4629617206062,5.67751361529144,73.7298672824566,9,TRUE,2.71553622989282,707,TRUE
ENSMUSG00000034009,Rxfp1,5.87728468488291,2.35099298263662,34.2350858225282,6,TRUE,2.71264258111912,708,TRUE
ENSMUSG00000006457,Actn3,2804.75887064022,1667.56509299215,8933.04802944763,36,TRUE,2.71217497602867,709,TRUE
ENSMUSG00000086905,Gm13716,4.88668128328049,1.5565246202548,28.0579057104967,4,TRUE,2.7115358027432,710,TRUE
ENSMUSG00000040752,Myh6,4.36494356512435,1.02554852099227,18.1695271625092,8,TRUE,2.71023521462772,711,TRUE
ENSMUSG00000020882,Cacnb1,627.310115896841,275.501125854115,2432.89968705998,36,TRUE,2.70921288218221,712,TRUE
ENSMUSG00000070337,Gpr179,29.2246260965802,19.2562536484993,91.522773173784,23,TRUE,2.70524273414827,713,TRUE
ENSMUSG00000000627,Sema4f,112.518270197718,89.4825397500026,466.733272889429,33,TRUE,2.70401258812081,714,TRUE
ENSMUSG00000117365,ENSMUSG00000117365,9.53208902201283,5.42835543859918,31.2294782062103,14,TRUE,2.70120011089217,715,TRUE
ENSMUSG00000067642,Adgrf3,4.44448961791841,0.944000094365863,22.6071744216595,8,TRUE,2.70096565199216,716,TRUE
ENSMUSG00000050272,Dscam,15.4820266836909,9.6677792133459,57.6029134335637,17,TRUE,2.70054209545049,717,TRUE
ENSMUSG00000030666,Calcb,19.6337248004799,9.34084097402808,92.8981738721518,17,TRUE,2.6983336066668,718,TRUE
ENSMUSG00000047562,Mmp10,16.7730977910852,8.82569695123902,55.3087816773277,17,TRUE,2.69763886854549,719,TRUE
ENSMUSG00000074195,Clca4b,5.32725547035665,2.47010523213477,19.7641195093479,9,TRUE,2.69689331077025,720,TRUE
ENSMUSG00000068735,Trp53i11,35.5827749470656,24.217001885501,110.699558313518,27,TRUE,2.69327191401908,721,TRUE
ENSMUSG00000104263,9430062P05Rik,34.1945031871718,37.799987739487,72.0152913236083,27,TRUE,2.69304713992397,722,TRUE
ENSMUSG00000061740,Cyp2d22,130.105494333094,77.8661195831105,415.855601314828,35,TRUE,2.69109155982533,723,TRUE
ENSMUSG00000054003,Tdrd9,6.36499974299181,1.91106657139584,23.6203853112619,9,TRUE,2.69100867366878,724,TRUE
ENSMUSG00000031616,Ednra,115.551132330063,101.259117327761,361.767882132587,32,TRUE,2.68553080238021,725,TRUE
ENSMUSG00000063727,Tnfrsf11b,54.47515116025,38.382288500338,177.216914846028,27,TRUE,2.68240596303888,726,TRUE
ENSMUSG00000045659,Plekha7,103.873855328711,39.9705237162725,413.870321678856,36,TRUE,2.68092008424093,727,TRUE
ENSMUSG00000019817,Plagl1,14.2601056036487,5.98704290468821,67.5834215332774,12,TRUE,2.68088034630606,728,TRUE
ENSMUSG00000022788,Fgd4,90.6223101376725,72.0421446458505,224.650762580158,32,TRUE,2.68037225685215,729,TRUE
ENSMUSG00000029337,Fgf5,57.892060275059,49.183810050497,197.464076991681,28,TRUE,2.67970796738151,730,TRUE
ENSMUSG00000071065,Olfr806,7.95297464425222,6.43408952984649,31.0681544949359,12,TRUE,2.67906884729398,731,TRUE
ENSMUSG00000045658,Pid1,65.7204776948018,37.9096257010726,245.814173411242,29,TRUE,2.67220755876698,732,TRUE
ENSMUSG00000114068,Gm48783,11.0763382117172,4.78510503372634,65.5039316399457,12,TRUE,2.67174120366234,733,TRUE
ENSMUSG00000062488,Ifit3b,8.7284966388719,5.73367482225689,30.7144720465012,11,TRUE,2.66838933344127,734,TRUE
ENSMUSG00000054266,Serpinb9d,15.5438157687816,6.39347553728416,60.9500236201641,12,TRUE,2.66833190957361,735,TRUE
ENSMUSG00000026185,Igfbp5,39119.9034373279,30273.8811876556,90944.8427828653,36,TRUE,2.66720194767741,736,TRUE
ENSMUSG00000044694,2010007H06Rik,18.8750063068184,12.7312285949943,91.3706632875405,21,TRUE,2.66519250253933,737,TRUE
ENSMUSG00000097888,Gm26682,11.0084005103385,10.6172945789173,30.7144720465012,19,TRUE,2.66415566002944,738,TRUE
ENSMUSG00000061132,Blnk,406.888860734022,306.094991020266,1188.01301637842,35,TRUE,2.66299443264549,739,TRUE
ENSMUSG00000051373,Plpp7,27.9878217026187,15.1956585613731,102.23874929834,23,TRUE,2.66118018312103,740,TRUE
ENSMUSG00000109156,Gm45194,5.96007994152766,2.08409188124923,27.3170024261719,10,TRUE,2.6611710837941,741,TRUE
ENSMUSG00000010066,Cacna2d2,6.43689507540489,1.59068315523781,37.8643132907031,8,TRUE,2.66013993054885,742,TRUE
ENSMUSG00000022156,Gzme,13.2788278357866,6.93085970165626,62.4589564124206,12,TRUE,2.6592530764196,743,TRUE
ENSMUSG00000001228,Uhrf1,1505.51059028016,1031.26482197731,4272.40457491093,36,TRUE,2.65086760115099,744,TRUE
ENSMUSG00000029381,Shroom3,79.7757188376947,30.3042505371721,419.716077453962,32,TRUE,2.64577134259457,745,TRUE
ENSMUSG00000047497,Adamts12,117.039069291719,38.4524703256578,646.267094865108,35,TRUE,2.64438355012581,746,TRUE
ENSMUSG00000046000,Naa11,9.3764382313364,4.8321752864113,36.1781741613182,12,TRUE,2.63836983956106,747,TRUE
ENSMUSG00000094777,Hist1h2ap,6.10484939682082,3.20262530756304,25.6401579814063,8,TRUE,2.63273540946848,748,TRUE
ENSMUSG00000058656,Samd12,60.1417342494942,45.2860580186532,155.468370044584,28,TRUE,2.63060563623689,749,TRUE
ENSMUSG00000070867,Trabd2b,1216.73121050098,912.861876017362,4648.25971270563,36,TRUE,2.6282708774082,750,TRUE
ENSMUSG00000037086,Prr32,3.42063926059969,0,19.4175965593349,7,TRUE,2.62418057565158,751,TRUE
ENSMUSG00000057880,Abat,28.2539853112249,12.2012275133813,135.613210934068,21,TRUE,2.62402540005905,752,TRUE
ENSMUSG00000052485,Tmem171,54.5805653057324,50.5845531365824,129.968118333226,29,TRUE,2.62268956513597,753,TRUE
ENSMUSG00000027253,Lrp4,5649.33342539828,4331.93664054805,11628.0791596275,36,TRUE,2.61764914396492,754,TRUE
ENSMUSG00000097178,2310002F09Rik,3.49133198420862,0,22.6104926332867,5,TRUE,2.61534699415334,755,TRUE
ENSMUSG00000021200,Asb2,24.7799688217762,13.6189680738166,86.5693393317853,22,TRUE,2.61157974957709,756,TRUE
ENSMUSG00000020577,Tspan13,23.507125955943,9.84264307490334,149.898599090701,18,TRUE,2.61096691793073,757,TRUE
ENSMUSG00000025993,Slc40a1,287.009141195798,216.061238582916,914.278174319283,36,TRUE,2.61083230510332,758,TRUE
ENSMUSG00000040447,Spns2,20.6396163816646,12.1569580302988,72.497828800648,20,TRUE,2.60673190518931,759,TRUE
ENSMUSG00000033032,Afap1l1,34.7951076799605,11.8161745940895,208.04108601073,23,TRUE,2.60378073948375,760,TRUE
ENSMUSG00000032511,Scn5a,1959.09835899964,1544.13938064576,5034.91745778248,36,TRUE,2.59949973503618,761,TRUE
ENSMUSG00000005470,Asf1b,767.553422305216,330.627496473739,2859.5062461598,36,TRUE,2.59874986376793,762,TRUE
ENSMUSG00000113771,Gm36529,4.7543899801883,1.549810711654,26.1873786631303,5,TRUE,2.59786803959086,763,TRUE
ENSMUSG00000074264,Amy1,19.7962900378018,11.218384821855,95.3968794156889,20,TRUE,2.5971098969049,764,TRUE
ENSMUSG00000111816,Gm7229,3.44560934759284,0,21.803432595011,6,TRUE,2.59519749453075,765,TRUE
ENSMUSG00000069919,Hba-a1,9.2509620943045,4.19486880658047,47.7862267013563,12,TRUE,2.59516469119891,766,TRUE
ENSMUSG00000097248,Gm2694,116.995909745951,49.9590762756577,604.826727911148,36,TRUE,2.59425587775261,767,TRUE
ENSMUSG00000020340,Cyfip2,50.2923273315775,18.2503000181893,282.139625467534,29,TRUE,2.59388598967424,768,TRUE
ENSMUSG00000101334,1700028M03Rik,4.13111345037489,0.926734633039979,26.5366272011298,5,TRUE,2.58480332405162,769,TRUE
ENSMUSG00000086746,Gm15222,25.0012929355319,23.2947233832318,63.0566792663621,26,TRUE,2.58205995287774,770,TRUE
ENSMUSG00000042532,Golga7b,11.1238123641165,7.95956098165119,35.9977396461112,15,TRUE,2.58073970444424,771,TRUE
ENSMUSG00000070564,Ntn5,4.66098203963187,1.98886496334025,21.5110610447142,8,TRUE,2.57981743648608,772,TRUE
ENSMUSG00000112712,Gm18755,7.8119827551525,5.5184953109475,20.3263673563764,14,TRUE,2.57962762314216,773,TRUE
ENSMUSG00000046591,Ticrr,386.671998437755,229.765418903689,1068.01351570589,36,TRUE,2.57879674306662,774,TRUE
ENSMUSG00000112716,4930471E19Rik,41.6483530917471,31.3049090623213,142.445057693215,27,TRUE,2.57637808850104,775,TRUE
ENSMUSG00000078302,Foxd1,4.47957329900887,1.02830918067018,32.7342233289129,6,TRUE,2.5729534534573,776,TRUE
ENSMUSG00000026117,Zap70,5.66270246452334,2.96167027662425,29.2005143780388,7,TRUE,2.57142973668585,777,TRUE
ENSMUSG00000021569,Trip13,401.079449136972,195.837833047269,1298.92532410434,36,TRUE,2.56565528468833,778,TRUE
ENSMUSG00000031383,Dusp9,71.1546466103713,26.8541168298209,276.572155813104,33,TRUE,2.56527550679202,779,TRUE
ENSMUSG00000063646,Jakmip1,3.39011751967088,0,19.9864798787601,5,TRUE,2.56234632659854,780,TRUE
ENSMUSG00000031596,Slc7a2,2493.83603128325,1576.75435382628,8930.32282823537,36,TRUE,2.56226845044744,781,TRUE
ENSMUSG00000029648,Flt1,48.1632872504885,30.2234307996974,170.537157401907,27,TRUE,2.56059882996719,782,TRUE
ENSMUSG00000055958,Gm9987,7.1573508184933,4.07895811315851,27.1846351830689,11,TRUE,2.55861244828246,783,TRUE
ENSMUSG00000037995,Igsf9,29.57976210229,29.6623158628996,91.4975553065909,25,TRUE,2.55608877719104,784,TRUE
ENSMUSG00000115936,ENSMUSG00000115936,27.7509972423275,18.3632583379577,101.765147065963,23,TRUE,2.55242780926328,785,TRUE
ENSMUSG00000047787,Flrt1,26.4301116088405,13.287720491134,80.8543958731658,20,TRUE,2.55018233281986,786,TRUE
ENSMUSG00000047959,Kcna3,5.3146946277633,3.29502074141971,22.4891352894681,8,TRUE,2.54887490679686,787,TRUE
ENSMUSG00000086006,Gm13293,4.78606446253071,1.98672107250922,21.1823945148284,6,TRUE,2.5480534680146,788,TRUE
ENSMUSG00000056270,Prr9,30.6930085100422,10.2369908559492,148.158669780651,18,TRUE,2.54727608444233,789,TRUE
ENSMUSG00000037188,Grhl3,7.13866725142947,2.10808486255774,48.9822112469289,7,TRUE,2.54093701931313,790,TRUE
ENSMUSG00000042529,Kcnj12,24.7838869246029,12.9012017371106,115.861768911005,21,TRUE,2.54051237042847,791,TRUE
ENSMUSG00000109962,1700025L06Rik,24.0918887742187,9.8289099812215,109.120203578036,18,TRUE,2.53975459609047,792,TRUE
ENSMUSG00000087024,B230119M05Rik,3.95571703427324,0.455105848942644,27.5258171187838,4,TRUE,2.53963144742907,793,TRUE
ENSMUSG00000112466,Gm29674,3.79218840074546,0.951702450778477,17.6910848007532,7,TRUE,2.53800604965376,794,TRUE
ENSMUSG00000097157,Gm26512,5.38457643926899,2.06391459973734,21.803432595011,6,TRUE,2.53709159641517,795,TRUE
ENSMUSG00000026580,Selp,21.6219350633775,7.63101905126219,140.365567799884,15,TRUE,2.53687220541699,796,TRUE
ENSMUSG00000091405,Hist2h4,34.9349316918742,25.5270342209818,103.669455743002,26,TRUE,2.53669057571565,797,TRUE
ENSMUSG00000010307,Tmem86a,296.298686272763,228.680254792637,771.59240703866,36,TRUE,2.53334884831625,798,TRUE
ENSMUSG00000072945,Ripply1,3.58013295881125,0,20.6443628390878,5,TRUE,2.53173360500275,799,TRUE
ENSMUSG00000106447,Gm42957,8.88311938155489,10.1501137186269,21.803432595011,19,TRUE,2.53081489289651,800,TRUE
ENSMUSG00000058624,Gda,5.72247567614955,2.10808486255774,29.4919469129826,9,TRUE,2.5251263197489,801,TRUE
ENSMUSG00000044951,Mylk4,143.108843056558,73.839810227658,463.322942643984,35,TRUE,2.52394077920176,802,TRUE
ENSMUSG00000052133,Sema5b,5.24812901632467,1.96606693629487,27.7876891682274,8,TRUE,2.52270373319146,803,TRUE
ENSMUSG00000024798,Htr7,183.500850720773,176.300871270109,402.163315183786,35,TRUE,2.52021509939897,804,TRUE
ENSMUSG00000050164,Mchr1,18.5410747181514,16.5740231386338,50.0616433836908,23,TRUE,2.51771672143937,805,TRUE
ENSMUSG00000028337,Coro2a,60.7038618855687,46.0852653624103,195.72612566199,29,TRUE,2.51003877723567,806,TRUE
ENSMUSG00000065599,Mir23b,10.1496065923971,9.96071139891201,23.3815880920806,18,TRUE,2.50475031141444,807,TRUE
ENSMUSG00000075224,Lrrc55,50.9121680074783,20.1702778168719,251.728572224472,30,TRUE,2.50454157088304,808,TRUE
ENSMUSG00000032489,Kif9,35.6823185086862,36.6631099809053,73.7442520233726,28,TRUE,2.50209985579953,809,TRUE
ENSMUSG00000097516,4930467D21Rik,9.11287434913661,4.36201589313301,38.2812958656771,12,TRUE,2.50139837176328,810,TRUE
ENSMUSG00000038305,Spats2l,4.04200705168945,0.998354170980663,19.9864798787601,8,TRUE,2.49850493160379,811,TRUE
ENSMUSG00000086995,Gm13544,10.5787760996482,6.61805657732296,39.1115396338575,12,TRUE,2.49670137572708,812,TRUE
ENSMUSG00000094707,A830019P07Rik,80.1515333751692,63.5699197595078,227.562629290923,32,TRUE,2.49487591344979,813,TRUE
ENSMUSG00000098052,Gm5300,6.76016550062189,6.09136543077273,24.7451428686322,8,TRUE,2.49108543092997,814,TRUE
ENSMUSG00000019894,Slc6a15,14.8961841580573,7.89072689525548,47.6949142444561,17,TRUE,2.49089817873579,815,TRUE
ENSMUSG00000099964,Gm29514,16.8100000393122,18.3257523958209,40.246549578174,21,TRUE,2.48537963451961,816,TRUE
ENSMUSG00000105258,Gm40038,4.97247729806198,1.96100220687284,26.3458143856383,5,TRUE,2.484037569276,817,TRUE
ENSMUSG00000108015,Gm32591,4.96348355752975,1.94187812954028,27.2542907437638,7,TRUE,2.48332890125485,818,TRUE
ENSMUSG00000053909,Rhox10,3.29664158246482,0,26.5427522216844,5,TRUE,2.48263149673624,819,TRUE
ENSMUSG00000038259,Gdf5,3.84570545472901,0,34.4072713984797,4,TRUE,2.48241436224577,820,TRUE
ENSMUSG00000036334,Igsf10,948.386151469332,753.909167187715,2450.65289909704,36,TRUE,2.4817669745144,821,TRUE
ENSMUSG00000060913,Trim55,763.761017271362,515.231214235193,2305.28718369814,36,TRUE,2.48106932727212,822,TRUE
ENSMUSG00000041261,Car8,450.771603866533,286.548287423239,1364.00442852642,36,TRUE,2.4794861574763,823,TRUE
ENSMUSG00000069355,Gm5152,3.73754185828799,0,38.5618455593475,3,TRUE,2.47872753259992,824,TRUE
ENSMUSG00000113211,4921525O09Rik,30.3432700611748,27.9577826739699,76.8038845780849,24,TRUE,2.47761135166939,825,TRUE
ENSMUSG00000031880,Rrad,132.006559264213,61.4046134461787,540.780064177477,36,TRUE,2.47416370664465,826,TRUE
ENSMUSG00000100550,2310039L15Rik,3.71524823705049,0.962683821263467,19.9864798787601,7,TRUE,2.47303708042818,827,TRUE
ENSMUSG00000026748,Plxdc2,99.2586925891697,53.7851028674652,391.259829045569,36,TRUE,2.46998831875785,828,TRUE
ENSMUSG00000047307,Pcdhb13,9.3427685219043,7.46704528146284,28.99316923418,12,TRUE,2.46679143260444,829,TRUE
ENSMUSG00000022422,Dscc1,147.987591894377,69.0647692093463,429.811841973516,36,TRUE,2.46282712383184,830,TRUE
ENSMUSG00000087410,2310065F04Rik,3.30502359229982,0,23.5935575303861,5,TRUE,2.45605560481674,831,TRUE
ENSMUSG00000022686,B3gnt5,99.8173610894888,53.9531192992872,331.83482889228,34,TRUE,2.45530780230485,832,TRUE
ENSMUSG00000022758,P2rx6,166.534786687903,171.665726988517,408.860626506296,36,TRUE,2.45300179133249,833,TRUE
ENSMUSG00000079018,Ly6c1,602.398377574267,419.858378786458,1801.95795638324,36,TRUE,2.45140593885609,834,TRUE
ENSMUSG00000031884,Ces2d-ps,4.79217266971222,3.11078284448375,18.1688736869179,7,TRUE,2.44986080286962,835,TRUE
ENSMUSG00000030346,Rad51ap1,254.627130720811,153.672189133567,732.858901060833,36,TRUE,2.44965755194818,836,TRUE
ENSMUSG00000020241,Col6a2,8444.10314069865,6988.45357182626,25610.6305976243,36,TRUE,2.44909057763596,837,TRUE
ENSMUSG00000039488,Cntn5,5.94620227335805,3.03254954753161,25.4330712243669,10,TRUE,2.44393297019688,838,TRUE
ENSMUSG00000023826,Park2,5.04162312644996,2.22230659145953,29.4919469129826,5,TRUE,2.44147778880266,839,TRUE
ENSMUSG00000031712,Il15,114.731451620474,131.126120982645,229.13956330239,33,TRUE,2.44005592107647,840,TRUE
ENSMUSG00000069670,Nkain2,11.2116272709075,5.84476359808036,42.7187124305368,14,TRUE,2.43851990224141,841,TRUE
ENSMUSG00000096049,Gm2075,4.48447851893174,1.48576250012503,20.1935533341864,5,TRUE,2.4372948038945,842,TRUE
ENSMUSG00000035305,Ror1,123.999439841018,71.5485519351693,501.301248694208,36,TRUE,2.43378155617304,843,TRUE
ENSMUSG00000017417,Plxdc1,16.0750360640006,11.4199588102281,44.8926491367948,18,TRUE,2.43276210282879,844,TRUE
ENSMUSG00000006529,Itih1,3.69621336729872,0.866477505535301,21.1210682589734,7,TRUE,2.43008609110993,845,TRUE
ENSMUSG00000087098,Gm11884,39.6134996138397,38.150050566091,77.3679943202494,30,TRUE,2.4278253798752,846,TRUE
ENSMUSG00000038143,Stox2,7.73092832680344,3.64048804850549,35.2003856704718,10,TRUE,2.42669578927061,847,TRUE
ENSMUSG00000046157,Tmem229b,36.9426715460523,21.1937670262337,143.988743312398,26,TRUE,2.42470731435188,848,TRUE
ENSMUSG00000020098,Pcbd1,12.8339871509863,8.89012392922873,46.2040501636728,15,TRUE,2.42426841407354,849,TRUE
ENSMUSG00000027171,Prrg4,1280.9126946017,932.397378053185,4259.05436348898,36,TRUE,2.42185001923449,850,TRUE
ENSMUSG00000024827,Gldc,30.0834274839556,13.194590662915,108.10868661693,21,TRUE,2.4200414620766,851,TRUE
ENSMUSG00000068794,Col28a1,6.08310015294797,2.94093980299909,25.2428755271354,8,TRUE,2.41467154985223,852,TRUE
ENSMUSG00000035270,Impg2,14.6191671979035,14.8753148227772,33.2431826112784,24,TRUE,2.41159652312989,853,TRUE
ENSMUSG00000024388,Myo7b,6.41544208123,4.73319148746177,30.1526034533084,9,TRUE,2.41022209840849,854,TRUE
ENSMUSG00000024479,Mal2,3.88629585610292,0.948692184572796,25.4188734177941,6,TRUE,2.40913342106195,855,TRUE
ENSMUSG00000052726,Kcnt2,20.3701125641316,14.8222837432093,54.0560924467459,23,TRUE,2.40731913367975,856,TRUE
ENSMUSG00000109125,Gm45159,3.71105869556265,1.01401169605712,23.3011158712019,7,TRUE,2.40661801411795,857,TRUE
ENSMUSG00000042489,Clspn,905.790321473039,516.069574541407,2610.79956107784,36,TRUE,2.40641464147906,858,TRUE
ENSMUSG00000110350,Gm10252,9.8847725395765,3.98041709615713,48.8680124932929,9,TRUE,2.40626203336168,859,TRUE
ENSMUSG00000050157,Gm867,24.4409140808927,21.1005885027863,69.6544999375701,26,TRUE,2.40493012458537,860,TRUE
ENSMUSG00000054034,Tceal5,4.10746562942599,1.02726517806116,19.0780035206346,7,TRUE,2.40436200490803,861,TRUE
ENSMUSG00000075316,Scn9a,35.1359801397284,27.2287671029231,149.291061131231,26,TRUE,2.40375389694647,862,TRUE
ENSMUSG00000028125,Abca4,40.9234245976857,27.942084523844,121.51356251642,29,TRUE,2.40339272923632,863,TRUE
ENSMUSG00000067586,S1pr3,87.4957627940417,57.641346792327,266.174706346446,33,TRUE,2.40337009240298,864,TRUE
ENSMUSG00000049555,Tmie,28.1972802831306,22.7404109755131,77.6268724657076,24,TRUE,2.40307036950333,865,TRUE
ENSMUSG00000071552,Tigit,50.8515075582235,28.4951409493599,169.469163379238,31,TRUE,2.40296374920331,866,TRUE
ENSMUSG00000056643,Chst13,4.77856014812929,1.47898844994856,32.7051488925165,5,TRUE,2.40128097882618,867,TRUE
ENSMUSG00000081890,Gm11243,9.2644708678954,9.39838360628726,21.7943204886514,18,TRUE,2.40059851942171,868,TRUE
ENSMUSG00000022340,Sybu,32.5032876099804,17.5107855003129,120.889079471814,23,TRUE,2.40019806291434,869,TRUE
ENSMUSG00000024778,Fas,254.583916230095,190.540955366895,746.123488073335,36,TRUE,2.40014560139585,870,TRUE
ENSMUSG00000032358,Fam83b,86.2886407362829,61.8898933383349,325.391014858256,35,TRUE,2.39821614819366,871,TRUE
ENSMUSG00000034764,1700006J14Rik,29.5593173883572,18.5673987281436,140.618357857713,24,TRUE,2.39314853953941,872,TRUE
ENSMUSG00000108530,4930429H19Rik,3.99378898137549,2.41120943788413,17.0564247302489,4,TRUE,2.39289698766558,873,TRUE
ENSMUSG00000037035,Inhbb,1262.74902583855,672.150298007024,3550.26834980144,36,TRUE,2.3928043501655,874,TRUE
ENSMUSG00000024885,Aldh3b1,348.342245810051,236.569633814864,1325.34560046979,36,TRUE,2.38788946175826,875,TRUE
ENSMUSG00000048416,Mlf1,16.4014908748121,9.42942297624601,74.0793348903254,16,TRUE,2.38697659263065,876,TRUE
ENSMUSG00000031595,Pdgfrl,967.487072871625,785.991167833583,2530.82309508681,36,TRUE,2.38637653938413,877,TRUE
ENSMUSG00000040204,Pclaf,1043.84917319469,653.302850896581,2846.28749323189,36,TRUE,2.38624917081117,878,TRUE
ENSMUSG00000087006,Gm13889,13.6000282703069,7.91035137685123,49.1628346822484,13,TRUE,2.3861031495192,879,TRUE
ENSMUSG00000022548,Apod,24.9379838564948,14.1945469011882,104.645292737641,22,TRUE,2.3818484180221,880,TRUE
ENSMUSG00000021508,Cxcl14,3.33653610802103,0,34.5221016087674,4,TRUE,2.3787275960568,881,TRUE
ENSMUSG00000101445,Gm28932,3.33142568049769,0,33.6694868525961,3,TRUE,2.37768307559001,882,TRUE
ENSMUSG00000028718,Stil,636.264834842124,432.719474201456,1821.53980997444,36,TRUE,2.37548091136887,883,TRUE
ENSMUSG00000037411,Serpine1,2319.95670986361,1018.96445233591,8009.1553241667,36,TRUE,2.3739457118063,884,TRUE
ENSMUSG00000021448,Shc3,3.60912994616056,0.97604750917154,20.30638823832,5,TRUE,2.37281624944795,885,TRUE
ENSMUSG00000026610,Esrrg,9.09731698757759,6.52605468392987,42.3884520406116,12,TRUE,2.37187712288797,886,TRUE
ENSMUSG00000032492,Pth1r,25.8617080540575,14.7631030331934,104.855021420409,24,TRUE,2.37073807902764,887,TRUE
ENSMUSG00000015365,Mov10l1,3.92029236305138,1.01985316562318,27.3170024261719,5,TRUE,2.36681069138958,888,TRUE
ENSMUSG00000038151,Prdm1,6.83808033115077,3.02387860135864,27.186685800243,8,TRUE,2.36565774073067,889,TRUE
ENSMUSG00000030205,Gprc5d,13.3186259389186,8.47475954555216,54.5085814875275,16,TRUE,2.36533625676934,890,TRUE
ENSMUSG00000038527,C1rl,216.756553955867,167.063017732255,660.49199638325,36,TRUE,2.36456057927282,891,TRUE
ENSMUSG00000057604,Lmcd1,187.343067227906,163.421168916647,473.459473135566,35,TRUE,2.36231916797513,892,TRUE
ENSMUSG00000117666,ENSMUSG00000117666,8.38940198578706,2.87315024130323,32.5230048987058,9,TRUE,2.36173980226402,893,TRUE
ENSMUSG00000030745,Il21r,4.31394508613678,1.07716702995423,32.9687960315868,4,TRUE,2.36097787533756,894,TRUE
ENSMUSG00000075225,Ccdc162,42.1735489008359,21.6110590919254,174.427460760088,26,TRUE,2.35984861348879,895,TRUE
ENSMUSG00000102418,Sh2d1b1,8.69626513325303,5.74094472395376,31.9133861804738,12,TRUE,2.35720800085801,896,TRUE
ENSMUSG00000041380,Htr2c,3.98812317813133,1.89668233359285,17.675102049023,5,TRUE,2.35542008876877,897,TRUE
ENSMUSG00000110458,Gm21769,7.54837618530391,5.63806855827661,32.2212572447324,12,TRUE,2.35443692778956,898,TRUE
ENSMUSG00000051029,Serpinb1b,20.0180153168525,12.6636544625075,59.4079430449754,19,TRUE,2.3542820395932,899,TRUE
ENSMUSG00000045441,Gprin3,2031.93767235024,1711.47220145094,5621.60247491691,36,TRUE,2.3526967258903,900,TRUE
ENSMUSG00000032053,Pou2af1,3.60426767139831,0.929141244484063,25.4330712243669,5,TRUE,2.34595482491575,901,TRUE
ENSMUSG00000070348,Ccnd1,2039.08065053871,1367.19820283845,5511.68796227543,36,TRUE,2.34535545068606,902,TRUE
ENSMUSG00000063458,Lrmda,27.0293280574015,22.0016779445049,83.5412337813346,23,TRUE,2.34518647324412,903,TRUE
ENSMUSG00000034773,BC030867,107.612096722395,77.9009884319182,322.125741759157,35,TRUE,2.34295975230974,904,TRUE
ENSMUSG00000099528,2410012E07Rik,10.2075486466129,8.84497872780928,30.2220756834293,16,TRUE,2.34193410020659,905,TRUE
ENSMUSG00000022661,Cd200,1398.41175047947,1013.43803080161,3913.15791925343,36,TRUE,2.340683533544,906,TRUE
ENSMUSG00000002980,Bcam,117.640007130573,83.7158721276822,381.496068365504,35,TRUE,2.34020001072421,907,TRUE
ENSMUSG00000070799,Psg26,2.98022097538267,0,19.4175965593349,5,TRUE,2.3383150236221,908,TRUE
ENSMUSG00000115140,Gm32764,3.3137275966297,0,34.4072713984797,3,TRUE,2.33758992249162,909,TRUE
ENSMUSG00000063177,Klk1b27,4.82328960047509,2.91281719431042,19.3570868504331,8,TRUE,2.33755944350129,910,TRUE
ENSMUSG00000099465,Gm3830,19.5397346464202,13.0249856807367,69.9526795756603,23,TRUE,2.33718087568243,911,TRUE
ENSMUSG00000070802,Pnmal2,315.602074903062,226.264332815861,879.50331816598,36,TRUE,2.33650658765633,912,TRUE
ENSMUSG00000032401,Lctl,20.0756549478193,13.0584035830807,88.1222067381695,23,TRUE,2.32779417004659,913,TRUE
ENSMUSG00000108498,Gm45026,3.45164960379832,0.494139222724212,16.4535238228682,5,TRUE,2.3274534087232,914,TRUE
ENSMUSG00000069255,Dusp22,176.918738522538,166.290649961671,488.590223548774,35,TRUE,2.32638442882663,915,TRUE
ENSMUSG00000032561,Acpp,138.907657967949,141.224399823044,316.171086713937,35,TRUE,2.32382629682001,916,TRUE
ENSMUSG00000028328,Tmod1,137.703743236439,87.7912882365687,376.786240360992,35,TRUE,2.32314461503155,917,TRUE
ENSMUSG00000089965,Gm16236,6.53029166769108,2.72803208401612,28.3264881375824,10,TRUE,2.32204672920916,918,TRUE
ENSMUSG00000031789,Cngb1,28.1671569621295,19.248921963287,94.8677736448697,23,TRUE,2.31957628810245,919,TRUE
ENSMUSG00000031169,Porcn,813.781637216221,472.068710759172,3007.05674539527,36,TRUE,2.31657496055637,920,TRUE
ENSMUSG00000033762,Recql4,213.615205618934,106.341650523479,629.252210460346,36,TRUE,2.3133856444702,921,TRUE
ENSMUSG00000070385,Ampd1,6.03931561703899,2.13709719159298,39.9729597575202,5,TRUE,2.31295560923753,922,TRUE
ENSMUSG00000026532,Spta1,3.23114666148488,0,32.7051488925165,4,TRUE,2.31250499349706,923,TRUE
ENSMUSG00000055172,C1ra,481.038598551439,331.867869619713,1590.92457645866,36,TRUE,2.31011217824253,924,TRUE
ENSMUSG00000033213,AA467197,14.1284934121814,9.72407591165467,46.933847560629,17,TRUE,2.3094977732782,925,TRUE
ENSMUSG00000042436,Mfap4,4.76638149160233,1.94187812954028,32.2212572447324,5,TRUE,2.30936826745584,926,TRUE
ENSMUSG00000067279,Ppp1r3c,7.18799942180024,2.52261259435686,26.5427522216844,9,TRUE,2.30513372754334,927,TRUE
ENSMUSG00000025938,Slco5a1,60.6098868388938,38.8724595961278,221.361916212083,29,TRUE,2.30329633190494,928,TRUE
ENSMUSG00000021763,BC067074,29.0180988447754,21.9830116587203,78.7239816925371,22,TRUE,2.30264206929912,929,TRUE
ENSMUSG00000049436,Upk1b,3.75536001634304,0.944000094365863,28.5088820158832,4,TRUE,2.29867612597055,930,TRUE
ENSMUSG00000024420,Zfp521,72.3249498968453,46.3765900033245,251.992523744185,34,TRUE,2.29645030902773,931,TRUE
ENSMUSG00000016179,Camk1g,36.5752934052986,17.9604764842354,139.806695227211,27,TRUE,2.29595644557748,932,TRUE
ENSMUSG00000037610,Kcnmb2,11.2809567889136,8.02730481842895,35.9225536347696,16,TRUE,2.2959461727614,933,TRUE
ENSMUSG00000027520,Zdbf2,5.76413613877106,4.03866869226003,22.7418996403319,7,TRUE,2.29512956934846,934,TRUE
ENSMUSG00000110411,Gm45457,46.9080245581012,33.6638276970082,152.598427346202,30,TRUE,2.29343994828155,935,TRUE
ENSMUSG00000017446,C1qtnf1,824.789351037971,787.635604194942,1793.08969568022,36,TRUE,2.29251895555029,936,TRUE
ENSMUSG00000027544,Nfatc2,16.1996576675647,10.852121571619,47.8700792707106,19,TRUE,2.29166525770128,937,TRUE
ENSMUSG00000112327,Gm36827,2.86056849707737,0,22.6104926332867,4,TRUE,2.29143451542365,938,TRUE
ENSMUSG00000000303,Cdh1,11.9248600822842,8.40485972992656,39.9729597575202,15,TRUE,2.28978445709929,939,TRUE
ENSMUSG00000029375,Cxcl15,3.06198309657249,0,21.5110610447142,4,TRUE,2.2893871965845,940,TRUE
ENSMUSG00000099686,Gm29460,7.94798625805256,6.5593735025767,29.4919469129826,11,TRUE,2.28719525878538,941,TRUE
ENSMUSG00000049929,Lpar4,466.431398927947,332.451786604552,1435.21828638067,36,TRUE,2.2842257395661,942,TRUE
ENSMUSG00000024791,Cdca5,227.13592984775,127.764320843867,713.610160022287,36,TRUE,2.28084578460641,943,TRUE
ENSMUSG00000105802,Gm43012,18.4837079117894,17.2228341718613,47.3249715782008,26,TRUE,2.2802913837428,944,TRUE
ENSMUSG00000035683,Melk,612.091210076815,440.227563079231,1568.85824301977,36,TRUE,2.27913459521346,945,TRUE
ENSMUSG00000004473,Clec11a,15.9595295506951,10.8038160172251,53.3100208499438,19,TRUE,2.27661068590287,946,TRUE
ENSMUSG00000056755,Grm7,5.12200476737127,3.96071643047845,21.5113467986216,7,TRUE,2.27544916588719,947,TRUE
ENSMUSG00000041859,Mcm3,1365.17204314165,808.880216991259,3791.70919556754,36,TRUE,2.27368025161604,948,TRUE
ENSMUSG00000113942,Gm18632,18.1887933841743,18.4595778160921,42.512743861445,23,TRUE,2.27186885101975,949,TRUE
ENSMUSG00000028707,Dmbx1,107.861875233901,62.2691631162303,428.836126800116,34,TRUE,2.27179640863728,950,TRUE
ENSMUSG00000032322,Pstpip1,67.1856446444878,23.0486303597583,328.868441641416,35,TRUE,2.26903215542874,951,TRUE
ENSMUSG00000086755,Gm11216,19.9350575818568,16.588443657558,64.9462662052168,19,TRUE,2.2682625645392,952,TRUE
ENSMUSG00000047696,Ccdc144b,3.26757662217721,0,26.3458143856383,3,TRUE,2.26724913988732,953,TRUE
ENSMUSG00000055421,Pcdh9,4.61035960736334,3.44878857208169,15.8994799026148,7,TRUE,2.26656212275125,954,TRUE
ENSMUSG00000001508,Sgca,180.978355529158,105.377364332084,647.743643343452,36,TRUE,2.26558969199267,955,TRUE
ENSMUSG00000005320,Fgfr4,99.2044407358049,103.660244838961,197.139369713225,32,TRUE,2.26506651362996,956,TRUE
ENSMUSG00000045083,Lingo2,89.8162737603722,46.0685833893517,349.354302079711,34,TRUE,2.26293700104884,957,TRUE
ENSMUSG00000038623,Tm6sf1,8.70183030276246,4.59529200824285,48.9624764185291,11,TRUE,2.26183620592813,958,TRUE
ENSMUSG00000058290,Espl1,834.055462026853,555.889486414225,2373.02731237394,36,TRUE,2.26095784807379,959,TRUE
ENSMUSG00000040624,Plekhg1,15.623108801453,12.2749981738972,48.596162747142,19,TRUE,2.26041051891416,960,TRUE
ENSMUSG00000068551,Zfp467,17.1833240455093,15.6126998286556,37.2558286892219,24,TRUE,2.25846268572057,961,TRUE
ENSMUSG00000045273,Cenph,230.707293180115,144.648733570668,658.509573583735,36,TRUE,2.25772983765221,962,TRUE
ENSMUSG00000021697,Depdc1b,144.275709574829,89.2982822296365,470.416186491751,36,TRUE,2.25762323560087,963,TRUE
ENSMUSG00000046634,Pkd1l1,9.93290353238445,8.19195898585485,27.5194652456161,17,TRUE,2.25696173260075,964,TRUE
ENSMUSG00000024084,Qpct,127.862916105713,122.137230058505,288.984400913694,36,TRUE,2.25581286804791,965,TRUE
ENSMUSG00000053702,Nebl,77.8109999985184,49.6267989274973,397.920033937782,34,TRUE,2.25431693834324,966,TRUE
ENSMUSG00000116760,ENSMUSG00000116760,4.39587153541215,2.12532173087321,20.1610197017473,5,TRUE,2.25270622457913,967,TRUE
ENSMUSG00000112276,5033421B08Rik,8.28081670925513,7.323452467569,27.669767313087,13,TRUE,2.25040483881184,968,TRUE
ENSMUSG00000009394,Syn2,27.1880942642708,19.3562638395924,97.2069703194241,24,TRUE,2.24959785384384,969,TRUE
ENSMUSG00000104213,Ighd,2.64475095012423,0,27.5258171187838,5,TRUE,2.24863694826204,970,TRUE
ENSMUSG00000036223,Ska1,211.95265944095,136.71621841095,572.923006821822,36,TRUE,2.247825789341,971,TRUE
ENSMUSG00000038248,Sobp,435.708568661236,287.791207641766,1210.57384652244,36,TRUE,2.24637462567852,972,TRUE
ENSMUSG00000028613,Lrp8,1088.21340046947,762.207120014887,2706.80837402445,36,TRUE,2.24563371892799,973,TRUE
ENSMUSG00000077345,Snord70,6.71504298627364,3.875674096145,28.0135855070607,9,TRUE,2.24443906024614,974,TRUE
ENSMUSG00000029019,Nppb,11.2622334946335,6.97918599816504,34.3115832399716,14,TRUE,2.24431957816169,975,TRUE
ENSMUSG00000055373,Fut9,38.0598477967751,27.7986313327674,147.643782426544,28,TRUE,2.24300687711744,976,TRUE
ENSMUSG00000056271,Lman1l,49.3137886054593,49.7703319505743,128.650838040035,31,TRUE,2.24062092499468,977,TRUE
ENSMUSG00000037991,Rmi2,24.3282716736267,14.2588412682926,87.1507882342612,21,TRUE,2.23772369687721,978,TRUE
ENSMUSG00000085057,Gm13415,42.6611497195822,30.970865378633,147.242690344642,27,TRUE,2.23415273233112,979,TRUE
ENSMUSG00000089748,Matr3-ps2,2.84303032672929,0,17.0964939143718,3,TRUE,2.23237755994789,980,TRUE
ENSMUSG00000038354,Ankrd35,42.6284496516607,49.4081987831487,89.7756111588884,28,TRUE,2.23056522764212,981,TRUE
ENSMUSG00000028354,Fmn2,8.49353339608287,6.3171078275458,33.2281715336303,12,TRUE,2.22930874237411,982,TRUE
ENSMUSG00000086825,Gm15675,16.492416390233,11.7416550040548,54.6340048523438,19,TRUE,2.22860741180819,983,TRUE
ENSMUSG00000022512,Cldn1,5.50157723227107,2.25207185179891,34.5872091413588,5,TRUE,2.2285272006568,984,TRUE
ENSMUSG00000034949,Zfr2,24.8411820898676,18.3808872315644,78.1289667987894,26,TRUE,2.22264143834391,985,TRUE
ENSMUSG00000117197,ENSMUSG00000117197,2.80915545665201,0,23.5935575303861,3,TRUE,2.22254097756943,986,TRUE
ENSMUSG00000031661,Nkd1,2.94294623926127,0,29.9284327578632,3,TRUE,2.22179846906651,987,TRUE
ENSMUSG00000005089,Slc1a2,5.6543104409621,1.48712388188992,34.2002328224337,6,TRUE,2.22079230144973,988,TRUE
ENSMUSG00000017716,Birc5,866.690174733567,588.352061438863,2259.45132675289,36,TRUE,2.22075097342118,989,TRUE
ENSMUSG00000051220,Ercc6l,639.083026277077,419.97796156086,1793.12581850966,36,TRUE,2.21842609490842,990,TRUE
ENSMUSG00000061859,Patj,448.366936311636,249.924449233056,1445.3858857776,36,TRUE,2.21828389937327,991,TRUE
ENSMUSG00000103586,5830405F06Rik,5.36933776432004,3.63737611202149,22.2415142405698,8,TRUE,2.21650209860195,992,TRUE
ENSMUSG00000085440,Sorbs2os,16.3372943049907,9.12499082124219,58.1424869200294,17,TRUE,2.21591112589691,993,TRUE
ENSMUSG00000059588,Calcrl,252.44895242003,107.504061710851,865.821632944912,36,TRUE,2.21443378693032,994,TRUE
ENSMUSG00000038295,Atg9b,117.372714834243,96.5994661303139,345.032755504708,34,TRUE,2.21166316133961,995,TRUE
ENSMUSG00000021806,Nid2,4679.22119222187,3498.84765234972,13076.2452682024,36,TRUE,2.20981396226768,996,TRUE
ENSMUSG00000029591,Ung,84.6871018480726,36.9055758877187,264.380555950769,34,TRUE,2.20819723771601,997,TRUE
ENSMUSG00000114963,Gm29010,4.4835421617641,1.4802311654799,18.3892325079115,6,TRUE,2.20515477696064,998,TRUE
ENSMUSG00000104465,BC002189,32.4502085684446,23.6107900971885,96.6530734714106,26,TRUE,2.20301177883554,999,TRUE
ENSMUSG00000050069,Grem2,85.2961004979449,87.5636967153719,249.640863299517,31,TRUE,2.20181406580276,1000,TRUE
