ensembl_gene_id,symbol,trajectory_direction,average_post_log2FC,average_post_fdr
ENSMUSG00000040152,Thbs1,higher,1.58957862629874,0.0000000000000000000000000000000000000000000000000000000000000000000000105008833078236
ENSMUSG00000027559,Car3,higher,3.25565199422609,0.00000000000000000000000000000000000000000000000000000000000000000347090913958549
ENSMUSG00000021803,Cdhr1,higher,3.64168206173403,0.000000000000000000000000000000000000000000000000000000000000000471334942538119
ENSMUSG00000047139,Cd24a,higher,3.88622204708571,0.000000000000000000000000000000000000000000000000000000000000000799175347550371
ENSMUSG00000026185,Igfbp5,lower,-1.42083232551627,0.00000000000000000000000000000000000000000000000000000000000000139346603211572
ENSMUSG00000001119,Col6a1,higher,1.65755521472228,0.00000000000000000000000000000000000000000000000000000000000000169624323064687
ENSMUSG00000029661,Col1a2,higher,1.1531455039159,0.00000000000000000000000000000000000000000000000000000000000000327071952408859
ENSMUSG00000026042,Col5a2,higher,1.14303039925605,0.00000000000000000000000000000000000000000000000000000000000000488864767068851
ENSMUSG00000032332,Col12a1,higher,2.38796824767989,0.0000000000000000000000000000000000000000000000000000000000000402833367735725
ENSMUSG00000031596,Slc7a2,higher,2.23338944286155,0.000000000000000000000000000000000000000000000000000000000000943259583689267
ENSMUSG00000058297,Spock2,higher,1.97172735453425,0.00000000000000000000000000000000000000000000000000000000000579756277209577
ENSMUSG00000070867,Trabd2b,higher,2.70613952043215,0.0000000000000000000000000000000000000000000000000000000000111028119698485
ENSMUSG00000020473,Aebp1,higher,1.40216115139485,0.0000000000000000000000000000000000000000000000000000000000585252720596292
ENSMUSG00000068196,Col8a1,higher,1.60661963457265,0.0000000000000000000000000000000000000000000000000000000000991161911179621
ENSMUSG00000045441,Gprin3,higher,2.08230962328539,0.000000000000000000000000000000000000000000000000000000000170006748141853
ENSMUSG00000044033,Ccdc141,lower,-1.90220977419679,0.000000000000000000000000000000000000000000000000000000000170006748141853
ENSMUSG00000004317,Clcn5,lower,-1.43778461389658,0.000000000000000000000000000000000000000000000000000000000204589724277789
ENSMUSG00000020241,Col6a2,higher,1.56813875903353,0.000000000000000000000000000000000000000000000000000000000282188046028741
ENSMUSG00000031561,Tenm3,higher,1.32712204306696,0.000000000000000000000000000000000000000000000000000000000311068070689047
ENSMUSG00000016918,Sulf1,lower,-2.0202013317488,0.000000000000000000000000000000000000000000000000000000000635123616014102
ENSMUSG00000054555,Adam12,higher,1.92860740822533,0.000000000000000000000000000000000000000000000000000000000954480290930922
ENSMUSG00000019577,Pdk4,higher,2.08009231976543,0.00000000000000000000000000000000000000000000000000000000131088542860272
ENSMUSG00000032625,Thsd7a,higher,1.59437698994625,0.00000000000000000000000000000000000000000000000000000000131088542860272
ENSMUSG00000046743,Fat4,higher,2.13116638193423,0.00000000000000000000000000000000000000000000000000000000186394022160462
ENSMUSG00000024529,Lox,higher,1.16681303164949,0.00000000000000000000000000000000000000000000000000000000216136760653702
ENSMUSG00000027171,Prrg4,lower,-2.30670775103701,0.00000000000000000000000000000000000000000000000000000000669361322723054
ENSMUSG00000028780,Sema3c,lower,-2.49498144830192,0.0000000000000000000000000000000000000000000000000000000121778334751839
ENSMUSG00000062991,Nrg1,higher,2.03883491924685,0.0000000000000000000000000000000000000000000000000000000169737971097489
ENSMUSG00000053580,Tanc2,lower,-1.52327601928147,0.0000000000000000000000000000000000000000000000000000000270631772512379
ENSMUSG00000040209,Zfp704,lower,-2.14283234366814,0.0000000000000000000000000000000000000000000000000000000336607107316838
ENSMUSG00000028381,Ugcg,lower,-1.23419363001972,0.0000000000000000000000000000000000000000000000000000000451277290741128
ENSMUSG00000025701,Alox5,lower,-1.92516055263629,0.0000000000000000000000000000000000000000000000000000000989340866311209
ENSMUSG00000021806,Nid2,higher,1.31130489726659,0.00000000000000000000000000000000000000000000000000000311419076388836
ENSMUSG00000068587,Mgam,lower,-2.58297035241113,0.00000000000000000000000000000000000000000000000000000392084676272545
ENSMUSG00000021253,Tgfb3,higher,1.27133276120983,0.0000000000000000000000000000000000000000000000000000098831080595217
ENSMUSG00000019943,Atp2b1,lower,-1.0975058657679,0.0000000000000000000000000000000000000000000000000000115836307065291
ENSMUSG00000061353,Cxcl12,higher,1.39077652706485,0.0000000000000000000000000000000000000000000000000000129809335523123
ENSMUSG00000027199,Gatm,lower,-1.47259149257637,0.0000000000000000000000000000000000000000000000000000173449825885546
ENSMUSG00000019647,Sema6a,lower,-1.57687496921676,0.0000000000000000000000000000000000000000000000000000315942823932555
ENSMUSG00000031626,Sorbs2,lower,-1.64016733496462,0.0000000000000000000000000000000000000000000000000000350308732715318
ENSMUSG00000029126,Nsg1,higher,1.65752193817776,0.0000000000000000000000000000000000000000000000000000358730199391527
ENSMUSG00000045636,Mtus1,higher,1.55143024499455,0.0000000000000000000000000000000000000000000000000000358730199391527
ENSMUSG00000007655,Cav1,higher,1.23401094387769,0.0000000000000000000000000000000000000000000000000000500173182602834
ENSMUSG00000013846,St3gal1,lower,-1.33276845676461,0.0000000000000000000000000000000000000000000000000000698091925614646
ENSMUSG00000037852,Cpe,higher,1.19204523401497,0.000000000000000000000000000000000000000000000000000138081931811936
ENSMUSG00000035131,Brinp3,higher,1.18747554586497,0.000000000000000000000000000000000000000000000000000172132421908288
ENSMUSG00000059921,Unc5c,higher,1.30820459689732,0.000000000000000000000000000000000000000000000000000263594316488233
ENSMUSG00000027848,Olfml3,higher,1.38100267901313,0.000000000000000000000000000000000000000000000000000951904690320096
ENSMUSG00000055013,Agap1,lower,-1.26484633902873,0.00000000000000000000000000000000000000000000000000142474400718671
ENSMUSG00000070469,Adamtsl3,higher,1.76981654527788,0.000000000000000000000000000000000000000000000000001846863191145
ENSMUSG00000040998,Npnt,lower,-1.16327688051549,0.0000000000000000000000000000000000000000000000000018635438279716
ENSMUSG00000097789,Gm2115,higher,1.64068458300966,0.00000000000000000000000000000000000000000000000000187777466500113
ENSMUSG00000046807,Lrrc75b,higher,2.28782485681738,0.00000000000000000000000000000000000000000000000000264624158457979
ENSMUSG00000036545,Adamts2,higher,1.85903526506772,0.00000000000000000000000000000000000000000000000000319895952754008
ENSMUSG00000049929,Lpar4,higher,2.90284907478081,0.00000000000000000000000000000000000000000000000000336341359529017
ENSMUSG00000024620,Pdgfrb,higher,1.38207339244618,0.00000000000000000000000000000000000000000000000000356457007715413
ENSMUSG00000020186,Csrp2,higher,1.30826866266321,0.00000000000000000000000000000000000000000000000000645236306673858
ENSMUSG00000022377,Asap1,higher,1.0137803126049,0.00000000000000000000000000000000000000000000000000706126121565871
ENSMUSG00000020142,Slc1a4,higher,1.30888144098188,0.0000000000000000000000000000000000000000000000000075954511978239
ENSMUSG00000051375,Pcdh1,lower,-2.03880418249565,0.00000000000000000000000000000000000000000000000000937403162620779
ENSMUSG00000018166,Erbb3,lower,-2.44130681693547,0.00000000000000000000000000000000000000000000000000997855824159164
ENSMUSG00000014329,Bicc1,higher,1.55616505044345,0.0000000000000000000000000000000000000000000000000103208928373554
ENSMUSG00000021822,Plau,lower,-1.43374508550911,0.0000000000000000000000000000000000000000000000000131616797307522
ENSMUSG00000056870,Gulp1,higher,1.62234233565163,0.0000000000000000000000000000000000000000000000000172025884850188
ENSMUSG00000031740,Mmp2,higher,1.06506006514449,0.0000000000000000000000000000000000000000000000000198827888273573
ENSMUSG00000064080,Fbln2,higher,1.04177578378429,0.0000000000000000000000000000000000000000000000000326037229114713
ENSMUSG00000075254,Heg1,lower,-1.07942165079983,0.0000000000000000000000000000000000000000000000000425807597036749
ENSMUSG00000022661,Cd200,lower,-1.88337017162347,0.0000000000000000000000000000000000000000000000000477835251261275
ENSMUSG00000020846,Rflnb,higher,1.47399906515173,0.000000000000000000000000000000000000000000000000106246314915185
ENSMUSG00000024074,Crim1,higher,1.32787549766168,0.000000000000000000000000000000000000000000000000115135679444856
ENSMUSG00000024381,Bin1,lower,-1.03772320138659,0.000000000000000000000000000000000000000000000000164883475682995
ENSMUSG00000054263,Lifr,higher,1.08635510078838,0.000000000000000000000000000000000000000000000000178446838369126
ENSMUSG00000027111,Itga6,lower,-1.36582606074035,0.000000000000000000000000000000000000000000000000285229773167182
ENSMUSG00000075602,Ly6a,lower,-1.25342157454934,0.000000000000000000000000000000000000000000000000517494340016794
ENSMUSG00000003032,Klf4,lower,-1.5175203922242,0.00000000000000000000000000000000000000000000000077572628228376
ENSMUSG00000019256,Ahr,higher,1.41740919855824,0.000000000000000000000000000000000000000000000000928498881730689
ENSMUSG00000033282,Rpgrip1l,higher,1.1405325916848,0.00000000000000000000000000000000000000000000000110284550220102
ENSMUSG00000031290,Lrch2,higher,1.32985832249592,0.00000000000000000000000000000000000000000000000112552250502362
ENSMUSG00000037185,Krt80,lower,-1.86637069629643,0.00000000000000000000000000000000000000000000000138316518671828
ENSMUSG00000030616,Sytl2,lower,-1.1925810132699,0.00000000000000000000000000000000000000000000000175190996980707
ENSMUSG00000015222,Map2,lower,-1.92284992384178,0.00000000000000000000000000000000000000000000000186799433201523
ENSMUSG00000022297,Fzd6,higher,1.25504181117746,0.00000000000000000000000000000000000000000000000264569530305726
ENSMUSG00000067276,Capn6,higher,1.39265025397678,0.00000000000000000000000000000000000000000000000418635427796462
ENSMUSG00000058571,Gpc6,higher,1.63771076049953,0.00000000000000000000000000000000000000000000000547733807795035
ENSMUSG00000012889,Podnl1,higher,1.68347541156923,0.00000000000000000000000000000000000000000000000553660273194211
ENSMUSG00000040274,Cdk6,lower,-1.05309965012469,0.00000000000000000000000000000000000000000000000594193499032049
ENSMUSG00000031391,L1cam,lower,-2.09887675311097,0.00000000000000000000000000000000000000000000000674058016628795
ENSMUSG00000039384,Dusp10,lower,-1.44905673585359,0.00000000000000000000000000000000000000000000000853601825556639
ENSMUSG00000007872,Id3,higher,2.22957133482758,0.000000000000000000000000000000000000000000000018847943167459
ENSMUSG00000039137,Whrn,higher,1.83566159867419,0.0000000000000000000000000000000000000000000000191069213903665
ENSMUSG00000005087,Cd44,lower,-1.32220174717846,0.0000000000000000000000000000000000000000000000191069213903665
ENSMUSG00000051048,P4ha3,higher,1.93473950996566,0.0000000000000000000000000000000000000000000000326224952730458
ENSMUSG00000027995,Tlr2,higher,2.32487647965916,0.0000000000000000000000000000000000000000000000351057338195042
ENSMUSG00000037902,Sirpa,lower,-2.27947246248763,0.0000000000000000000000000000000000000000000000360530902636057
ENSMUSG00000027894,Slc6a17,higher,2.49191641275247,0.000000000000000000000000000000000000000000000036683522337452
ENSMUSG00000061603,Akap6,lower,-1.48217286480054,0.0000000000000000000000000000000000000000000000400451740447698
ENSMUSG00000017144,Rnd3,higher,1.13243842736019,0.0000000000000000000000000000000000000000000000412986730054704
ENSMUSG00000002847,Pla1a,lower,-1.76392219383656,0.0000000000000000000000000000000000000000000000762912136207621
ENSMUSG00000024521,Pmaip1,lower,-1.89924525486105,0.0000000000000000000000000000000000000000000000952365268096413
ENSMUSG00000031636,Pdlim3,lower,-1.94341183285385,0.000000000000000000000000000000000000000000000104697008910753
ENSMUSG00000003518,Dusp3,lower,-1.04875061362359,0.000000000000000000000000000000000000000000000109173542889884
ENSMUSG00000039376,Synpo2l,lower,-1.6449316366109,0.000000000000000000000000000000000000000000000135966264503755
ENSMUSG00000019843,Fyn,lower,-1.08472066967648,0.000000000000000000000000000000000000000000000136308366439471
ENSMUSG00000038264,Sema7a,lower,-1.86305244297062,0.000000000000000000000000000000000000000000000161370865224805
ENSMUSG00000031595,Pdgfrl,higher,1.75106022174939,0.000000000000000000000000000000000000000000000161370865224805
ENSMUSG00000060913,Trim55,lower,-1.93689142462253,0.000000000000000000000000000000000000000000000193648312149658
ENSMUSG00000010461,Eya4,higher,1.10774636945094,0.00000000000000000000000000000000000000000000019899261006726
ENSMUSG00000075122,Cd80,lower,-1.20572778966937,0.000000000000000000000000000000000000000000000248611543284045
ENSMUSG00000044674,Fzd1,higher,1.0278854692408,0.00000000000000000000000000000000000000000000026067094268257
ENSMUSG00000022206,Npr3,higher,3.90349081001676,0.000000000000000000000000000000000000000000000261280892317987
ENSMUSG00000005583,Mef2c,lower,-2.13543858593175,0.000000000000000000000000000000000000000000000285397328370105
ENSMUSG00000039239,Tgfb2,higher,1.44704069520194,0.000000000000000000000000000000000000000000000306110188625891
ENSMUSG00000020023,Tmcc3,lower,-1.55844438508283,0.000000000000000000000000000000000000000000000600321557005102
ENSMUSG00000006800,Sulf2,higher,1.46024208655594,0.00000000000000000000000000000000000000000000069129469864501
ENSMUSG00000041189,Chrnb1,lower,-1.2230510413283,0.000000000000000000000000000000000000000000000801299342121054
ENSMUSG00000001506,Col1a1,higher,2.1819682363017,0.000000000000000000000000000000000000000000000905224863468447
ENSMUSG00000027996,Sfrp2,higher,6.31513128355038,0.00000000000000000000000000000000000000000000135139010665196
ENSMUSG00000019899,Lama2,lower,-1.33083627556728,0.00000000000000000000000000000000000000000000135139010665196
ENSMUSG00000021466,Ptch1,higher,1.22738254738515,0.00000000000000000000000000000000000000000000180305208582077
ENSMUSG00000000031,H19,lower,-1.95990393180489,0.00000000000000000000000000000000000000000000191033694616125
ENSMUSG00000055044,Pdlim1,lower,-1.20339360290845,0.00000000000000000000000000000000000000000000559253982349319
ENSMUSG00000059588,Calcrl,lower,-2.94517799412488,0.00000000000000000000000000000000000000000000572855035899997
ENSMUSG00000040124,Gorab,higher,1.37815292112524,0.00000000000000000000000000000000000000000000641686807534807
ENSMUSG00000037031,Tspan15,lower,-1.21942505158225,0.00000000000000000000000000000000000000000000884998899337653
ENSMUSG00000016494,Cd34,higher,1.160578761766,0.00000000000000000000000000000000000000000000959865626427195
ENSMUSG00000039474,Wfs1,lower,-1.49395511760421,0.0000000000000000000000000000000000000000000128830785876136
ENSMUSG00000006435,Neurl1a,lower,-1.639947623822,0.0000000000000000000000000000000000000000000134421855124376
ENSMUSG00000055723,Rras2,lower,-1.10516919521052,0.000000000000000000000000000000000000000000015840578686408
ENSMUSG00000025582,Nptx1,lower,-2.45103195904484,0.0000000000000000000000000000000000000000000208460717345691
ENSMUSG00000034981,Parm1,higher,4.19314333775065,0.0000000000000000000000000000000000000000000208762370296316
ENSMUSG00000063632,Sox11,lower,-1.04534531892553,0.0000000000000000000000000000000000000000000218131958198142
ENSMUSG00000027276,Jag1,higher,1.424085615364,0.0000000000000000000000000000000000000000000250033974432319
ENSMUSG00000060429,Sntb1,lower,-2.15100052167746,0.0000000000000000000000000000000000000000000256566473681198
ENSMUSG00000055301,Adh7,higher,1.30999379328456,0.0000000000000000000000000000000000000000000280695966136726
ENSMUSG00000039831,Arhgap29,lower,-1.82281292432646,0.0000000000000000000000000000000000000000000302977907935187
ENSMUSG00000031558,Slit2,higher,1.07499182039123,0.0000000000000000000000000000000000000000000341333447397152
ENSMUSG00000028664,Ephb2,higher,1.5543221970668,0.0000000000000000000000000000000000000000000368736438799903
ENSMUSG00000002266,Zim1,lower,-1.25973299005212,0.0000000000000000000000000000000000000000000847650378652447
ENSMUSG00000020181,Nav3,higher,1.23857410167635,0.0000000000000000000000000000000000000000000882780257476724
ENSMUSG00000024789,Jak2,higher,1.12416526375556,0.0000000000000000000000000000000000000000000882780257476724
ENSMUSG00000024063,Lbh,lower,-1.33993438887981,0.0000000000000000000000000000000000000000000886742327292813
ENSMUSG00000030592,Ryr1,lower,-2.02323619689124,0.000000000000000000000000000000000000000000114447607534952
ENSMUSG00000039081,Zfp503,higher,1.54310637684566,0.000000000000000000000000000000000000000000130735156836023
ENSMUSG00000001864,Aif1l,lower,-1.06871804317959,0.000000000000000000000000000000000000000000291687020315765
ENSMUSG00000022996,Wnt10b,higher,1.2290349783479,0.000000000000000000000000000000000000000000363555121689332
ENSMUSG00000030465,Psd3,lower,-1.57537437284606,0.00000000000000000000000000000000000000000036608328829174
ENSMUSG00000042834,Nrep,higher,2.88054951719434,0.000000000000000000000000000000000000000000590344635833467
ENSMUSG00000031284,Pak3,higher,1.33024232896753,0.000000000000000000000000000000000000000000652249752850733
ENSMUSG00000036053,Fmnl2,higher,1.16380388531915,0.0000000000000000000000000000000000000000007688498438213
ENSMUSG00000061859,Patj,lower,-2.38040399476344,0.000000000000000000000000000000000000000000878610254159299
ENSMUSG00000034165,Ccnd3,lower,-1.19736682545762,0.00000000000000000000000000000000000000000110565835124308
ENSMUSG00000014846,Tppp3,lower,-1.61770390359054,0.00000000000000000000000000000000000000000122494775694005
ENSMUSG00000004885,Crabp2,higher,1.16736386448422,0.00000000000000000000000000000000000000000129960096524146
ENSMUSG00000038248,Sobp,higher,2.33331466208203,0.00000000000000000000000000000000000000000131455164596963
ENSMUSG00000045954,Cavin2,lower,-1.21105230454391,0.00000000000000000000000000000000000000000170465704907107
ENSMUSG00000055489,Ano5,lower,-3.31295747915373,0.0000000000000000000000000000000000000000017063676067485
ENSMUSG00000052942,Glis3,higher,1.3666296727134,0.0000000000000000000000000000000000000000017063676067485
ENSMUSG00000026414,Tnnt2,lower,-1.57162197732549,0.00000000000000000000000000000000000000000201610501203715
ENSMUSG00000057378,Ryr3,higher,1.56904587795998,0.00000000000000000000000000000000000000000233066703228469
ENSMUSG00000040181,Fmo1,higher,1.63907574719048,0.00000000000000000000000000000000000000000337940786337538
ENSMUSG00000044337,Ackr3,lower,-1.66032293701916,0.0000000000000000000000000000000000000000034406496926632
ENSMUSG00000071856,Mcc,higher,1.47511491952563,0.00000000000000000000000000000000000000000452567716222751
ENSMUSG00000025185,Loxl4,higher,1.49841254192262,0.00000000000000000000000000000000000000000521430588520414
ENSMUSG00000000567,Sox9,lower,-1.22961505542697,0.00000000000000000000000000000000000000000595823255937498
ENSMUSG00000079018,Ly6c1,lower,-1.63491093028004,0.00000000000000000000000000000000000000000728569925532743
ENSMUSG00000102692,Dchs2,higher,2.89133825012724,0.00000000000000000000000000000000000000000830981811854045
ENSMUSG00000079685,Ulbp1,lower,-1.09811238458824,0.000000000000000000000000000000000000000010177042054771
ENSMUSG00000021338,Carmil1,higher,1.16675076245889,0.0000000000000000000000000000000000000000135034543568405
ENSMUSG00000043259,Fam13c,lower,-1.74423190734297,0.0000000000000000000000000000000000000000153146555557059
ENSMUSG00000041261,Car8,higher,1.71541892503385,0.0000000000000000000000000000000000000000155515227003064
ENSMUSG00000037379,Spon2,higher,1.66947309617138,0.0000000000000000000000000000000000000000213075264782249
ENSMUSG00000023886,Smoc2,higher,1.9151393197076,0.0000000000000000000000000000000000000000237497070087717
ENSMUSG00000020105,Lrig3,higher,1.18702524449989,0.0000000000000000000000000000000000000000359708847805876
ENSMUSG00000053007,Creb5,lower,-1.50393063502171,0.0000000000000000000000000000000000000000376620402991443
ENSMUSG00000071713,Csf2rb,higher,3.38020415275203,0.0000000000000000000000000000000000000000413469340007564
ENSMUSG00000018983,E2f2,lower,-1.51215610386385,0.0000000000000000000000000000000000000000458555128464046
ENSMUSG00000023868,Pde10a,lower,-2.10210782162063,0.0000000000000000000000000000000000000000491135468814852
ENSMUSG00000048482,Bdnf,higher,1.35801104464702,0.0000000000000000000000000000000000000000652851546410389
ENSMUSG00000037892,Pcdh18,higher,1.35921878861301,0.000000000000000000000000000000000000000068268252903103
ENSMUSG00000092035,Peg10,higher,2.15644986607181,0.0000000000000000000000000000000000000000862422506393916
ENSMUSG00000063873,Slc24a3,higher,2.24698745323075,0.0000000000000000000000000000000000000000872446916520766
ENSMUSG00000021186,Fbln5,higher,1.39039742998835,0.0000000000000000000000000000000000000000887785400072161
ENSMUSG00000022883,Robo1,lower,-1.35781224419539,0.000000000000000000000000000000000000000138948501435737
ENSMUSG00000019539,Rcn3,higher,1.28439929204602,0.000000000000000000000000000000000000000192280446636078
ENSMUSG00000074934,Grem1,lower,-1.09498156749541,0.000000000000000000000000000000000000000233573567080227
ENSMUSG00000031613,Hpgd,higher,3.41168312152864,0.000000000000000000000000000000000000000300786229174498
ENSMUSG00000058254,Tspan7,lower,-2.21921852810685,0.000000000000000000000000000000000000000393959637666069
ENSMUSG00000041117,Ccdc8,lower,-1.18703052322177,0.000000000000000000000000000000000000000458010278906351
ENSMUSG00000022479,Vdr,higher,1.07810057286793,0.000000000000000000000000000000000000000657738470212746
ENSMUSG00000007989,Fzd3,lower,-1.27568415492221,0.000000000000000000000000000000000000000693107822229546
ENSMUSG00000042363,Lgalsl,higher,1.68264634981066,0.000000000000000000000000000000000000000786927153660213
ENSMUSG00000019846,Lama4,higher,3.24892504294795,0.000000000000000000000000000000000000000822221519521364
ENSMUSG00000027330,Cdc25b,lower,-1.0340510125418,0.00000000000000000000000000000000000000115991853519134
ENSMUSG00000036192,Rorb,lower,-2.04929375665026,0.00000000000000000000000000000000000000128249581710978
ENSMUSG00000025795,Rassf3,lower,-1.1759775604481,0.00000000000000000000000000000000000000195848906555235
ENSMUSG00000049134,Nrap,lower,-2.17907569744559,0.0000000000000000000000000000000000000020712918214832
ENSMUSG00000021306,Gpr137b,lower,-1.0201909288015,0.00000000000000000000000000000000000000234415530961941
ENSMUSG00000054293,P2ry10b,higher,1.66105341680197,0.00000000000000000000000000000000000000337352969457492
ENSMUSG00000003228,Grk5,higher,1.19964422405324,0.00000000000000000000000000000000000000344909998224204
ENSMUSG00000029163,Emilin1,higher,1.97142412253044,0.00000000000000000000000000000000000000435755919238949
ENSMUSG00000025026,Add3,lower,-1.42240027012751,0.00000000000000000000000000000000000000540580893056815
ENSMUSG00000021728,Emb,higher,1.16574187663204,0.00000000000000000000000000000000000000564878176501072
ENSMUSG00000031543,Ank1,lower,-1.36406936616753,0.00000000000000000000000000000000000000578380105966956
ENSMUSG00000032024,Clmp,lower,-1.70275196352393,0.0000000000000000000000000000000000000071393041458755
ENSMUSG00000026062,Slc9a2,lower,-2.06616051481756,0.0000000000000000000000000000000000000100155028028203
ENSMUSG00000018417,Myo1b,lower,-1.30845849125238,0.0000000000000000000000000000000000000100855623964322
ENSMUSG00000030849,Fgfr2,higher,2.66957016049832,0.0000000000000000000000000000000000000112760266944519
ENSMUSG00000000223,Drp2,lower,-1.02833695932289,0.0000000000000000000000000000000000000122319992679413
ENSMUSG00000026594,Ralgps2,lower,-1.04353968721648,0.0000000000000000000000000000000000000158813348821888
ENSMUSG00000024190,Dusp1,lower,-1.13992240774091,0.0000000000000000000000000000000000000217962623328949
ENSMUSG00000024778,Fas,higher,2.34060381021935,0.0000000000000000000000000000000000000219623258033019
ENSMUSG00000055172,C1ra,higher,1.68357085587716,0.0000000000000000000000000000000000000258349592240708
ENSMUSG00000028226,Mmp16,higher,2.15971844566015,0.0000000000000000000000000000000000000335472119409316
ENSMUSG00000059901,Adamts14,lower,-1.20760819530024,0.0000000000000000000000000000000000000430105773827535
ENSMUSG00000059645,Gm7361,lower,-2.71508387337975,0.0000000000000000000000000000000000000753868963605919
ENSMUSG00000042734,Ttc9,lower,-1.20104551426986,0.0000000000000000000000000000000000000767705687938637
ENSMUSG00000000594,Gm2a,higher,1.00191679494764,0.0000000000000000000000000000000000000786808762370907
ENSMUSG00000026251,Chrnd,lower,-1.77208445705008,0.0000000000000000000000000000000000000980316496442882
ENSMUSG00000070802,Pnmal2,lower,-1.75020567675148,0.000000000000000000000000000000000000101901843186584
ENSMUSG00000019326,Aoc3,higher,3.49913117550225,0.000000000000000000000000000000000000112586815724179
ENSMUSG00000007888,Crlf1,higher,1.07927388658223,0.000000000000000000000000000000000000113008520021915
ENSMUSG00000056900,Usp13,lower,-1.31984444221607,0.000000000000000000000000000000000000116152902664355
ENSMUSG00000024065,Ehd3,higher,1.00583588124606,0.000000000000000000000000000000000000122024111970069
ENSMUSG00000034295,Fhod3,higher,1.12089917080186,0.000000000000000000000000000000000000122891251379942
ENSMUSG00000046711,Hmga1,lower,-1.3892801163565,0.000000000000000000000000000000000000142834045794758
ENSMUSG00000056457,Prl2c3,lower,-2.79534479443314,0.00000000000000000000000000000000000018584922292141
ENSMUSG00000042284,Itga1,higher,2.79996709309149,0.000000000000000000000000000000000000209257375543887
ENSMUSG00000008540,Mgst1,higher,1.19137771578174,0.000000000000000000000000000000000000231139402413455
ENSMUSG00000040420,Cdh18,lower,-1.06629627957035,0.000000000000000000000000000000000000253868101936652
ENSMUSG00000059493,Nhs,higher,1.76276470565615,0.000000000000000000000000000000000000511330549557606
ENSMUSG00000043822,Adamtsl5,lower,-1.0200063225219,0.000000000000000000000000000000000000553292297632897
ENSMUSG00000036856,Wnt4,higher,2.01520412340119,0.000000000000000000000000000000000000575181456620652
ENSMUSG00000030000,Add2,lower,-2.80124783947818,0.000000000000000000000000000000000000661527930693403
ENSMUSG00000076441,Ass1,higher,1.06884711340539,0.000000000000000000000000000000000000730012364817194
ENSMUSG00000020427,Igfbp3,higher,1.67332366848975,0.000000000000000000000000000000000000762910306706295
ENSMUSG00000003617,Cp,lower,-1.03993102118073,0.00000000000000000000000000000000000086107549700149
ENSMUSG00000028469,Npr2,higher,1.03618902886774,0.000000000000000000000000000000000000867065302518699
ENSMUSG00000024042,Sik1,lower,-1.08033366588343,0.00000000000000000000000000000000000102661434443625
ENSMUSG00000019832,Rab32,higher,1.49136410486294,0.00000000000000000000000000000000000153385816650599
ENSMUSG00000050064,Zfp697,lower,-1.28700179883846,0.00000000000000000000000000000000000159540429959353
ENSMUSG00000021696,Elovl7,higher,2.42481604756153,0.00000000000000000000000000000000000237111175412721
ENSMUSG00000019960,Dusp6,lower,-1.16859083690231,0.00000000000000000000000000000000000247154680015978
ENSMUSG00000035873,Pawr,higher,3.48400987253875,0.00000000000000000000000000000000000301981812776493
ENSMUSG00000046179,E2f8,lower,-1.03793156163405,0.00000000000000000000000000000000000316648824097366
ENSMUSG00000046532,Ar,higher,1.40733758671683,0.00000000000000000000000000000000000540216677681009
ENSMUSG00000021567,Nkd2,higher,2.92835652800856,0.0000000000000000000000000000000000060497225696889
ENSMUSG00000026564,Dusp27,lower,-1.14504720234758,0.00000000000000000000000000000000000663896410763859
ENSMUSG00000057914,Cacnb2,higher,2.42458904688406,0.00000000000000000000000000000000000669253945835142
ENSMUSG00000027692,Tnik,lower,-2.30073588856783,0.00000000000000000000000000000000000697063443730078
ENSMUSG00000023915,Tnfrsf21,higher,1.81668195697402,0.00000000000000000000000000000000000706830714925853
ENSMUSG00000026971,Itgb6,lower,-2.03663049421188,0.00000000000000000000000000000000000717307140049133
ENSMUSG00000048782,Insc,higher,2.62827664055807,0.00000000000000000000000000000000000792013674277698
ENSMUSG00000000142,Axin2,higher,2.24605901785066,0.00000000000000000000000000000000000800882612881594
ENSMUSG00000032006,Pdgfd,lower,-2.08886424875523,0.0000000000000000000000000000000000104567100135027
ENSMUSG00000043587,Pxylp1,higher,1.12331810244612,0.0000000000000000000000000000000000105221779386396
ENSMUSG00000038146,Notch3,lower,-1.35557042867448,0.0000000000000000000000000000000000108331919371462
ENSMUSG00000038319,Kcnh2,higher,2.24281393920311,0.0000000000000000000000000000000000132311166991362
ENSMUSG00000034684,Sema3f,higher,1.76573536152858,0.0000000000000000000000000000000000254056298056723
ENSMUSG00000042942,Greb1l,higher,2.36128638024954,0.0000000000000000000000000000000000390620699253667
ENSMUSG00000027386,Fbln7,higher,2.51213131951805,0.000000000000000000000000000000000041897759756397
ENSMUSG00000025464,Paox,higher,1.29810060530291,0.0000000000000000000000000000000000479939857077482
ENSMUSG00000029869,Ephb6,higher,1.50539417719308,0.0000000000000000000000000000000000591437075471686
ENSMUSG00000014782,Plekhg4,higher,2.15478459085919,0.000000000000000000000000000000000060286434086659
ENSMUSG00000033685,Ucp2,higher,1.0147405937402,0.0000000000000000000000000000000000711078341311332
ENSMUSG00000025150,Cbr2,higher,1.18543781161571,0.0000000000000000000000000000000000742552215688852
ENSMUSG00000024544,Ldlrad4,higher,1.15983272112429,0.0000000000000000000000000000000000763451471551645
ENSMUSG00000055148,Klf2,lower,-1.66367070047547,0.000000000000000000000000000000000078732434585563
ENSMUSG00000030730,Atp2a1,lower,-1.82684271955755,0.0000000000000000000000000000000000984037396607883
ENSMUSG00000078249,Hmga1b,lower,-1.41587872992699,0.000000000000000000000000000000000131204110206049
ENSMUSG00000054793,Cadm4,lower,-1.82603534704354,0.000000000000000000000000000000000137646467888749
ENSMUSG00000020173,Cobl,lower,-1.31679407120728,0.000000000000000000000000000000000181075013377458
ENSMUSG00000021403,Serpinb9b,lower,-2.63171156876081,0.000000000000000000000000000000000217772285636168
ENSMUSG00000035095,Fam167a,lower,-2.00872692399347,0.000000000000000000000000000000000245696569526026
ENSMUSG00000008489,Elavl2,higher,4.98285724766914,0.000000000000000000000000000000000282437938006183
ENSMUSG00000031438,Rnf128,lower,-1.22088135482666,0.000000000000000000000000000000000294355765896317
ENSMUSG00000047261,Gap43,lower,-1.60069924231363,0.000000000000000000000000000000000322749005686021
ENSMUSG00000024798,Htr7,higher,1.902467831374,0.00000000000000000000000000000000032611916325896
ENSMUSG00000025931,Paqr8,lower,-1.50778364011605,0.000000000000000000000000000000000483798787838493
ENSMUSG00000049538,Adamts16,higher,2.52296823119142,0.000000000000000000000000000000000520643034847364
ENSMUSG00000056486,Chn1,lower,-1.04620457104024,0.000000000000000000000000000000000550865928219314
ENSMUSG00000045672,Col27a1,higher,2.01952745900532,0.000000000000000000000000000000000624927029679594
ENSMUSG00000026748,Plxdc2,lower,-2.59573561229107,0.000000000000000000000000000000000631045530742997
ENSMUSG00000031075,Ano1,higher,2.04948227539776,0.000000000000000000000000000000000771267120312296
ENSMUSG00000041559,Fmod,higher,5.28918562115481,0.00000000000000000000000000000000107810486422274
ENSMUSG00000015189,Casd1,lower,-1.4326394846899,0.00000000000000000000000000000000112713251788885
ENSMUSG00000038068,Rnf144b,lower,-2.16357682527037,0.00000000000000000000000000000000127595503903096
ENSMUSG00000016756,Cmah,lower,-3.06461928495218,0.00000000000000000000000000000000158923146812764
ENSMUSG00000021732,Fgf10,higher,3.33215733073588,0.00000000000000000000000000000000184120932674974
ENSMUSG00000031520,Vegfc,higher,1.25949742479908,0.00000000000000000000000000000000208304005882474
ENSMUSG00000034614,Pik3ip1,higher,1.66673710598553,0.00000000000000000000000000000000238498981755608
ENSMUSG00000029380,Cxcl1,higher,1.98878260237408,0.00000000000000000000000000000000281358897372391
ENSMUSG00000020882,Cacnb1,lower,-1.28319092932779,0.00000000000000000000000000000000422157956887227
ENSMUSG00000031791,Tmem38a,lower,-1.25261821542259,0.00000000000000000000000000000000573453499637188
ENSMUSG00000017446,C1qtnf1,higher,1.15127502890988,0.00000000000000000000000000000000574889081399814
ENSMUSG00000030672,Mylpf,lower,-2.469500203783,0.00000000000000000000000000000000692552745140373
ENSMUSG00000050069,Grem2,higher,2.68828136568349,0.00000000000000000000000000000000706637187117987
ENSMUSG00000032744,Heyl,lower,-2.48544244944141,0.00000000000000000000000000000000801563073950775
ENSMUSG00000061601,Pclo,lower,-1.78894806090186,0.00000000000000000000000000000000840737520306328
ENSMUSG00000037887,Dusp8,lower,-1.52618954636079,0.0000000000000000000000000000000103542066004623
ENSMUSG00000026308,Klhl30,lower,-1.15210794887874,0.0000000000000000000000000000000114570318803165
ENSMUSG00000026479,Lamc2,lower,-1.7302510844689,0.0000000000000000000000000000000166030534640579
ENSMUSG00000001510,Dlx3,lower,-1.49653267057186,0.0000000000000000000000000000000203255958577662
ENSMUSG00000022788,Fgd4,lower,-2.64571220360293,0.000000000000000000000000000000027089534053967
ENSMUSG00000004698,Hdac9,lower,-2.54667293546559,0.0000000000000000000000000000000284761254535836
ENSMUSG00000035305,Ror1,higher,2.47865797954324,0.0000000000000000000000000000000424995208557981
ENSMUSG00000031962,Cdh15,lower,-1.41280184951898,0.0000000000000000000000000000000537793966883138
ENSMUSG00000020205,Phlda1,lower,-1.00586549796689,0.0000000000000000000000000000000544669066122316
ENSMUSG00000051022,Hs3st1,higher,4.1412046588675,0.0000000000000000000000000000000667260965855748
ENSMUSG00000000184,Ccnd2,lower,-1.69870447732527,0.0000000000000000000000000000000669187796802373
ENSMUSG00000016552,Foxred2,higher,1.23300045911659,0.0000000000000000000000000000000944749612084217
ENSMUSG00000019806,Aig1,lower,-1.94574515967561,0.0000000000000000000000000000000999915267484694
ENSMUSG00000029859,Epha1,lower,-1.25363904392011,0.000000000000000000000000000000116890320153488
ENSMUSG00000066607,6030419C18Rik,higher,1.14171309496725,0.000000000000000000000000000000117149422534084
ENSMUSG00000035954,Dock4,higher,1.07682190888933,0.000000000000000000000000000000167320881458456
ENSMUSG00000033207,Mamdc2,lower,-1.38706514219771,0.000000000000000000000000000000241071684377045
ENSMUSG00000103047,Gm37310,higher,3.12714050912062,0.000000000000000000000000000000246438052161987
ENSMUSG00000039942,Ptger4,lower,-1.69946388106139,0.000000000000000000000000000000355974594877251
ENSMUSG00000051177,Plcb1,higher,1.53898825573484,0.000000000000000000000000000000355974594877251
ENSMUSG00000091898,Tnnc1,lower,-1.79789323113405,0.000000000000000000000000000000391390518658196
ENSMUSG00000028736,Pax7,lower,-1.48608969899306,0.000000000000000000000000000000464290980788439
ENSMUSG00000038415,Foxq1,higher,2.42777995349146,0.000000000000000000000000000000477737644533048
ENSMUSG00000066842,Hmcn1,lower,-1.91179384082883,0.000000000000000000000000000000552794665878631
ENSMUSG00000028128,F3,higher,1.06238917948749,0.000000000000000000000000000000638159556308947
ENSMUSG00000034463,Scara3,higher,1.32909732760871,0.000000000000000000000000000000924183231837842
ENSMUSG00000015850,Adamtsl4,higher,1.05294641190341,0.00000000000000000000000000000126911709593802
ENSMUSG00000025348,Itga7,lower,-1.33909370659961,0.0000000000000000000000000000012744375993904
ENSMUSG00000006651,Aplp1,higher,1.72967597754983,0.00000000000000000000000000000192221336351142
ENSMUSG00000078956,Gm14221,lower,-1.50691816528307,0.00000000000000000000000000000244962394325104
ENSMUSG00000051920,Rspo2,higher,5.12873613636892,0.00000000000000000000000000000274443776150461
ENSMUSG00000017724,Etv4,lower,-1.14481944644026,0.00000000000000000000000000000295875826470607
ENSMUSG00000031070,Mrgprf,higher,1.05401626302045,0.00000000000000000000000000000295980348778628
ENSMUSG00000034780,B3galt1,higher,2.47514059963225,0.00000000000000000000000000000308727304797741
ENSMUSG00000020435,Osbp2,lower,-1.04201182364064,0.00000000000000000000000000000359187578294064
ENSMUSG00000040631,Dok4,higher,1.22444724368549,0.00000000000000000000000000000370963807680106
ENSMUSG00000019230,Lhx9,higher,1.41210691565281,0.00000000000000000000000000000375979683416962
ENSMUSG00000051497,Kcnj16,higher,2.54212871232435,0.00000000000000000000000000000457329163989919
ENSMUSG00000030468,Siglecg,lower,-1.70801179374805,0.00000000000000000000000000000482491649242442
ENSMUSG00000002980,Bcam,lower,-2.1518149559631,0.00000000000000000000000000000498704687440567
ENSMUSG00000056174,Col8a2,higher,2.78779377390218,0.0000000000000000000000000000053276327631255
ENSMUSG00000064179,Tnnt1,lower,-1.08582126241767,0.00000000000000000000000000000550103299375861
ENSMUSG00000048720,Tbc1d12,higher,1.07537416569807,0.00000000000000000000000000000626637555914308
ENSMUSG00000036036,Zfp57,lower,-1.03645127119989,0.00000000000000000000000000000821912054122125
ENSMUSG00000022514,Il1rap,lower,-1.26961803145264,0.00000000000000000000000000000892588405164355
ENSMUSG00000026890,Lhx6,higher,1.04982055517422,0.00000000000000000000000000000969055918921034
ENSMUSG00000071714,Csf2rb2,higher,3.65081615188165,0.0000000000000000000000000000113701096329883
ENSMUSG00000033715,Akr1c14,higher,2.1776777439381,0.000000000000000000000000000015936395812671
ENSMUSG00000003585,Sec14l2,lower,-1.02340852603332,0.0000000000000000000000000000253189141994665
ENSMUSG00000021367,Edn1,higher,2.26487920441006,0.0000000000000000000000000000383339285199472
ENSMUSG00000024885,Aldh3b1,lower,-1.20122213674694,0.0000000000000000000000000000453471005048621
ENSMUSG00000067586,S1pr3,lower,-2.345951134176,0.0000000000000000000000000000587543648053604
ENSMUSG00000041912,Tdrkh,higher,1.07025385422282,0.0000000000000000000000000000836762164598303
ENSMUSG00000008206,Cers4,higher,2.54211517988533,0.000000000000000000000000000104927194780108
ENSMUSG00000068246,Apol9b,lower,-1.0936399994344,0.000000000000000000000000000123719391600306
ENSMUSG00000040289,Hey1,lower,-2.30464938797355,0.000000000000000000000000000128712622558979
ENSMUSG00000027805,Pfn2,higher,1.19970104083892,0.000000000000000000000000000159209016860504
ENSMUSG00000027508,Pag1,lower,-1.70754348191629,0.000000000000000000000000000167048145874734
ENSMUSG00000026399,Cd55,lower,-1.82211946288322,0.000000000000000000000000000182909253495839
ENSMUSG00000027536,Chmp4c,lower,-1.14658568439021,0.000000000000000000000000000203680463341599
ENSMUSG00000027022,Xirp2,lower,-1.60269245659777,0.000000000000000000000000000222795113620518
ENSMUSG00000022584,Ly6c2,lower,-1.85428754928876,0.000000000000000000000000000229606904090143
ENSMUSG00000021596,Mctp1,lower,-3.31239412999815,0.000000000000000000000000000244967675440713
ENSMUSG00000063605,Ccdc102a,higher,1.06440017773446,0.000000000000000000000000000260996146553409
ENSMUSG00000001270,Ckb,lower,-1.04779369827061,0.000000000000000000000000000284881266875706
ENSMUSG00000079243,Xirp1,lower,-1.96467688707501,0.000000000000000000000000000316579273712501
ENSMUSG00000047996,Prrg1,higher,1.13383728102383,0.000000000000000000000000000332320247702834
ENSMUSG00000021390,Ogn,higher,1.83305474425711,0.000000000000000000000000000360100648553894
ENSMUSG00000063727,Tnfrsf11b,higher,2.67179195981291,0.000000000000000000000000000425776782006025
ENSMUSG00000036052,Dnajb5,lower,-1.01649383734918,0.000000000000000000000000000689241722935654
ENSMUSG00000024534,Sncaip,higher,2.22005211958062,0.000000000000000000000000000846148166815555
ENSMUSG00000006457,Actn3,lower,-1.56230445972878,0.00000000000000000000000000108445960375258
ENSMUSG00000000435,Myf5,lower,-1.60842602722267,0.00000000000000000000000000116840132498503
ENSMUSG00000027966,Col11a1,higher,4.26853370054104,0.00000000000000000000000000128191329050394
ENSMUSG00000057346,Apol9a,lower,-1.09232562093062,0.00000000000000000000000000133380645479519
ENSMUSG00000037206,Islr,higher,2.16087269306253,0.00000000000000000000000000142400156271827
ENSMUSG00000028278,Rragd,lower,-1.16684373702426,0.00000000000000000000000000162580179980358
ENSMUSG00000036334,Igsf10,higher,2.08278483798228,0.00000000000000000000000000203054135350452
ENSMUSG00000073177,Gm773,higher,1.6584406332133,0.00000000000000000000000000235794246486421
ENSMUSG00000004151,Etv1,lower,-1.56316396874521,0.00000000000000000000000000247945699996303
ENSMUSG00000015568,Lpl,lower,-1.18467555784784,0.00000000000000000000000000265008716036715
ENSMUSG00000026208,Des,lower,-1.26626552014344,0.00000000000000000000000000337751324202688
ENSMUSG00000038527,C1rl,higher,1.37767427024384,0.00000000000000000000000000396742026869346
ENSMUSG00000112854,Gm38403,lower,-2.2229732125118,0.00000000000000000000000000707824375819567
ENSMUSG00000030554,Synm,higher,2.0381294246339,0.00000000000000000000000000737402415155117
ENSMUSG00000031586,Rbpms,lower,-2.24733640136776,0.00000000000000000000000000851314702585791
ENSMUSG00000078866,Zfp970,lower,-1.19733107708246,0.00000000000000000000000000939889743339589
ENSMUSG00000038402,Foxf2,higher,1.28394611166673,0.00000000000000000000000000945179392970981
ENSMUSG00000028707,Dmbx1,lower,-1.76921124112289,0.0000000000000000000000000116659054962999
ENSMUSG00000047686,Rtl3,higher,4.19255743753502,0.0000000000000000000000000140375110326583
ENSMUSG00000043004,Gng2,higher,1.01211302258148,0.0000000000000000000000000151450092223573
ENSMUSG00000031673,Cdh11,lower,-4.75819003601667,0.0000000000000000000000000213469243919321
ENSMUSG00000028527,Ak4,lower,-1.46531346900396,0.0000000000000000000000000230330707822798
ENSMUSG00000031214,Ophn1,lower,-1.07744422047313,0.0000000000000000000000000230888585633081
ENSMUSG00000021768,Dusp13,lower,-1.66067020101087,0.0000000000000000000000000232137813921329
ENSMUSG00000046623,Gjb4,higher,1.76628739796749,0.0000000000000000000000000269105363029313
ENSMUSG00000032503,Arpp21,lower,-2.16761047990826,0.000000000000000000000000027890730038603
ENSMUSG00000038295,Atg9b,lower,-1.8574284939503,0.0000000000000000000000000324723470854933
ENSMUSG00000041112,Elmo1,higher,2.00517859100223,0.0000000000000000000000000328885768804402
ENSMUSG00000021614,Vcan,higher,1.03112430921425,0.0000000000000000000000000345530016862932
ENSMUSG00000026365,Cfh,higher,1.45608142184609,0.0000000000000000000000000383409210992003
ENSMUSG00000034127,Tspan8,higher,3.68577113645583,0.0000000000000000000000000438572151793952
ENSMUSG00000034898,Filip1,lower,-2.90312909863582,0.000000000000000000000000046173883891053
ENSMUSG00000039824,Myl6b,lower,-1.08702206345419,0.0000000000000000000000000600386724423948
ENSMUSG00000096956,Snhg18,higher,1.04766619104144,0.0000000000000000000000000608291911182673
ENSMUSG00000041439,Mfsd6,lower,-1.9407201858798,0.0000000000000000000000000712670219587555
ENSMUSG00000069255,Dusp22,lower,-2.0744380094427,0.0000000000000000000000000818019055885277
ENSMUSG00000018387,Shroom1,higher,1.09670154905772,0.000000000000000000000000107739833502431
ENSMUSG00000039578,Ccser1,higher,1.42616424045004,0.000000000000000000000000114369680004462
ENSMUSG00000041695,Kcnj2,higher,1.74764594401664,0.000000000000000000000000118270957238053
ENSMUSG00000000627,Sema4f,lower,-2.01138687030233,0.000000000000000000000000135345726400313
ENSMUSG00000058656,Samd12,lower,-2.4289203676788,0.000000000000000000000000141216272950861
ENSMUSG00000048078,Tenm4,lower,-1.59084057352966,0.000000000000000000000000146473784067133
ENSMUSG00000027339,Rassf2,higher,1.11164996157056,0.000000000000000000000000154656214348547
ENSMUSG00000021388,Aspn,higher,2.20189768973324,0.000000000000000000000000209482994964844
ENSMUSG00000047842,Diras2,lower,-2.67239593812615,0.000000000000000000000000234820871597357
ENSMUSG00000034330,Plcg2,lower,-1.81804131274891,0.000000000000000000000000279109511591912
ENSMUSG00000003665,Has1,lower,-1.12490341349593,0.000000000000000000000000300451276731145
ENSMUSG00000006542,Prkag3,lower,-1.86581158537839,0.000000000000000000000000318338082648938
ENSMUSG00000026255,Efhd1,lower,-2.06228879870276,0.000000000000000000000000332756070382715
ENSMUSG00000051747,Ttn,lower,-1.82574225660823,0.000000000000000000000000333547449481803
ENSMUSG00000044788,Fads6,higher,1.65516969592465,0.000000000000000000000000415322845048552
ENSMUSG00000039457,Ppl,higher,2.5712431522737,0.000000000000000000000000445202742132145
ENSMUSG00000031709,Tbc1d9,lower,-1.23708216350914,0.000000000000000000000000473247419470584
ENSMUSG00000038963,Slco4a1,lower,-3.70163901076806,0.00000000000000000000000054281255996636
ENSMUSG00000019838,Slc16a10,lower,-1.67728054445043,0.000000000000000000000000721347017004905
ENSMUSG00000050447,Lypd6,lower,-1.21831173165169,0.000000000000000000000000971383271107407
ENSMUSG00000051043,Gprc5c,lower,-3.0545513049967,0.00000000000000000000000110487645263527
ENSMUSG00000091345,Col6a5,higher,3.58458467594444,0.0000000000000000000000012025854445744
ENSMUSG00000026628,Atf3,lower,-1.55780381726197,0.00000000000000000000000142718221721871
ENSMUSG00000042258,Isl1,higher,2.33801909917018,0.00000000000000000000000150670010584786
ENSMUSG00000029757,Dync1i1,lower,-1.87176867311819,0.00000000000000000000000168956905608808
ENSMUSG00000004951,Hspb1,lower,-1.38597405216924,0.00000000000000000000000222689652680487
ENSMUSG00000039167,Adgrl4,higher,1.70677398919299,0.00000000000000000000000251904622840573
ENSMUSG00000030399,Ckm,lower,-2.83096889299591,0.00000000000000000000000255772513680932
ENSMUSG00000032358,Fam83b,lower,-2.34485099556108,0.00000000000000000000000273470177654021
ENSMUSG00000074207,Adh1,higher,4.06988913586627,0.0000000000000000000000032385175333751
ENSMUSG00000005360,Slc1a3,higher,3.56875865883975,0.00000000000000000000000367277608285341
ENSMUSG00000037990,Sh3rf3,higher,1.2685095945393,0.00000000000000000000000390343720192025
ENSMUSG00000041923,Nol4,lower,-1.015933209845,0.00000000000000000000000393499846906604
ENSMUSG00000104235,Gm37589,higher,1.63655292672064,0.00000000000000000000000417904151166313
ENSMUSG00000032265,Fam46a,higher,1.11003315252256,0.0000000000000000000000047845140152006
ENSMUSG00000031375,Bgn,higher,1.26327534228234,0.00000000000000000000000491329643343739
ENSMUSG00000040270,Bach2,higher,1.25106686251454,0.00000000000000000000000528909667856472
ENSMUSG00000040287,Stac3,lower,-1.3984365270328,0.00000000000000000000000552748547419362
ENSMUSG00000037621,Atoh8,higher,1.11198651866391,0.00000000000000000000000589495428760702
ENSMUSG00000020340,Cyfip2,lower,-2.60016900721928,0.00000000000000000000000590043880845657
ENSMUSG00000097248,Gm2694,higher,1.59175418100931,0.00000000000000000000000614104564001348
ENSMUSG00000022044,Stmn4,lower,-1.89486164206505,0.00000000000000000000000692827651293229
ENSMUSG00000028116,Myoz2,lower,-3.06326392000022,0.00000000000000000000000848292979433707
ENSMUSG00000035835,Plppr3,lower,-1.52122158874788,0.00000000000000000000000878657362872161
ENSMUSG00000040093,Bmf,higher,1.1773545971286,0.0000000000000000000000105187360381861
ENSMUSG00000045288,Ush1g,higher,2.77157430169222,0.0000000000000000000000106658558162284
ENSMUSG00000018411,Mapt,lower,-1.66755159631878,0.0000000000000000000000115355043602723
ENSMUSG00000045092,S1pr1,lower,-1.15950695340429,0.0000000000000000000000118794610461738
ENSMUSG00000054753,AU018091,lower,-1.36592613181377,0.0000000000000000000000124464747988604
ENSMUSG00000027009,Itga4,lower,-2.01052535036709,0.0000000000000000000000126022443954551
ENSMUSG00000043496,Tril,higher,2.11212019160381,0.0000000000000000000000128642502013369
ENSMUSG00000029337,Fgf5,lower,-2.37087980463887,0.0000000000000000000000133282303412076
ENSMUSG00000059674,Cdh24,higher,1.04422407225442,0.0000000000000000000000138469979910806
ENSMUSG00000030222,Rerg,higher,1.70197839621673,0.0000000000000000000000146207343847671
ENSMUSG00000070509,Rgma,lower,-1.02937040108475,0.0000000000000000000000163726195301137
ENSMUSG00000042367,Gjb3,higher,1.12982195133573,0.0000000000000000000000200524350263178
ENSMUSG00000079092,Prl2c2,lower,-2.58275705786611,0.0000000000000000000000279033961387133
ENSMUSG00000027562,Car2,higher,1.42701456516874,0.0000000000000000000000290820760614958
ENSMUSG00000067780,Pi15,higher,1.68614867173182,0.0000000000000000000000343959028461972
ENSMUSG00000052852,Reep1,lower,-1.65864285057254,0.0000000000000000000000393832553342928
ENSMUSG00000023960,Enpp5,lower,-1.37326319648696,0.0000000000000000000000432599954210012
ENSMUSG00000027750,Postn,higher,1.19517407081033,0.0000000000000000000000437707715556224
ENSMUSG00000022519,Srl,lower,-1.8377951664471,0.0000000000000000000000475790934044678
ENSMUSG00000038540,Tmc3,lower,-2.60430349422163,0.0000000000000000000000495710644381745
ENSMUSG00000034551,Hdx,lower,-1.56947805015057,0.0000000000000000000000607438501279169
ENSMUSG00000022040,Ephx2,higher,2.38961775411345,0.0000000000000000000000631837468926498
ENSMUSG00000027955,Fam198b,higher,1.27182145163166,0.0000000000000000000000660279750490566
ENSMUSG00000038271,Iffo1,lower,-1.07324026598378,0.0000000000000000000000667685313848434
ENSMUSG00000046180,4930550L24Rik,lower,-1.46074584286936,0.0000000000000000000000669266659036905
ENSMUSG00000062184,Hs6st2,lower,-4.20340802945817,0.0000000000000000000000698478347876109
ENSMUSG00000020140,Lgr5,higher,3.86075827125295,0.0000000000000000000000732065657988213
ENSMUSG00000040605,Bace2,lower,-2.30991445182969,0.0000000000000000000000792301181663936
ENSMUSG00000085057,Gm13415,lower,-2.38087115293787,0.0000000000000000000000807433520426146
ENSMUSG00000095799,Gm8332,higher,1.79824519513616,0.0000000000000000000000896206051768042
ENSMUSG00000032122,Slc37a2,lower,-1.3588321239099,0.0000000000000000000000901662922779046
ENSMUSG00000036867,Smad6,higher,1.51420588016094,0.000000000000000000000101439941452362
ENSMUSG00000103807,Trbv6,higher,2.62113202640678,0.000000000000000000000117901272120491
ENSMUSG00000032549,Rab6b,higher,1.27447083409164,0.000000000000000000000139809292702084
ENSMUSG00000070780,Rbm47,lower,-2.43173866948145,0.000000000000000000000161047849646271
ENSMUSG00000062077,Trim54,lower,-1.85735543114988,0.000000000000000000000177484614421028
ENSMUSG00000037280,Galnt6,lower,-3.88778262405966,0.000000000000000000000184555660192055
ENSMUSG00000033581,Igf2bp2,lower,-1.91259493987844,0.00000000000000000000019086749434561
ENSMUSG00000018500,Adora2b,lower,-1.07692358467409,0.000000000000000000000197525309196064
ENSMUSG00000029153,Ociad2,lower,-1.28837943280018,0.000000000000000000000245442725191804
ENSMUSG00000030638,Sh3gl3,higher,1.51970592919671,0.00000000000000000000024984633052301
ENSMUSG00000026068,Il18rap,lower,-1.80238220494479,0.000000000000000000000269100178931397
ENSMUSG00000118029,ENSMUSG00000118029,lower,-1.54471197001917,0.000000000000000000000320246642186409
ENSMUSG00000020908,Myh3,lower,-3.06096614600413,0.000000000000000000000440173916360416
ENSMUSG00000028020,Glrb,lower,-1.00375953396009,0.000000000000000000000469035933877973
ENSMUSG00000022754,Tmem45a,higher,1.20206946310021,0.000000000000000000000483594745391292
ENSMUSG00000037846,Rtkn2,lower,-1.07049005631569,0.000000000000000000000537328388797271
ENSMUSG00000037010,Apln,higher,1.48866642622165,0.000000000000000000000554441364899322
ENSMUSG00000027796,Smad9,higher,1.37410111385292,0.000000000000000000000581310363119437
ENSMUSG00000027460,Angpt4,higher,2.30800686762972,0.000000000000000000000692197546315703
ENSMUSG00000003282,Plag1,lower,-1.52995108536199,0.000000000000000000000702797680451788
ENSMUSG00000045083,Lingo2,lower,-1.63929457337472,0.00000000000000000000072298879389745
ENSMUSG00000057836,Xlr3a,higher,1.08892824213605,0.000000000000000000000956277271927063
ENSMUSG00000020303,Stc2,lower,-1.14872383796255,0.00000000000000000000115205003033382
ENSMUSG00000040170,Fmo2,higher,4.09729761414452,0.0000000000000000000013672007617215
ENSMUSG00000031877,Ces2g,higher,1.70402196973255,0.00000000000000000000148418760243656
ENSMUSG00000026950,Neb,lower,-2.35157171406463,0.00000000000000000000160010524179648
ENSMUSG00000040483,Xaf1,lower,-1.32892893564917,0.00000000000000000000163524765299088
ENSMUSG00000037138,Aff3,higher,3.5073098477202,0.00000000000000000000199324830456416
ENSMUSG00000045573,Penk,higher,3.93003422550546,0.00000000000000000000202460623070498
ENSMUSG00000044716,Dok7,lower,-1.49228213657804,0.0000000000000000000023009343631187
ENSMUSG00000049641,Vgll2,lower,-1.95376871011651,0.00000000000000000000234099354832902
ENSMUSG00000036894,Rap2b,lower,-1.04050643381437,0.00000000000000000000296695798281433
ENSMUSG00000026407,Cacna1s,lower,-2.91754545436991,0.00000000000000000000318094664591338
ENSMUSG00000001027,Scn4a,lower,-2.77688585678724,0.00000000000000000000427125772670205
ENSMUSG00000033389,Arhgap44,lower,-1.01281934799958,0.00000000000000000000544645213778173
ENSMUSG00000022790,Igsf11,lower,-1.08137325843998,0.00000000000000000000544944911725106
ENSMUSG00000041476,Smpx,lower,-2.5869391664245,0.00000000000000000000594346997113436
ENSMUSG00000070866,Zfp804a,higher,3.16520581129372,0.00000000000000000000632222280311853
ENSMUSG00000097289,2010300F17Rik,higher,1.43983992707783,0.00000000000000000000691054808754171
ENSMUSG00000033152,Podxl2,higher,1.43713841495995,0.00000000000000000000814710334972606
ENSMUSG00000023094,Msrb2,lower,-2.13555834211679,0.00000000000000000000824696996976728
ENSMUSG00000057766,Ankrd29,higher,1.05547303520024,0.00000000000000000000963779585325241
ENSMUSG00000038515,Grtp1,lower,-1.02999297450859,0.0000000000000000000107071896869332
ENSMUSG00000023224,Serping1,lower,-3.34135081144245,0.0000000000000000000114366365181233
ENSMUSG00000029868,Trpv6,higher,1.52926060785375,0.0000000000000000000154627798807685
ENSMUSG00000047496,Rnf152,higher,1.53344906427641,0.0000000000000000000168071771758078
ENSMUSG00000074657,Kif5a,higher,1.54208537565774,0.0000000000000000000173830719573272
ENSMUSG00000023959,Clic5,lower,-1.8615992940474,0.0000000000000000000174208691501588
ENSMUSG00000022415,Syngr1,higher,1.33015980834442,0.0000000000000000000177812353448922
ENSMUSG00000032243,Itga11,higher,3.7821686064348,0.0000000000000000000208874688421156
ENSMUSG00000029061,Mmp23,higher,1.39418351158945,0.0000000000000000000236973880125334
ENSMUSG00000090394,4930523C07Rik,lower,-1.57900492167922,0.0000000000000000000240919899863746
ENSMUSG00000033308,Dpyd,higher,1.70822518479934,0.00000000000000000002494458683557
ENSMUSG00000026475,Rgs16,lower,-1.40292272315655,0.0000000000000000000257240871645093
ENSMUSG00000039316,Rftn1,lower,-3.38496577055201,0.0000000000000000000271488554107421
ENSMUSG00000022197,Pdzd2,higher,1.59060417462378,0.0000000000000000000312828696455483
ENSMUSG00000049001,Ndnf,higher,5.71241998120883,0.000000000000000000032657383862669
ENSMUSG00000041577,Prelp,higher,2.39389504345651,0.0000000000000000000326684039697811
ENSMUSG00000001622,Csn3,lower,-3.82800804033982,0.0000000000000000000372514179169753
ENSMUSG00000025105,Bnc1,higher,2.65212160237654,0.0000000000000000000376892049428375
ENSMUSG00000056145,AI504432,lower,-2.64856028854447,0.0000000000000000000384764296953891
ENSMUSG00000027070,Lrp2,higher,1.56320866250374,0.0000000000000000000412569479622946
ENSMUSG00000025466,Fuom,higher,1.30848030658307,0.0000000000000000000708452180186304
ENSMUSG00000006575,Rundc3a,lower,-1.41344661672122,0.0000000000000000000756863129839653
ENSMUSG00000104876,Trdc,higher,1.43660857130848,0.0000000000000000000766234937931182
ENSMUSG00000063458,Lrmda,higher,2.5378476095728,0.0000000000000000000928087467157056
ENSMUSG00000079588,Tmem182,lower,-2.48140776355673,0.000000000000000000104481036607303
ENSMUSG00000025551,Fgf14,higher,3.36835939465751,0.000000000000000000112375750907607
ENSMUSG00000019851,Perp,higher,3.79528585286036,0.000000000000000000118012504845973
ENSMUSG00000022332,Khdrbs3,lower,-1.32483998140267,0.000000000000000000119806012557378
ENSMUSG00000051527,Usp29,lower,-1.31467355651352,0.000000000000000000122514689524775
ENSMUSG00000018012,Rac3,higher,1.51717331348716,0.000000000000000000144359709328177
ENSMUSG00000079034,Gm8300,higher,4.98915381090712,0.00000000000000000015138716885153
ENSMUSG00000070643,Sox13,lower,-2.12092697105071,0.000000000000000000179073024503696
ENSMUSG00000002384,Bmp8b,lower,-2.52910393670529,0.000000000000000000182292241353399
ENSMUSG00000015243,Abca1,lower,-2.73745491632665,0.000000000000000000183273994033725
ENSMUSG00000079428,Tceal7,lower,-2.96239861951719,0.000000000000000000189988177774953
ENSMUSG00000042254,Cilp,higher,3.19939379864317,0.000000000000000000195611568148387
ENSMUSG00000020086,H2afy2,lower,-1.06154119241462,0.000000000000000000227487743063515
ENSMUSG00000039217,Il18,lower,-1.4476688461617,0.000000000000000000229252058944273
ENSMUSG00000027861,Casq2,lower,-2.93019165415554,0.000000000000000000248178578634151
ENSMUSG00000058145,Adamts17,higher,2.50558736838118,0.00000000000000000027976682618713
ENSMUSG00000086413,Gm12415,lower,-1.05083704545597,0.000000000000000000293750074195022
ENSMUSG00000042988,Notum,higher,1.89977898768747,0.000000000000000000294422077880766
ENSMUSG00000052581,Lrrtm4,higher,3.66721317454839,0.000000000000000000311796658967382
ENSMUSG00000040747,Cd53,lower,-1.79210352748561,0.000000000000000000339271130351987
ENSMUSG00000021763,BC067074,lower,-2.44802335788017,0.000000000000000000372501339048527
ENSMUSG00000022686,B3gnt5,lower,-2.0005659992173,0.00000000000000000038303607033836
ENSMUSG00000042895,Abra,lower,-2.81314173035991,0.000000000000000000440382723496709
ENSMUSG00000023927,Satb1,higher,2.00703920816757,0.000000000000000000447404003714881
ENSMUSG00000030513,Pcsk6,higher,1.35222589571899,0.00000000000000000046255361512812
ENSMUSG00000061723,Tnnt3,lower,-2.38389903169149,0.000000000000000000497392295368287
ENSMUSG00000049511,Htr1b,lower,-1.5562845931434,0.000000000000000000534213411304872
ENSMUSG00000057614,Gnai1,higher,1.5599931835804,0.000000000000000000568363449319075
ENSMUSG00000038916,Soga3,lower,-1.08227021115184,0.000000000000000000573107846558184
ENSMUSG00000003134,Tbc1d8,lower,-1.34921947848959,0.000000000000000000577548512513577
ENSMUSG00000018845,Unc45b,lower,-2.53722720754346,0.000000000000000000648452914341937
ENSMUSG00000021835,Bmp4,higher,2.92842986780792,0.000000000000000000671499023392256
ENSMUSG00000024481,Lvrn,lower,-1.04915714471942,0.000000000000000000747014324768917
ENSMUSG00000033453,Adamts15,lower,-3.06027495371161,0.000000000000000000831756391398858
ENSMUSG00000075307,Klhl41,lower,-2.29526613458071,0.0000000000000000008982011943003
ENSMUSG00000052026,Slc6a7,higher,2.10641101239611,0.00000000000000000098551441671566
ENSMUSG00000021256,Vash1,lower,-1.00810594152611,0.00000000000000000110954347436753
ENSMUSG00000116237,ENSMUSG00000116237,lower,-1.39895447169483,0.00000000000000000113657644322658
ENSMUSG00000055805,Fmnl1,lower,-1.09717722141734,0.00000000000000000114147426482737
ENSMUSG00000032735,Ablim3,lower,-2.33049674525603,0.00000000000000000117860523774929
ENSMUSG00000040183,Ankrd6,lower,-1.36810927212186,0.00000000000000000122274380370396
ENSMUSG00000031712,Il15,higher,1.25264515940981,0.00000000000000000146288482988779
ENSMUSG00000108322,5430431A17Rik,lower,-2.51010813230521,0.00000000000000000150294482494837
ENSMUSG00000075224,Lrrc55,higher,1.88630174712233,0.00000000000000000165016411141759
ENSMUSG00000040367,Lrrd1,higher,1.69295140833061,0.00000000000000000167608425330897
ENSMUSG00000094786,Gm14403,lower,-1.29483109018544,0.00000000000000000168249696130292
ENSMUSG00000044951,Mylk4,lower,-1.08316388895879,0.00000000000000000169945333809953
ENSMUSG00000022548,Apod,lower,-2.50548195695814,0.00000000000000000171282936505269
ENSMUSG00000017493,Igfbp4,lower,-3.68131109212997,0.00000000000000000173710911255266
ENSMUSG00000031698,Mylk3,higher,2.76859353336352,0.00000000000000000202550481970109
ENSMUSG00000087591,Gm14635,lower,-2.35142042659717,0.00000000000000000203862307845367
ENSMUSG00000033032,Afap1l1,lower,-2.18663370380158,0.00000000000000000215856924303808
ENSMUSG00000090622,A930033H14Rik,lower,-1.05677248534955,0.00000000000000000242068141276411
ENSMUSG00000022340,Sybu,higher,2.17268248755595,0.00000000000000000266352053905524
ENSMUSG00000064262,Gimap8,higher,2.93568746612601,0.00000000000000000292882527894739
ENSMUSG00000050359,Sprr1a,lower,-2.54135945586029,0.00000000000000000363829278394086
ENSMUSG00000107134,Gm42528,higher,4.7036093259889,0.00000000000000000402716978353966
ENSMUSG00000074151,Nlrc5,lower,-1.58975281465319,0.00000000000000000437867715196186
ENSMUSG00000033066,Gas7,lower,-1.70067557884925,0.0000000000000000050880667785356
ENSMUSG00000032766,Gng11,lower,-1.80762944360389,0.00000000000000000527550350201678
ENSMUSG00000089940,Gm4117,higher,1.10448378067957,0.00000000000000000530763432413624
ENSMUSG00000041731,Pgm5,lower,-2.46713241024853,0.00000000000000000596712839510443
ENSMUSG00000024427,Spry4,lower,-1.30730051146202,0.00000000000000000688025125703556
ENSMUSG00000068735,Trp53i11,lower,-2.04091123974629,0.00000000000000000711868145699089
ENSMUSG00000103912,Gm33819,higher,3.35186090744969,0.00000000000000000747180385460443
ENSMUSG00000086746,Gm15222,higher,2.15761784336734,0.00000000000000000747180385460443
ENSMUSG00000110397,Gm45540,higher,3.11087708100994,0.00000000000000000776752812240992
ENSMUSG00000022157,Mcpt8,lower,-2.21828735055845,0.00000000000000000783792671794465
ENSMUSG00000035104,Eva1a,higher,1.35131960039634,0.00000000000000000796013353397047
ENSMUSG00000089901,Gm8113,lower,-1.52539130404462,0.00000000000000000806612209479418
ENSMUSG00000034275,Igsf9b,lower,-1.07139606617017,0.00000000000000000948392563212003
ENSMUSG00000031312,Itgb1bp2,lower,-1.77824525277244,0.0000000000000000102163910266998
ENSMUSG00000044017,Adgrd1,lower,-2.59584594282009,0.0000000000000000117882324518602
ENSMUSG00000062609,Kcnj15,higher,3.43347200977698,0.0000000000000000121845104807667
ENSMUSG00000075225,Ccdc162,lower,-1.85628635238979,0.0000000000000000135720717341534
ENSMUSG00000034810,Scn7a,lower,-1.3639958242335,0.0000000000000000137229789910679
ENSMUSG00000026981,Il1rn,lower,-2.3008491768433,0.0000000000000000153896082031849
ENSMUSG00000057880,Abat,higher,2.34794620678565,0.0000000000000000157078191905902
ENSMUSG00000022750,Klhl22,lower,-1.75804755756644,0.0000000000000000157107073492343
ENSMUSG00000069227,Gprin1,lower,-1.36377118823239,0.0000000000000000157748422216982
ENSMUSG00000035861,Tmprss11b,lower,-2.43899449530243,0.0000000000000000160444322058059
ENSMUSG00000057719,Sh3rf2,higher,4.63677315632393,0.0000000000000000163934000280945
ENSMUSG00000039621,Prex1,higher,2.00389594238639,0.0000000000000000192944310509762
ENSMUSG00000003559,As3mt,lower,-1.02622775663012,0.0000000000000000204129287401672
ENSMUSG00000034607,Pof1b,lower,-3.19627512383407,0.0000000000000000205410226946594
ENSMUSG00000028328,Tmod1,lower,-1.04168902007851,0.0000000000000000205485951725059
ENSMUSG00000042129,Rassf4,lower,-1.66873756099874,0.0000000000000000206812741454361
ENSMUSG00000090958,Lrrc32,higher,1.818029956869,0.0000000000000000210914331550149
ENSMUSG00000026418,Tnni1,lower,-2.41643274292675,0.0000000000000000222487575441714
ENSMUSG00000040111,Gramd1b,lower,-1.09024364905023,0.0000000000000000259226704269567
ENSMUSG00000030089,Slc41a3,higher,1.06182989538874,0.0000000000000000259550083626987
ENSMUSG00000049119,Fam110b,higher,1.075149525408,0.0000000000000000265917948670081
ENSMUSG00000056632,Dsg3,lower,-2.49104374886855,0.0000000000000000289459739272717
ENSMUSG00000112513,ENSMUSG00000112513,higher,2.95432040584166,0.0000000000000000293779681026526
ENSMUSG00000031461,Myom2,lower,-1.99880347902763,0.000000000000000029564303000636
ENSMUSG00000062380,Tubb3,lower,-1.41245401567437,0.0000000000000000318855285030908
ENSMUSG00000037347,Chst7,higher,1.73871636898953,0.0000000000000000327500780404942
ENSMUSG00000078606,Gm4070,lower,-3.14584953589197,0.0000000000000000350916257435314
ENSMUSG00000021303,Gng4,higher,2.37762669553503,0.0000000000000000396042889720726
ENSMUSG00000033174,Mgll,higher,1.17630931334354,0.0000000000000000486994270062851
ENSMUSG00000048402,Gli2,higher,1.64505739936006,0.000000000000000049322938136617
ENSMUSG00000038843,Gcnt1,higher,3.12780744217684,0.0000000000000000507750554614244
ENSMUSG00000029223,Uchl1,lower,-1.1735345485982,0.0000000000000000776649686452956
ENSMUSG00000038670,Mybpc2,lower,-3.00157516927422,0.0000000000000000846673236340041
ENSMUSG00000054409,Tmem74,higher,1.55834064942161,0.000000000000000084873631910101
ENSMUSG00000020053,Igf1,higher,3.53537983343514,0.000000000000000106595355140595
ENSMUSG00000001349,Cnn1,higher,1.40592269874883,0.000000000000000113309669314017
ENSMUSG00000099906,Gm28653,lower,-1.71097877967362,0.000000000000000114034826781032
ENSMUSG00000032532,Cck,lower,-3.768324855796,0.00000000000000011785564777153
ENSMUSG00000028036,Ptgfr,higher,1.89033649496775,0.000000000000000139620309704876
ENSMUSG00000021373,Cap2,lower,-2.39697454264266,0.000000000000000142828168289162
ENSMUSG00000020911,Krt19,lower,-2.18943583150756,0.000000000000000161792264116218
ENSMUSG00000040694,Apobec2,lower,-1.41513522679265,0.00000000000000016679472043721
ENSMUSG00000032298,Neil1,lower,-1.27544461343849,0.000000000000000191103810982845
ENSMUSG00000038763,Alpk3,lower,-2.78531328165695,0.000000000000000195872661788333
ENSMUSG00000025930,Msc,lower,-1.66072108714621,0.000000000000000201081668552805
ENSMUSG00000057751,Megf6,higher,3.59512808858204,0.000000000000000211496704134265
ENSMUSG00000028631,Kcnq4,lower,-1.20948494938016,0.000000000000000215992496785565
ENSMUSG00000084941,Gm11944,higher,1.10112043680171,0.00000000000000024058539362725
ENSMUSG00000006586,Runx1t1,lower,-2.8050695072867,0.000000000000000253798393365455
ENSMUSG00000032702,Kank1,higher,1.40145277909298,0.000000000000000267941396086383
ENSMUSG00000061086,Myl4,lower,-2.38660354620501,0.000000000000000271355332300978
ENSMUSG00000029134,Plb1,higher,2.81040491821117,0.000000000000000323686218123571
ENSMUSG00000022425,Enpp2,higher,3.80878038316463,0.000000000000000327020358719064
ENSMUSG00000027932,Slc27a3,lower,-1.23930246237212,0.000000000000000342731309024387
ENSMUSG00000038530,Rgs4,higher,2.89451533199282,0.000000000000000346288207596399
ENSMUSG00000022156,Gzme,lower,-2.80869483071045,0.000000000000000367723253668402
ENSMUSG00000096619,Gm2035,higher,2.39530699771433,0.000000000000000374191140231518
ENSMUSG00000007097,Atp1a2,lower,-1.92602512606454,0.000000000000000383137264465972
ENSMUSG00000028337,Coro2a,higher,1.54164853066995,0.000000000000000393871164945624
ENSMUSG00000104443,4932442E05Rik,lower,-1.10791212920817,0.000000000000000422574580999151
ENSMUSG00000063415,Cyp26b1,lower,-1.31450263623507,0.000000000000000425995029458366
ENSMUSG00000115678,Gm49212,lower,-2.84087717700203,0.000000000000000429900171566883
ENSMUSG00000044468,Fam46c,higher,1.16753583147981,0.000000000000000434353319287287
ENSMUSG00000027360,Hdc,lower,-2.39341670740253,0.000000000000000436603707265603
ENSMUSG00000031351,Zfp185,higher,3.552015257211,0.000000000000000465901710138654
ENSMUSG00000049093,Il23r,higher,3.13378721000676,0.000000000000000507841359865591
ENSMUSG00000113178,Mylf-ps,lower,-2.37556925050319,0.00000000000000051931831177858
ENSMUSG00000069806,Cacng7,higher,2.23800829706514,0.000000000000000542394869977069
ENSMUSG00000049690,Nckap5,higher,1.78414980495277,0.000000000000000560572268257213
ENSMUSG00000046818,Ddit4l,higher,1.05075235334025,0.00000000000000056206490993599
ENSMUSG00000034997,Htr2a,higher,1.72359004282038,0.000000000000000595076999565544
ENSMUSG00000048572,Tmem252,lower,-2.51854353496463,0.000000000000000624965166007221
ENSMUSG00000020524,Gria1,lower,-2.16665866944689,0.000000000000000651569796123224
ENSMUSG00000021998,Lcp1,higher,3.22896992179364,0.000000000000000673810441627142
ENSMUSG00000020646,Mboat2,lower,-1.68162732521835,0.000000000000000757682538625577
ENSMUSG00000041703,Zic5,higher,1.62464042470455,0.000000000000000773743040023936
ENSMUSG00000059742,Kcnh7,lower,-2.27676895296491,0.000000000000000872912186363101
ENSMUSG00000027961,Lrrc39,lower,-1.44853084832049,0.000000000000000906831648463866
ENSMUSG00000004473,Clec11a,higher,2.23244878036313,0.000000000000000944145168344993
ENSMUSG00000048368,Omd,higher,2.29790142491538,0.00000000000000116534981510452
ENSMUSG00000048764,Tmprss11f,lower,-2.7307035983434,0.00000000000000118446429454648
ENSMUSG00000034648,Lrrn1,lower,-2.55284169201216,0.00000000000000134129238012573
ENSMUSG00000014602,Kif1a,higher,1.09726771629271,0.00000000000000134588515441124
ENSMUSG00000030022,Adamts9,higher,2.84543428276468,0.00000000000000138837850552942
ENSMUSG00000046447,Camk2n1,higher,1.49664739553685,0.00000000000000148429516401745
ENSMUSG00000038521,C1s1,higher,2.05204950317966,0.00000000000000156852790657478
ENSMUSG00000115936,ENSMUSG00000115936,lower,-1.98223339375798,0.00000000000000158733014256044
ENSMUSG00000025213,Kazald1,higher,1.37611295440941,0.00000000000000161889336534062
ENSMUSG00000061411,Nol4l,higher,1.33942386346527,0.00000000000000168242777652275
ENSMUSG00000034656,Cacna1a,higher,1.28217340481597,0.00000000000000188768253660744
ENSMUSG00000034686,Prr7,higher,2.00979166519926,0.00000000000000194908806193922
ENSMUSG00000087187,Gm13431,lower,-1.2273866475111,0.00000000000000231620521058674
ENSMUSG00000027956,Tmem144,lower,-1.59718388783992,0.00000000000000237612988099426
ENSMUSG00000104465,BC002189,lower,-1.79347878569981,0.0000000000000024777577545779
ENSMUSG00000025475,Adgra1,higher,2.28362082497846,0.00000000000000253583394801845
ENSMUSG00000040037,Negr1,higher,2.98071824126296,0.00000000000000333776954785331
ENSMUSG00000039899,Fgl2,lower,-2.23893368189904,0.00000000000000339341589849657
ENSMUSG00000093847,Gm5039,higher,2.90006813381888,0.00000000000000395168088202827
ENSMUSG00000010311,Optc,higher,2.49156474205628,0.00000000000000406723377737698
ENSMUSG00000039385,Cdh6,lower,-3.17473011767138,0.0000000000000045138942418624
ENSMUSG00000022269,March11,lower,-1.43644509184316,0.00000000000000476818131344132
ENSMUSG00000095180,Rhox5,higher,2.24192973048121,0.0000000000000049212117004608
ENSMUSG00000057003,Myh4,lower,-1.83486049173135,0.00000000000000534584730578321
ENSMUSG00000015579,Nkx2-5,higher,1.65173401425165,0.00000000000000560425497530053
ENSMUSG00000027315,Spint1,lower,-1.3400508741343,0.00000000000000618136403494352
ENSMUSG00000115483,ENSMUSG00000115483,lower,-1.43187410850234,0.00000000000000621025057379444
ENSMUSG00000086596,Susd5,lower,-1.68895523540091,0.00000000000000631866114934253
ENSMUSG00000000159,Igsf5,lower,-2.3080665013047,0.00000000000000637588731152082
ENSMUSG00000002007,Srpk3,lower,-1.94577343554667,0.00000000000000671352929753788
ENSMUSG00000045659,Plekha7,lower,-1.30375972965932,0.00000000000000681881965006149
ENSMUSG00000032010,Usp2,lower,-1.0701571642778,0.00000000000000706719755275049
ENSMUSG00000040133,Gpr176,higher,1.14637354963698,0.00000000000000713566487467009
ENSMUSG00000020866,Cacna1g,higher,2.25909226438313,0.00000000000000731576589029152
ENSMUSG00000040875,Osbpl10,higher,1.23456065106322,0.00000000000000742327846369852
ENSMUSG00000086181,C230034O21Rik,higher,2.03843265715656,0.00000000000000756253229740821
ENSMUSG00000090799,Klhl33,higher,1.67755276785809,0.00000000000000765228122535655
ENSMUSG00000086995,Gm13544,lower,-2.71369267305105,0.00000000000000795711735922884
ENSMUSG00000052374,Actn2,lower,-2.91948501862157,0.00000000000000796163346517854
ENSMUSG00000031202,Rab39b,higher,1.32092248017567,0.00000000000000857994422784629
ENSMUSG00000044938,Klhl31,lower,-2.35624856527554,0.0000000000000088035851233609
ENSMUSG00000020399,Havcr2,lower,-1.58559891897008,0.00000000000000947034568987919
ENSMUSG00000049109,Themis,lower,-2.08152869690771,0.00000000000000960442244410043
ENSMUSG00000084940,Gm15935,lower,-1.85248006584101,0.0000000000000099213251021973
ENSMUSG00000075330,A930003A15Rik,lower,-2.18326644732347,0.0000000000000103265713349675
ENSMUSG00000050370,Ch25h,higher,1.12508362200132,0.0000000000000107368204781503
ENSMUSG00000043811,Rtn4r,higher,2.58987500474456,0.0000000000000109646420466555
ENSMUSG00000027546,Atp9a,lower,-2.70904680037438,0.000000000000012021172323067
ENSMUSG00000042498,D330045A20Rik,lower,-1.16440833650023,0.0000000000000124040289742815
ENSMUSG00000052726,Kcnt2,higher,2.48522351536888,0.0000000000000138138773272387
ENSMUSG00000052920,Prkg1,lower,-2.15236005411441,0.0000000000000146163475591084
ENSMUSG00000001281,Itgb7,lower,-1.37038367542627,0.0000000000000156156253029639
ENSMUSG00000072568,Fam84b,higher,2.16977509424186,0.0000000000000157377962629473
ENSMUSG00000002908,Kcnn1,higher,1.16432681258574,0.0000000000000159436765859177
ENSMUSG00000031936,Hephl1,lower,-2.57853529906053,0.0000000000000162062733251344
ENSMUSG00000042451,Mybph,lower,-3.03012933494957,0.000000000000016596060989118
ENSMUSG00000024617,Camk2a,lower,-1.46330437676896,0.000000000000017960196012899
ENSMUSG00000048826,Dact2,higher,1.04285050504678,0.0000000000000186259240599057
ENSMUSG00000035864,Syt1,higher,1.33096647719156,0.0000000000000195837982239215
ENSMUSG00000020216,Jsrp1,lower,-1.50786582071976,0.0000000000000210341171678553
ENSMUSG00000066800,Rnasel,lower,-1.11225793066053,0.0000000000000210858450587033
ENSMUSG00000030996,Art1,lower,-2.53891282971551,0.0000000000000226698554874509
ENSMUSG00000032841,Prr5l,higher,2.09547437480444,0.0000000000000238105948558151
ENSMUSG00000087364,Gm13398,lower,-2.47577744245956,0.0000000000000239387025536522
ENSMUSG00000108634,Gm38534,lower,-2.44381343089388,0.0000000000000266243625688861
ENSMUSG00000071552,Tigit,lower,-1.49875983766882,0.0000000000000268419195844238
ENSMUSG00000021678,F2rl1,lower,-2.76576478342221,0.0000000000000317190718392272
ENSMUSG00000025172,Ankrd2,lower,-2.90175968100704,0.0000000000000342419674274529
ENSMUSG00000042828,Trim72,lower,-2.78131390526175,0.0000000000000351931875504013
ENSMUSG00000030116,Mfap5,higher,2.84705230745085,0.000000000000035384472201235
ENSMUSG00000045871,Slitrk6,higher,3.07282659068773,0.0000000000000374660813729211
ENSMUSG00000028766,Alpl,higher,2.91796776012661,0.0000000000000378914571262867
ENSMUSG00000023571,C1qtnf12,higher,1.07157456628137,0.0000000000000382643792208512
ENSMUSG00000041132,N4bp2l1,higher,1.06641213240562,0.0000000000000387439281071245
ENSMUSG00000042529,Kcnj12,lower,-1.93470179861082,0.0000000000000391874316087208
ENSMUSG00000014030,Pax5,lower,-2.09910217394899,0.0000000000000400057343481427
ENSMUSG00000055027,Smyd1,lower,-1.83965682388408,0.0000000000000459901827532109
ENSMUSG00000094707,A830019P07Rik,higher,1.15097189260486,0.0000000000000470780419626501
ENSMUSG00000109956,Gm45428,higher,1.46150949988052,0.0000000000000488427419675075
ENSMUSG00000040729,Cep126,lower,-1.5163103792284,0.0000000000000517404801816496
ENSMUSG00000055368,Slc6a2,higher,2.90464520694858,0.0000000000000537117086296982
ENSMUSG00000027335,Adra1d,higher,1.50706157769782,0.000000000000057211598691404
ENSMUSG00000079029,Gm5662,higher,2.30406919216196,0.0000000000000576099198060421
ENSMUSG00000049537,Tecrl,lower,-1.93783055930232,0.0000000000000578780998199664
ENSMUSG00000106296,4632404M16Rik,lower,-2.48219747320499,0.0000000000000705177818890644
ENSMUSG00000022488,Nckap1l,lower,-1.7159139896673,0.0000000000000725374986785218
ENSMUSG00000075324,Fign,lower,-2.03054678521701,0.0000000000000748486747775016
ENSMUSG00000025165,Sectm1a,higher,2.51827575820847,0.0000000000000786166818213711
ENSMUSG00000042429,Adora1,lower,-2.05303761126514,0.0000000000000821261606145559
ENSMUSG00000022055,Nefl,lower,-2.53982486046773,0.0000000000000836121130487344
ENSMUSG00000020890,Gucy2e,higher,2.69958252516999,0.0000000000000851521593435808
ENSMUSG00000033044,Dhrs7c,lower,-2.77732351437321,0.0000000000000977614023052281
ENSMUSG00000061462,Obscn,lower,-2.16454342248755,0.0000000000000995188623525047
ENSMUSG00000028354,Fmn2,higher,2.63606709094236,0.000000000000103962492453195
ENSMUSG00000043760,Pkhd1,lower,-2.04007157339991,0.000000000000117305177876874
ENSMUSG00000021259,Cyp46a1,lower,-1.54145250556557,0.000000000000122405339377851
ENSMUSG00000032925,Itgbl1,higher,2.5122013514782,0.000000000000134832707481455
ENSMUSG00000035456,Prdm8,lower,-2.04988842005693,0.000000000000161286306585284
ENSMUSG00000085440,Sorbs2os,lower,-1.98911019306903,0.000000000000165664872886423
ENSMUSG00000030701,Plekhb1,lower,-1.70283797919288,0.000000000000187150882310389
ENSMUSG00000100987,Gm1627,higher,2.8762047937912,0.000000000000190950409943401
ENSMUSG00000031451,Gas6,higher,1.47545138941898,0.000000000000196759920408519
ENSMUSG00000031758,Cdyl2,lower,-2.45263555020134,0.00000000000021199805863533
ENSMUSG00000048387,Osr1,higher,1.01830221192669,0.000000000000218020145199335
ENSMUSG00000096001,2610528A11Rik,higher,2.61950116352889,0.000000000000220040487441539
ENSMUSG00000026228,Htr2b,higher,1.10322839055804,0.00000000000022079997643762
ENSMUSG00000037999,Arap2,higher,1.0525525303938,0.000000000000228678213704686
ENSMUSG00000006362,Cbfa2t3,lower,-2.55318876560716,0.000000000000237145205880636
ENSMUSG00000031097,Tnni2,lower,-2.34570446380314,0.000000000000243520373918707
ENSMUSG00000078247,Airn,lower,-1.16138122692635,0.000000000000246774595538075
ENSMUSG00000028713,Cyp4b1,higher,2.73294615522933,0.000000000000261879013414022
ENSMUSG00000037940,Inpp4b,lower,-1.57460630657496,0.000000000000270517149468505
ENSMUSG00000038156,Spon1,lower,-1.62371149968209,0.000000000000274199170425567
ENSMUSG00000086825,Gm15675,lower,-2.11211141978086,0.000000000000307000855600854
ENSMUSG00000022054,Nefm,lower,-2.47230092259814,0.000000000000323140846739565
ENSMUSG00000023391,Dlx2,higher,1.01857357860136,0.000000000000347615284111295
ENSMUSG00000071715,Ncf4,higher,2.85156782290741,0.000000000000363053376283614
ENSMUSG00000020401,Fam71b,lower,-2.50709855639254,0.000000000000367358832708674
ENSMUSG00000027560,Dok5,lower,-2.27590156995429,0.000000000000426662635275517
ENSMUSG00000026110,Mgat4a,lower,-1.2654414326288,0.00000000000047213554818768
ENSMUSG00000000392,Fap,lower,-3.26708762374154,0.000000000000510211087197894
ENSMUSG00000045103,Dmd,lower,-2.29606324903389,0.000000000000520773599240592
ENSMUSG00000082229,Nap1l2,lower,-1.03882523309575,0.00000000000057846394194889
ENSMUSG00000046402,Rbp1,higher,1.07622532587869,0.00000000000058449397104407
ENSMUSG00000061132,Blnk,lower,-1.8158725552316,0.000000000000596904180300422
ENSMUSG00000027832,Ptx3,higher,2.34125044708535,0.000000000000613256511718818
ENSMUSG00000027931,Npr1,lower,-1.2370167453789,0.0000000000006232371370357
ENSMUSG00000020098,Pcbd1,lower,-2.57388804565146,0.000000000000624335401722026
ENSMUSG00000029019,Nppb,lower,-2.15236277724269,0.000000000000677333696572601
ENSMUSG00000046546,Fam43a,higher,1.26770630230072,0.000000000000744978532744621
ENSMUSG00000028217,Cdh17,higher,1.62587459088428,0.000000000000764278631707022
ENSMUSG00000038756,Ttll6,higher,2.17630906478366,0.000000000000784251809725643
ENSMUSG00000060459,Kng2,lower,-2.59411568815076,0.000000000000806324716779878
ENSMUSG00000070337,Gpr179,lower,-1.72769499763031,0.000000000000828800634448988
ENSMUSG00000110411,Gm45457,lower,-1.6633725909669,0.00000000000087030894749988
ENSMUSG00000050272,Dscam,lower,-2.50606770634785,0.000000000000879883631825162
ENSMUSG00000043333,Rhbdl2,lower,-1.52182122779373,0.000000000000897643929749139
ENSMUSG00000026725,Tnn,higher,2.35165989651064,0.000000000000901595505527681
ENSMUSG00000030091,Nup210,lower,-2.75775421266431,0.000000000000950288290663143
ENSMUSG00000058624,Gda,lower,-2.8676143025483,0.000000000000982760600253791
ENSMUSG00000057074,Ces1g,higher,2.54340080829046,0.00000000000105325073250366
ENSMUSG00000049092,Gpr137c,lower,-1.55622210444274,0.00000000000106097313945193
ENSMUSG00000054934,Kcnmb4,higher,1.775803777974,0.00000000000119435101712017
ENSMUSG00000076469,Trbv13-2,higher,2.81940309429735,0.00000000000126006646962794
ENSMUSG00000019775,Rgs17,higher,1.08674385743887,0.00000000000137120821406792
ENSMUSG00000026489,Coq8a,lower,-1.03878591349885,0.00000000000148286166171284
ENSMUSG00000036172,Cd200r3,lower,-2.22183811712615,0.00000000000149742328276061
ENSMUSG00000049916,2610318N02Rik,lower,-1.55545451319725,0.00000000000152740632293665
ENSMUSG00000064325,Hhip,lower,-1.51848299510054,0.00000000000154031182357307
ENSMUSG00000031289,Il13ra2,higher,1.96544371455892,0.00000000000165454714638735
ENSMUSG00000039954,Stk32a,higher,1.26454277234367,0.00000000000177813894481441
ENSMUSG00000053702,Nebl,lower,-1.82030255421598,0.00000000000199392635987104
ENSMUSG00000039745,Htatip2,lower,-2.03391510705098,0.00000000000215962887617624
ENSMUSG00000044770,Scml4,lower,-1.04786070555327,0.00000000000232755949185348
ENSMUSG00000036186,Fam69b,higher,1.25519715272777,0.00000000000242264254328671
ENSMUSG00000029361,Nos1,higher,2.31859513261043,0.0000000000024335099449357
ENSMUSG00000048349,Pou4f1,lower,-1.11355771923236,0.00000000000246217269888943
ENSMUSG00000039891,Txlnb,lower,-1.09530219289817,0.00000000000246902284539927
ENSMUSG00000028150,Rorc,higher,1.23996099524398,0.00000000000252946029657722
ENSMUSG00000023918,Adgrf4,higher,2.61105623305068,0.00000000000257187327168467
ENSMUSG00000043088,Il17re,higher,2.40230458611179,0.00000000000264774001787569
ENSMUSG00000041607,Mbp,higher,1.53012588665969,0.00000000000277221471028909
ENSMUSG00000095332,Gm9821,lower,-1.00953747286841,0.00000000000297437310073382
ENSMUSG00000022489,Pde1b,lower,-1.03771901689667,0.0000000000031973624509998
ENSMUSG00000002006,Pdzd4,lower,-1.11367945491324,0.00000000000321597875210897
ENSMUSG00000029683,Lmod2,lower,-1.92466528076068,0.00000000000324457494462364
ENSMUSG00000057604,Lmcd1,higher,1.14592589476809,0.00000000000338360041380575
ENSMUSG00000024827,Gldc,lower,-1.58243654642794,0.00000000000347531541455007
ENSMUSG00000031789,Cngb1,lower,-2.09045738653891,0.00000000000351119786030811
ENSMUSG00000017491,Rarb,higher,2.0387476752409,0.00000000000371653824951057
ENSMUSG00000024049,Myom1,lower,-1.88808225065593,0.00000000000381331293999762
ENSMUSG00000038578,Susd1,lower,-1.05881469178051,0.00000000000384637716259556
ENSMUSG00000024379,Tslp,lower,-1.16440498335927,0.00000000000388742080316564
ENSMUSG00000053025,Sv2b,lower,-2.16687022833323,0.00000000000392252227907032
ENSMUSG00000033213,AA467197,lower,-2.26267649699741,0.00000000000439213910053019
ENSMUSG00000040447,Spns2,higher,1.99055599640602,0.00000000000458369227615794
ENSMUSG00000055421,Pcdh9,higher,2.68760992477119,0.0000000000049929618350458
ENSMUSG00000030406,Gipr,lower,-1.56375864708593,0.00000000000501376908575226
ENSMUSG00000051669,AU021092,lower,-1.81930201865056,0.00000000000512894030715202
ENSMUSG00000097924,A730020E08Rik,higher,1.57958274387755,0.00000000000573177162086575
ENSMUSG00000037161,Mgarp,lower,-2.00267086246812,0.00000000000604087149114392
ENSMUSG00000049420,Tmem200a,lower,-1.8215919241489,0.00000000000622543335519218
ENSMUSG00000005836,Gata6,lower,-2.36557519043278,0.00000000000626062334340325
ENSMUSG00000049307,Fut4,lower,-1.75098574426934,0.00000000000703549477200951
ENSMUSG00000056133,Gm9992,higher,2.04731495246087,0.00000000000720666543301253
ENSMUSG00000003949,Hlf,lower,-2.9853615120235,0.00000000000722736123404677
ENSMUSG00000035948,Acss3,higher,2.44523362953593,0.00000000000728046236821657
ENSMUSG00000027249,F2,lower,-2.30161510501165,0.00000000000802383073611785
ENSMUSG00000113726,Gm36099,lower,-2.48870485875131,0.00000000000976621889945886
ENSMUSG00000022382,Wnt7b,lower,-2.37600611454013,0.0000000000109838152480311
ENSMUSG00000093800,Gm20796,lower,-2.69232005972232,0.0000000000111977878513836
ENSMUSG00000053093,Myh7,lower,-1.75083874727612,0.0000000000119625489913443
ENSMUSG00000050556,Kcnb1,lower,-1.51348347452708,0.0000000000123552777192873
ENSMUSG00000085456,Gm15398,lower,-1.06289335829215,0.0000000000125873910337023
ENSMUSG00000041797,Abca9,higher,1.42763467494861,0.0000000000133697717579744
ENSMUSG00000025610,Map3k7cl,lower,-1.98601475516723,0.0000000000134124968795791
ENSMUSG00000027674,Pex5l,higher,1.62031990064413,0.0000000000136951915358279
ENSMUSG00000061524,Zic2,higher,1.58675468407606,0.0000000000141424464373525
ENSMUSG00000066392,Nrxn3,lower,-1.87986119653901,0.0000000000143356187474863
ENSMUSG00000037139,Myom3,lower,-2.77777207672787,0.0000000000150710636444152
ENSMUSG00000025064,Col17a1,lower,-1.36076407862158,0.0000000000166093016096199
ENSMUSG00000030433,Sbk2,lower,-1.79049456480791,0.0000000000176119749494499
ENSMUSG00000031355,Arhgap6,lower,-2.48948219820578,0.0000000000183044128597091
ENSMUSG00000075014,Gm10800,lower,-1.61338259840714,0.0000000000193526098435406
ENSMUSG00000027777,Schip1,lower,-1.06481638298266,0.0000000000194461537872542
ENSMUSG00000098470,C1rb,higher,1.41488000613302,0.0000000000212919189540295
ENSMUSG00000040035,Disp2,lower,-1.90027850423744,0.0000000000217123691133786
ENSMUSG00000029417,Cxcl9,higher,2.27838734335412,0.000000000021812048467247
ENSMUSG00000086233,Gm11816,lower,-1.22900685388947,0.0000000000221715864222291
ENSMUSG00000019929,Dcn,lower,-2.10949625935028,0.0000000000222947801852067
ENSMUSG00000025993,Slc40a1,higher,1.12413585560403,0.0000000000279838171817636
ENSMUSG00000040584,Abcb1a,lower,-2.14473059937085,0.0000000000280722541901237
ENSMUSG00000030064,Frmd4b,lower,-2.69414079970231,0.0000000000287389520192615
ENSMUSG00000031273,Col4a6,higher,1.41116263435495,0.0000000000297746051680854
ENSMUSG00000031410,Nxf7,lower,-1.34187705807371,0.0000000000311292333415571
ENSMUSG00000009487,Otog,lower,-1.91809607341091,0.0000000000324230520086276
ENSMUSG00000022148,Fyb,lower,-1.63890446210318,0.0000000000333092203286279
ENSMUSG00000063529,Stmnd1,lower,-2.19073979116841,0.0000000000341558929649252
ENSMUSG00000034533,Scn10a,lower,-1.5284696072574,0.0000000000354107251761748
ENSMUSG00000026077,Npas2,lower,-2.63711456582331,0.0000000000354116690767871
ENSMUSG00000035916,Ptprq,lower,-1.17505788492044,0.0000000000356449727006811
ENSMUSG00000038403,Hfe2,lower,-2.49055537319956,0.0000000000373154800753488
ENSMUSG00000074652,Myh7b,lower,-2.1178454994782,0.000000000041182285184368
ENSMUSG00000110071,Gm45512,lower,-2.16983662289564,0.0000000000456271273983104
ENSMUSG00000037386,Rims2,higher,1.87091653964023,0.0000000000475269078982945
ENSMUSG00000097756,A730056A06Rik,lower,-1.9849603176701,0.0000000000518135622348342
ENSMUSG00000026638,Irf6,lower,-1.57877572870548,0.0000000000536062685398796
ENSMUSG00000037025,Foxa2,higher,1.48565789905569,0.0000000000536784913860305
ENSMUSG00000024730,Ms4a8a,lower,-2.65857019471477,0.0000000000558755590476306
ENSMUSG00000028125,Abca4,lower,-1.4310202013029,0.0000000000574061955564846
ENSMUSG00000024420,Zfp521,lower,-2.4971869989149,0.0000000000586284257454116
ENSMUSG00000040666,Sh3bgr,lower,-1.12254580585778,0.0000000000596833830953661
ENSMUSG00000019787,Trdn,higher,2.11094228301557,0.0000000000607745713393758
ENSMUSG00000003279,Dlgap1,lower,-1.33355848658977,0.000000000060959901857306
ENSMUSG00000040838,Gm11639,lower,-2.05426779342026,0.0000000000646017353747512
ENSMUSG00000000202,Btbd17,lower,-2.06737398963195,0.0000000000751048769427312
ENSMUSG00000028238,Atp6v0d2,higher,1.70289543511205,0.0000000000759977876176057
ENSMUSG00000004939,Nmrk2,lower,-1.93257795031688,0.0000000000782590119345901
ENSMUSG00000074892,B3galt5,lower,-2.2924041732327,0.0000000000786397901635382
ENSMUSG00000048960,Prex2,higher,2.11604387962569,0.0000000000852867177938737
ENSMUSG00000031654,Cbln1,higher,1.23765369537776,0.0000000000886012731238845
ENSMUSG00000086541,Has2os,higher,1.00637257876422,0.0000000000901794337231684
ENSMUSG00000001053,N4bp3,lower,-1.13283332759939,0.0000000000902536317526219
ENSMUSG00000047230,Cldn2,lower,-2.30164306750115,0.0000000000952086349292067
ENSMUSG00000000303,Cdh1,lower,-2.16876939806718,0.0000000000989624833252663
ENSMUSG00000079261,Gm15217,higher,2.31512966894376,0.0000000000993619567486243
ENSMUSG00000026253,Chrng,lower,-1.82944879556409,0.000000000101322122803562
ENSMUSG00000056476,Med12l,higher,1.87950513679776,0.000000000108043030072571
ENSMUSG00000047986,Palm3,lower,-1.28206346251553,0.000000000108201282152866
ENSMUSG00000079343,C1s2,higher,1.96466147946279,0.000000000112122141816154
ENSMUSG00000048520,Fbxl13,lower,-1.11901801039903,0.000000000122940274799003
ENSMUSG00000072905,Gm2016,higher,2.80182177344194,0.000000000125623379801904
ENSMUSG00000034555,Tex16,lower,-2.09749474269486,0.000000000129699361668069
ENSMUSG00000002076,Hsf2bp,lower,-1.44977020423048,0.000000000131397118426708
ENSMUSG00000087247,Alkal1,higher,2.1990324570632,0.000000000138505254921128
ENSMUSG00000031098,Syt8,lower,-1.69110261676615,0.000000000151053482416417
ENSMUSG00000029307,Dmp1,lower,-2.11263378842744,0.000000000151481169808017
ENSMUSG00000041216,Clvs1,lower,-1.40623295122651,0.000000000168749048250043
ENSMUSG00000062694,Cav3,lower,-2.16769896243877,0.000000000180207922140014
ENSMUSG00000092397,C130080G10Rik,lower,-2.19115851861722,0.000000000187095054766862
ENSMUSG00000024388,Myo7b,lower,-2.32361727425152,0.000000000203355511739338
ENSMUSG00000038143,Stox2,lower,-2.46529112128136,0.000000000206920188766059
ENSMUSG00000015970,Chdh,lower,-1.87827545452055,0.000000000215041136539937
ENSMUSG00000074195,Clca4b,lower,-2.53999257026837,0.000000000216414699278509
ENSMUSG00000069919,Hba-a1,lower,-2.09053361350724,0.000000000218804299875336
ENSMUSG00000045238,A730035I17Rik,lower,-2.32552989213828,0.000000000225422440416934
ENSMUSG00000024990,Rbp4,higher,2.74501262569569,0.00000000023084340407951
ENSMUSG00000050671,Ism2,higher,1.51397168545793,0.000000000252591649585284
ENSMUSG00000102590,Mannr,higher,1.9705714643931,0.000000000274218429068042
ENSMUSG00000043441,Gpr149,lower,-2.25118419516219,0.000000000296644975074981
ENSMUSG00000117365,ENSMUSG00000117365,lower,-2.09200884840201,0.000000000300158771462116
ENSMUSG00000104271,Gm37891,higher,2.15548779057868,0.000000000316336499707345
ENSMUSG00000006386,Tek,lower,-1.86956993884759,0.000000000318917968789557
ENSMUSG00000032648,Pygm,lower,-2.18088787501903,0.000000000321323686947199
ENSMUSG00000029561,Oasl2,lower,-1.02553791137974,0.000000000325089176509408
ENSMUSG00000003411,Rab3b,higher,1.37516713032312,0.000000000349885112371567
ENSMUSG00000097558,Gm26902,higher,1.31136180999364,0.000000000357716787824742
ENSMUSG00000097516,4930467D21Rik,lower,-1.97163710167653,0.000000000373809784397941
ENSMUSG00000020377,Ltc4s,higher,1.47484525310112,0.000000000398468428603603
ENSMUSG00000101549,Gm29630,lower,-1.11243298307254,0.000000000407930438445834
ENSMUSG00000024109,Nrxn1,higher,1.99530882612317,0.000000000459992080612516
ENSMUSG00000087088,Gm16638,lower,-1.25659793201437,0.000000000466023639658722
ENSMUSG00000048373,Fgfbp1,lower,-1.81944783190841,0.000000000466845081666612
ENSMUSG00000074971,Fibin,lower,-1.75252066632259,0.00000000047719541908341
ENSMUSG00000090439,Gm17455,lower,-1.87608910923118,0.000000000479979877031923
ENSMUSG00000030666,Calcb,higher,1.76079271478713,0.000000000538259504733761
ENSMUSG00000047746,Fbxo40,lower,-2.25178930048073,0.00000000054113587351208
ENSMUSG00000099964,Gm29514,higher,1.41551794254631,0.000000000568446260074149
ENSMUSG00000061816,Myl1,lower,-2.32645378759824,0.000000000590827064481445
ENSMUSG00000031022,BC051019,lower,-2.07355814098397,0.000000000603381935946295
ENSMUSG00000054493,Gm9947,lower,-1.92187192767046,0.00000000061713745748897
ENSMUSG00000020178,Adora2a,lower,-1.8368977594657,0.000000000634596781256264
ENSMUSG00000055360,Prl2c5,lower,-1.96086308326654,0.000000000662014729615414
ENSMUSG00000041540,Sox5,lower,-1.18911671254372,0.000000000669192531238747
ENSMUSG00000064147,Rab44,lower,-1.86751259269393,0.000000000674107821554675
ENSMUSG00000046167,Gldn,higher,2.30492054786683,0.000000000751080469330323
ENSMUSG00000048582,Gja3,lower,-1.79424462385403,0.000000000761010780660667
ENSMUSG00000026458,Ppfia4,lower,-2.20917306421721,0.000000000784781303394947
ENSMUSG00000047787,Flrt1,lower,-1.36651693479406,0.000000000816157342633924
ENSMUSG00000001763,Tspan33,lower,-1.93135028620574,0.000000000874136273513107
ENSMUSG00000048218,Amigo2,lower,-1.03435702962454,0.000000000885612552697641
ENSMUSG00000034570,Inpp5j,lower,-1.55333271616498,0.000000000912195043912339
ENSMUSG00000024479,Mal2,higher,2.42226073931172,0.000000000920515565000909
ENSMUSG00000109447,Gm3198,lower,-2.12353136586927,0.000000000942831176922415
ENSMUSG00000034842,Art3,lower,-1.53181311987321,0.00000000101652370423041
ENSMUSG00000044162,Tnip3,higher,2.33570161745269,0.00000000104291671100095
ENSMUSG00000056271,Lman1l,lower,-1.63191792095986,0.00000000106602643294355
ENSMUSG00000097325,Gm16897,higher,1.3042202645101,0.00000000109074972175588
ENSMUSG00000024697,Gna14,lower,-2.09215965213967,0.00000000114583151406457
ENSMUSG00000024228,Nudt12,lower,-1.08777486230349,0.00000000121285778805145
ENSMUSG00000024548,Setbp1,lower,-1.0318548113354,0.00000000124732812389116
ENSMUSG00000012123,Crybg2,lower,-2.06840669577079,0.00000000126726352694581
ENSMUSG00000038692,Hoxb4,lower,-1.89833190649684,0.00000000129442115119639
ENSMUSG00000087579,Hectd2os,lower,-1.98736534513011,0.00000000139115910045436
ENSMUSG00000045319,Proser2,lower,-1.25524756352491,0.00000000139295157508707
ENSMUSG00000061540,Orm2,higher,2.14251079994102,0.00000000146643128073676
ENSMUSG00000040624,Plekhg1,lower,-1.7359479118875,0.00000000151404017307306
ENSMUSG00000000157,Itgb2l,lower,-1.99643090624009,0.00000000152851571980621
ENSMUSG00000025170,Rab40b,lower,-1.17793935793431,0.00000000158945979994775
ENSMUSG00000066000,Zfp979,higher,1.58783515626218,0.00000000159794223946861
ENSMUSG00000016458,Wt1,higher,1.51694324832952,0.00000000171748998593181
ENSMUSG00000036862,Dchs1,higher,1.11918211189862,0.0000000017832046084349
ENSMUSG00000015342,Xk,lower,-1.57900293392891,0.0000000017867537711409
ENSMUSG00000031906,Smpd3,higher,1.58064190305327,0.00000000179585199133806
ENSMUSG00000031385,Plxnb3,lower,-1.61633583825656,0.00000000181336959069638
ENSMUSG00000045281,Gpr20,lower,-1.25545905690291,0.00000000186599932868868
ENSMUSG00000106032,Gm42463,higher,1.39485206170505,0.00000000194739626843355
ENSMUSG00000028977,Casz1,lower,-1.02216788284018,0.00000000201325717973578
ENSMUSG00000100706,Gm19744,higher,1.27729466447605,0.0000000020516666252819
ENSMUSG00000008658,Rbfox1,lower,-1.83910927453303,0.00000000209238155645911
ENSMUSG00000032495,Lrrc2,lower,-2.07222930112393,0.00000000224190056305683
ENSMUSG00000001663,Gstt1,higher,1.41845438396685,0.00000000230128533237048
ENSMUSG00000069372,Ctxn3,lower,-1.89240404018575,0.00000000232389367199462
ENSMUSG00000020067,Mypn,lower,-1.58411816297417,0.00000000244356256245338
ENSMUSG00000022012,Enox1,lower,-1.53355373618232,0.00000000264761840337632
ENSMUSG00000101334,1700028M03Rik,higher,2.50611970248402,0.00000000272176713447333
ENSMUSG00000044086,Lmod3,lower,-2.40193812507688,0.00000000272481707047392
ENSMUSG00000022847,Thpo,lower,-1.39567048848629,0.0000000027912277860945
ENSMUSG00000098052,Gm5300,higher,1.91827096252009,0.00000000283520859229552
ENSMUSG00000108601,Gm44645,lower,-1.68535277680213,0.00000000325613837714014
ENSMUSG00000031872,Bean1,lower,-1.52037930566249,0.00000000334090941463855
ENSMUSG00000046000,Naa11,lower,-1.86986054203399,0.00000000338948784300271
ENSMUSG00000022512,Cldn1,lower,-2.37643683043045,0.00000000368780166387484
ENSMUSG00000057948,Unc13d,lower,-1.35695331525122,0.0000000040114434510641
ENSMUSG00000038591,Colec10,lower,-2.1230999832396,0.0000000042030343182027
ENSMUSG00000029092,D5Ertd615e,lower,-1.6196093815614,0.00000000424331052225571
ENSMUSG00000059049,Frem1,lower,-1.72107403510654,0.00000000471293628757545
ENSMUSG00000050157,Gm867,lower,-1.69452139363317,0.00000000482279212821344
ENSMUSG00000000215,Ins2,lower,-2.19779476285654,0.00000000483844313290057
ENSMUSG00000107355,AI839979,lower,-1.43950390240443,0.00000000486502666190059
ENSMUSG00000115494,Gm49293,lower,-1.93267526771816,0.00000000510595277840387
ENSMUSG00000117605,ENSMUSG00000117605,lower,-2.33701512719477,0.00000000565202220867235
ENSMUSG00000024500,Ppp2r2b,lower,-1.50449690234097,0.00000000654225801908039
ENSMUSG00000038623,Tm6sf1,lower,-2.16137493356115,0.00000000654681507689444
ENSMUSG00000029279,Brdt,lower,-1.29273716082502,0.00000000679321608828051
ENSMUSG00000079654,Prrt4,lower,-1.68116991793019,0.00000000687939412582441
ENSMUSG00000113771,Gm36529,higher,2.04292196833232,0.00000000691180500315949
ENSMUSG00000085696,Hoxaas3,higher,1.05694664129863,0.00000000705291713409121
ENSMUSG00000040987,Mill2,lower,-1.34095643661671,0.0000000073372405805111
ENSMUSG00000086755,Gm11216,lower,-1.41267926376088,0.00000000741982321823652
ENSMUSG00000029641,Rasl11a,higher,1.24236577228637,0.00000000746080088253024
ENSMUSG00000068231,Vmn1r43,lower,-1.13027401899408,0.00000000749126497619669
ENSMUSG00000116617,ENSMUSG00000116617,lower,-1.79346882564452,0.00000000797416160340016
ENSMUSG00000041556,Fbxo2,higher,1.20592746999566,0.00000000818787284273934
ENSMUSG00000024232,Bambi,higher,1.63798694911181,0.00000000829991208697252
ENSMUSG00000020641,Rsad2,lower,-1.37659503308299,0.00000000888212181321522
ENSMUSG00000045094,Arhgef37,lower,-1.06156882650935,0.00000000968760956595963
ENSMUSG00000030739,Myh14,lower,-2.09844263874968,0.00000000985916538045707
ENSMUSG00000048489,8430408G22Rik,lower,-1.37484166190981,0.0000000106156366681094
ENSMUSG00000038239,Hrc,lower,-2.57317629367598,0.0000000109758860103948
ENSMUSG00000021136,Smoc1,higher,1.83032079363601,0.0000000112345970483646
ENSMUSG00000082361,Btc,lower,-1.13095912964624,0.0000000113749293311755
ENSMUSG00000021108,Prkch,lower,-1.72284174109075,0.000000011615114672961
ENSMUSG00000032523,Hhatl,lower,-1.38416992948537,0.0000000117916108692257
ENSMUSG00000028558,Calr4,lower,-1.68427311845697,0.0000000124377399092672
ENSMUSG00000069874,Irgm2,lower,-1.29025637736837,0.0000000127081275881119
ENSMUSG00000008845,Cd163,higher,1.26999968673971,0.000000013200071647838
ENSMUSG00000090793,Gm6650,higher,1.50813636279668,0.0000000139437848653736
ENSMUSG00000059003,Grin2a,lower,-2.23550114001667,0.0000000140631419631232
ENSMUSG00000086006,Gm13293,higher,2.05524883058379,0.0000000146578243887174
ENSMUSG00000112716,4930471E19Rik,lower,-1.03858631985833,0.0000000148231083085967
ENSMUSG00000022037,Clu,higher,1.67891210590467,0.0000000148380306353888
ENSMUSG00000017652,Cd40,lower,-1.48410146617005,0.0000000162148564044558
ENSMUSG00000097928,Gm26578,higher,1.29888540470216,0.0000000166442673576575
ENSMUSG00000047959,Kcna3,lower,-2.04836301186965,0.0000000169798639389859
ENSMUSG00000097875,Gm26704,higher,1.3295916765243,0.0000000170483866223265
ENSMUSG00000042246,Tmc7,lower,-1.12559554736592,0.0000000180101797304181
ENSMUSG00000117926,ENSMUSG00000117926,lower,-1.83017578918584,0.0000000197232102070007
ENSMUSG00000044647,Csrnp3,lower,-2.04539057010491,0.0000000203044769714347
ENSMUSG00000051486,Pcdhb11,higher,1.57709645083349,0.0000000204589664572265
ENSMUSG00000030170,Wnt5b,higher,1.38673369749463,0.000000020891712090611
ENSMUSG00000016386,Mpped2,higher,2.19418737508643,0.0000000209459929372177
ENSMUSG00000107655,Gm44220,lower,-1.94327591663913,0.0000000213190949134324
ENSMUSG00000099528,2410012E07Rik,lower,-1.83303282582716,0.000000024108580518914
ENSMUSG00000102997,Gm17244,lower,-2.03548307799897,0.0000000241760220013712
ENSMUSG00000057182,Scn3a,lower,-2.07689938342426,0.0000000254438877547028
ENSMUSG00000074264,Amy1,higher,1.3580796019161,0.0000000261133563810678
ENSMUSG00000039742,Fam71f1,lower,-1.34922061518785,0.0000000276595432128141
ENSMUSG00000044641,Pard6b,lower,-1.63400598565226,0.0000000284349853726992
ENSMUSG00000112466,Gm29674,higher,2.26273848690755,0.0000000291758463161836
ENSMUSG00000107256,Gm13821,lower,-1.89215002632589,0.0000000300012608177998
ENSMUSG00000040329,Il7,higher,1.24096267059869,0.0000000308540117006628
ENSMUSG00000032289,Thsd4,lower,-1.50585638770889,0.0000000327165998234683
ENSMUSG00000009394,Syn2,lower,-1.16370671728521,0.000000034539715657903
ENSMUSG00000087691,Gm15674,lower,-1.69654075480956,0.0000000352293771303191
ENSMUSG00000030075,Cntn3,lower,-1.63217639097573,0.0000000352293771303191
ENSMUSG00000034652,Cd300a,lower,-2.09934600128198,0.0000000356063650437457
ENSMUSG00000032053,Pou2af1,lower,-2.16358575218884,0.0000000359693993738406
ENSMUSG00000036570,Fxyd1,higher,1.94247090035342,0.0000000364999773895278
ENSMUSG00000043913,Ccdc60,higher,1.75146386117839,0.0000000375372362572627
ENSMUSG00000030470,Csrp3,lower,-1.76489864097018,0.0000000383715743076071
ENSMUSG00000032327,Stra6,higher,1.85115067511981,0.0000000388479630146137
ENSMUSG00000050503,Fbxl22,lower,-1.21796227162719,0.0000000392428676008643
ENSMUSG00000000244,Tspan32,lower,-2.00112431962042,0.0000000396373016705563
ENSMUSG00000046634,Pkd1l1,higher,1.65772642822973,0.0000000422837783416483
ENSMUSG00000027520,Zdbf2,lower,-2.02966243868446,0.0000000441150967277407
ENSMUSG00000051590,Map3k19,lower,-1.48348618459433,0.0000000441700090082228
ENSMUSG00000039798,2600006K01Rik,higher,1.28390187497641,0.000000044337111102928
ENSMUSG00000056328,Myh1,lower,-2.04858285234231,0.0000000474265980835059
ENSMUSG00000034813,Grip1,lower,-1.80934946023745,0.0000000479403878854494
ENSMUSG00000020577,Tspan13,lower,-1.49168045375107,0.0000000479403878854494
ENSMUSG00000093695,Gm20717,higher,1.12490880322552,0.0000000485037351000138
ENSMUSG00000103586,5830405F06Rik,higher,1.94787177723328,0.0000000492095780232037
ENSMUSG00000047330,Kcne4,higher,1.83002706380676,0.0000000498498411915303
ENSMUSG00000086203,Gm13985,higher,1.68588170170823,0.0000000508491935576778
ENSMUSG00000019990,Pde7b,lower,-2.06326261255031,0.0000000513885160013343
ENSMUSG00000025983,Ccdc150,lower,-1.66189443767122,0.0000000535489580405925
ENSMUSG00000026828,Galnt5,lower,-2.1544628500647,0.0000000571993643781841
ENSMUSG00000079460,4933403O08Rik,lower,-1.79233061266532,0.000000057683438439729
ENSMUSG00000081769,Gm12216,higher,1.05935686850911,0.0000000617111462809399
ENSMUSG00000020333,Acsl6,lower,-2.03835495365949,0.0000000711641512479537
ENSMUSG00000038811,Gngt2,lower,-1.49044216909875,0.0000000716890577097184
ENSMUSG00000042604,Kcna4,higher,2.06710530776903,0.0000000742863335995992
ENSMUSG00000014603,Alx3,higher,2.14202394315186,0.000000082352209064138
ENSMUSG00000049571,Cfap46,higher,1.44165731717487,0.000000085750919103552
ENSMUSG00000040569,Slc26a7,lower,-2.04325265117276,0.0000000898671438043632
ENSMUSG00000113971,Gm2022,higher,1.66359131075827,0.0000000899794607156036
ENSMUSG00000106293,Gm42476,lower,-1.28240514334167,0.000000092364047484027
ENSMUSG00000090631,Olfr456,lower,-1.80603815046061,0.0000000928149428955343
ENSMUSG00000076498,Trbc2,higher,2.06350962368386,0.0000000967018846063863
ENSMUSG00000091971,Hspa1a,lower,-1.07351995477172,0.000000107228459633863
ENSMUSG00000074183,Gsta1,lower,-1.61448259391737,0.000000118615415418794
ENSMUSG00000063193,Cd300lb,lower,-1.78867813198537,0.000000135131515919347
ENSMUSG00000082630,Gm14834,higher,1.70011854758387,0.000000137109117459632
ENSMUSG00000051851,Rtl8c,higher,1.09452600142587,0.000000150758229437318
ENSMUSG00000109962,1700025L06Rik,lower,-1.26147439264572,0.000000152949880259806
ENSMUSG00000071369,Map3k5,lower,-1.36170541929615,0.000000162987967138519
ENSMUSG00000026976,Pax8,lower,-1.73187953335783,0.00000017156708338168
ENSMUSG00000025175,Fn3k,lower,-1.67390026620602,0.000000178119359491896
ENSMUSG00000038132,Rbm24,lower,-2.10323361917252,0.00000017925730229868
ENSMUSG00000049436,Upk1b,lower,-1.93841751929955,0.000000181841922996563
ENSMUSG00000098613,Mir6931,lower,-1.50544481558524,0.000000222549513749749
ENSMUSG00000050164,Mchr1,higher,1.27208947500683,0.000000224750164441541
ENSMUSG00000032066,Bco2,lower,-1.53788155871862,0.000000231509859894146
ENSMUSG00000071470,Ccnb1ip1,higher,1.10003385567388,0.000000232411612702711
ENSMUSG00000109422,Gm45174,higher,1.88034883992435,0.00000023264547234355
ENSMUSG00000050919,Zfp366,lower,-1.64608021142029,0.000000235762927069459
ENSMUSG00000047428,Dlk2,higher,1.65279796089707,0.00000023722623194814
ENSMUSG00000091055,Siglec15,lower,-1.55617100660252,0.000000244708623712334
ENSMUSG00000074577,Ripor3,lower,-1.86009202887577,0.00000024636592423298
ENSMUSG00000029601,Iqcd,lower,-1.2287986933144,0.000000252503869232646
ENSMUSG00000104045,Gm37565,lower,-1.56258004801661,0.000000261759327403907
ENSMUSG00000113805,Gm5788,higher,2.03515239234898,0.000000269875616618721
ENSMUSG00000040276,Pacsin1,lower,-1.8046379185122,0.000000290097071850573
ENSMUSG00000087135,Gm16096,lower,-1.7247729139522,0.000000290605992356983
ENSMUSG00000072592,Gm10373,higher,1.98121707843544,0.00000029069487253589
ENSMUSG00000086043,Gm12473,higher,1.23318767805483,0.000000292457903568688
ENSMUSG00000024867,Pip5k1b,lower,-1.47066679340241,0.000000308337632645119
ENSMUSG00000117197,ENSMUSG00000117197,lower,-1.99579718663709,0.000000322485321441738
ENSMUSG00000058252,Tcp11x2,lower,-1.73021348607573,0.00000032278639077099
ENSMUSG00000101746,2310043L19Rik,lower,-1.63510732877922,0.000000343118796556514
ENSMUSG00000086918,4930429F24Rik,lower,-1.6709102134424,0.000000344885636391994
ENSMUSG00000052974,Cyp2f2,higher,1.46934887290776,0.000000381718335350431
ENSMUSG00000006221,Hspb7,lower,-1.50672260541592,0.000000424778964917818
ENSMUSG00000001240,Ramp2,lower,-1.17110200432446,0.000000427870628941431
ENSMUSG00000030098,Grip2,lower,-1.58725302819548,0.000000437409295273732
ENSMUSG00000085852,Gm13807,lower,-1.07281989748843,0.000000440705399528021
ENSMUSG00000084960,B430010I23Rik,higher,1.35113687516406,0.000000445937763330694
ENSMUSG00000029648,Flt1,lower,-1.26986551768766,0.0000004467096343171
ENSMUSG00000114496,Gm47601,higher,1.67234550793826,0.000000451101317613639
ENSMUSG00000108434,Gm45768,higher,1.36316748561258,0.000000452282405359802
ENSMUSG00000097305,Gm17276,lower,-1.52218928021438,0.000000467238374531434
ENSMUSG00000086021,Gm15767,lower,-1.71983393731887,0.000000486531276082628
ENSMUSG00000038408,1700018A04Rik,higher,1.50703171324448,0.000000506954238738
ENSMUSG00000113942,Gm18632,higher,1.29527776726163,0.00000052463598588065
ENSMUSG00000049719,Prss46,higher,1.247506562487,0.000000545902041806746
ENSMUSG00000089991,Gm16332,higher,1.42929042192948,0.000000547255863308993
ENSMUSG00000069763,Tmem100,higher,1.76805907004851,0.000000560803861244437
ENSMUSG00000019880,Rspo3,higher,2.07460551785465,0.000000593443199847359
ENSMUSG00000030205,Gprc5d,lower,-1.37873576436102,0.000000680930731991402
ENSMUSG00000048442,Smim5,lower,-1.14869638994722,0.000000707364318290682
ENSMUSG00000054003,Tdrd9,lower,-1.69555013490535,0.000000715329301113314
ENSMUSG00000036687,Tmem184a,lower,-1.5932115161909,0.000000741481849334011
ENSMUSG00000097797,Gm26901,lower,-1.35554715675085,0.000000751469926450554
ENSMUSG00000115193,Gm6533,lower,-1.59454662803687,0.000000795594451051531
ENSMUSG00000044854,1700056E22Rik,lower,-1.19119531950208,0.000000800852129662537
ENSMUSG00000025279,Dnase1l3,lower,-1.596965454287,0.000000803094191424026
ENSMUSG00000049565,Aknad1,lower,-1.3115404728262,0.00000084907433672102
ENSMUSG00000021640,Naip1,lower,-1.70464439588208,0.000000858894169457178
ENSMUSG00000076846,Trav13-2,lower,-1.67751693009577,0.000000909019224536587
ENSMUSG00000020904,Cfap52,lower,-1.84813975850153,0.000000974179777151336
ENSMUSG00000041945,Mfsd9,lower,-1.12638873393858,0.00000109063056741551
ENSMUSG00000021872,Rnase10,higher,1.46431872154724,0.00000110017108661576
ENSMUSG00000090291,Lrrc10b,lower,-1.79398225601896,0.0000011024522249352
ENSMUSG00000085623,Gm16041,lower,-1.35823012696123,0.00000117246252553122
ENSMUSG00000043251,Exoc3l,lower,-1.00313056100796,0.00000118283974363689
ENSMUSG00000070687,Htr1d,higher,1.06154453395627,0.0000011871132136698
ENSMUSG00000108732,2310043P16Rik,higher,1.17157354707097,0.00000118944871796777
ENSMUSG00000024036,Slc37a1,lower,-1.86777626193782,0.00000121446696366567
ENSMUSG00000115902,ENSMUSG00000115902,higher,1.42484984855908,0.00000127354175584757
ENSMUSG00000032224,Fam81a,lower,-1.63348765092133,0.000001306223770368
ENSMUSG00000055415,Atp10b,higher,1.47890540690921,0.000001306223770368
ENSMUSG00000045008,9030612E09Rik,higher,1.71168395087463,0.00000131669346736255
ENSMUSG00000113201,Gm21936,higher,1.59657622485657,0.00000133335017177366
ENSMUSG00000081058,Hist2h3c2,higher,1.08529584971248,0.00000141338083070879
ENSMUSG00000039179,Tekt5,lower,-1.54081054955484,0.00000151968054834106
ENSMUSG00000029095,Ablim2,lower,-1.38756580751897,0.00000157370374170689
ENSMUSG00000042357,Gjb5,higher,1.57780083256301,0.00000161440061293048
ENSMUSG00000094841,Gm10610,lower,-1.69887966845157,0.0000016167787947584
ENSMUSG00000107568,Gm18840,higher,1.62930353770865,0.00000161802198191315
ENSMUSG00000091712,Sec14l5,lower,-1.71783811047758,0.00000166978519664807
ENSMUSG00000048416,Mlf1,lower,-1.28084438051822,0.00000167619975814558
ENSMUSG00000022803,Popdc2,lower,-1.48559776636317,0.00000169910417446779
ENSMUSG00000040710,St8sia4,higher,1.36139133862966,0.00000170200950810454
ENSMUSG00000027514,Zbp1,lower,-1.41811026474045,0.00000176507498528495
ENSMUSG00000054034,Tceal5,lower,-1.69305536505215,0.00000181716856273603
ENSMUSG00000109709,Gm45290,higher,1.02903181198982,0.00000186072380260141
ENSMUSG00000035296,Sgcg,lower,-1.09323756059677,0.00000187367715724358
ENSMUSG00000112276,5033421B08Rik,lower,-1.46733926688482,0.00000195906238584227
ENSMUSG00000005800,Mmp8,higher,1.81829113338652,0.00000202635714715208
ENSMUSG00000114744,Gm38409,higher,1.19233473646005,0.00000207199899758579
ENSMUSG00000051727,Kctd14,higher,1.51036563950833,0.00000221179510284814
ENSMUSG00000109398,Gm3854,lower,-1.83234597668654,0.00000221920106445835
ENSMUSG00000102051,I830127L07Rik,lower,-1.62926707537562,0.00000223820403911719
ENSMUSG00000043670,Diras1,lower,-1.19330226327945,0.00000229886026155194
ENSMUSG00000072945,Ripply1,lower,-1.91143548054055,0.00000261555099077837
ENSMUSG00000079355,Ackr4,higher,1.22439685611286,0.00000270503004000838
ENSMUSG00000088951,Gm24940,higher,1.62194170910476,0.00000282353740262281
ENSMUSG00000099338,2810030D12Rik,lower,-1.67637539196095,0.0000028957684856522
ENSMUSG00000021356,Irf4,lower,-1.78897124305354,0.00000291444918200848
ENSMUSG00000087014,Gm16364,lower,-1.00051946223084,0.00000297415279417282
ENSMUSG00000078915,Hsp25-ps1,lower,-1.54450064002803,0.00000315609508774733
ENSMUSG00000097282,5031415H12Rik,lower,-1.45552088659121,0.00000334124480969444
ENSMUSG00000055430,Nap1l5,higher,1.13135626850597,0.00000342196657234377
ENSMUSG00000044103,Il1f9,lower,-1.7867023206172,0.00000349030880479981
ENSMUSG00000050251,Olfr809,higher,1.46866260535647,0.00000368751927283104
ENSMUSG00000021680,Crhbp,lower,-1.69448749906527,0.00000379165810082668
ENSMUSG00000071226,Cecr2,lower,-1.75959980881987,0.00000380799169169275
ENSMUSG00000051998,Lax1,higher,1.44027295511605,0.0000039637736709692
ENSMUSG00000057933,Gsta2,lower,-1.68908942787078,0.00000400488676469989
ENSMUSG00000032186,Tmod2,lower,-1.12569271762974,0.00000405548595396374
ENSMUSG00000049555,Tmie,higher,1.01953841122513,0.00000405984521584215
ENSMUSG00000015090,Ptgds,lower,-1.49158233313115,0.00000411091697818671
ENSMUSG00000117061,ENSMUSG00000117061,lower,-1.12342945990473,0.0000042085848266047
ENSMUSG00000033196,Myh2,lower,-1.7098662621467,0.00000444842753692232
ENSMUSG00000108161,Gm32914,lower,-1.36295997355419,0.00000452059559023586
ENSMUSG00000039714,Cplx3,lower,-1.46340778855087,0.00000464000806831054
ENSMUSG00000097474,Gm26584,higher,1.71993797760024,0.00000464227325203888
ENSMUSG00000116760,ENSMUSG00000116760,lower,-1.65306563028792,0.00000464603192113931
ENSMUSG00000111556,Gm19299,higher,1.46730656112701,0.00000466207466621991
ENSMUSG00000029720,Gm20605,lower,-1.00800929077375,0.00000467267233548299
ENSMUSG00000020656,Grhl1,higher,1.24131698870106,0.00000478598502395925
ENSMUSG00000094378,Gm15097,higher,1.00129841898495,0.00000483719463931199
ENSMUSG00000079559,Colca2,lower,-1.57273843610188,0.00000496882028181876
ENSMUSG00000047728,BC025446,lower,-1.23959781178003,0.00000500094852863472
ENSMUSG00000112533,Gm20758,lower,-1.68676978562059,0.00000538377434567571
ENSMUSG00000060572,Mfap2,higher,1.1190383382648,0.00000549327127222909
ENSMUSG00000035085,1700020L24Rik,higher,1.07746274788215,0.00000551144248849711
ENSMUSG00000036764,Dnajc12,lower,-1.51422365727154,0.0000058012629714447
ENSMUSG00000110266,Gm32742,lower,-1.68631402089048,0.00000580944490066342
ENSMUSG00000114206,Gm30551,lower,-1.09748574827664,0.00000594751882934255
ENSMUSG00000102009,4933400F21Rik,lower,-1.45140354458079,0.00000609979521007398
ENSMUSG00000086741,Gm15816,lower,-1.48414750907871,0.00000618977669131157
ENSMUSG00000036292,Gramd1c,lower,-1.31021661189024,0.0000062524819055845
ENSMUSG00000068551,Zfp467,higher,1.02283549825798,0.00000632628374819599
ENSMUSG00000110547,Gm29773,lower,-1.25306014029906,0.00000652481791033186
ENSMUSG00000023341,Mx2,lower,-1.39848388416117,0.00000666910709142023
ENSMUSG00000085867,Gm5834,higher,1.34518501089,0.00000675069823310991
ENSMUSG00000117508,ENSMUSG00000117508,lower,-1.38366132278229,0.00000688139932844218
ENSMUSG00000090176,Cd200r2,lower,-1.41757491006585,0.00000711250274532159
ENSMUSG00000035509,Fbxl21,lower,-1.40438031022305,0.00000723364235044399
ENSMUSG00000024013,Fgd2,higher,1.15563939870029,0.00000731194422317381
ENSMUSG00000056643,Chst13,lower,-1.65366686459923,0.00000769764530511463
ENSMUSG00000117110,ENSMUSG00000117110,lower,-1.39191362663508,0.00000777778372648093
ENSMUSG00000065683,Gm23731,lower,-1.55487844484908,0.00000782135540532183
ENSMUSG00000024451,Arap3,lower,-1.52326469549597,0.00000782156506123298
ENSMUSG00000018920,Cxcl16,lower,-1.079236435459,0.00000786406266480149
ENSMUSG00000015966,Il17rb,lower,-1.33439216971196,0.00000831561367402812
ENSMUSG00000048721,Fndc9,lower,-1.6644765538562,0.00000911263232345574
ENSMUSG00000027344,Fsip1,higher,1.31567769512527,0.00000922694965425238
ENSMUSG00000113617,Gm8655,higher,1.14188318410923,0.00000927699914391067
ENSMUSG00000074001,Klhl40,lower,-1.6082946014271,0.00000930850884433284
ENSMUSG00000081890,Gm11243,lower,-1.25579452726329,0.00000936979703379263
ENSMUSG00000024030,Abcg1,lower,-1.09979228031257,0.0000113694737210862
ENSMUSG00000043557,Mdga1,higher,1.16666096121073,0.0000121230732228
ENSMUSG00000030745,Il21r,lower,-1.67917321600978,0.0000122607957938715
ENSMUSG00000111488,Gm31378,higher,1.79972282223572,0.0000129613407463139
ENSMUSG00000049098,Olfr147,higher,1.66863705883316,0.0000135658489597241
ENSMUSG00000026832,Cytip,lower,-1.81948942985068,0.0000139631512026137
ENSMUSG00000097610,A930012L18Rik,higher,1.44326466895249,0.0000140242944986152
ENSMUSG00000034532,Fbxo16,lower,-1.28060081988651,0.0000149542478810024
ENSMUSG00000113101,Gm33424,lower,-1.62591524846892,0.0000149582839283188
ENSMUSG00000067642,Adgrf3,lower,-1.52064330327681,0.0000152959308016447
ENSMUSG00000084989,Crocc2,higher,1.66121954035838,0.0000154436545136938
ENSMUSG00000028444,Cntfr,lower,-1.27093854444115,0.0000163743230333691
ENSMUSG00000020037,Rfx4,lower,-1.47973643984761,0.0000173940040394912
ENSMUSG00000118212,ENSMUSG00000118212,higher,1.43109505924071,0.0000182101166573832
ENSMUSG00000048647,Exd1,lower,-1.29322547413413,0.0000183969818316238
ENSMUSG00000044461,Shisa2,lower,-1.42203720139347,0.0000190756720519035
ENSMUSG00000034613,Ppm1h,higher,1.34728587343259,0.0000195450418172575
ENSMUSG00000041380,Htr2c,higher,1.68495085111942,0.000019589981285362
ENSMUSG00000102882,Gm2065,lower,-1.04578166923221,0.0000201322999569815
ENSMUSG00000050737,Ptges,higher,1.26152790119153,0.0000201746845583988
ENSMUSG00000115545,Gm48908,higher,1.09318444006912,0.0000210348924206845
ENSMUSG00000078627,March10,lower,-1.49149769940678,0.0000215628807664794
ENSMUSG00000015968,Cacna1d,higher,1.39964908219027,0.0000215628807664794
ENSMUSG00000114481,Gm46415,lower,-1.14006159530264,0.0000222761748517622
ENSMUSG00000052143,Gm9869,lower,-1.3688872516663,0.0000228589031087773
ENSMUSG00000104781,Gm43303,lower,-1.48831316884418,0.0000243910883855481
ENSMUSG00000058498,Rnf207,higher,1.02338389955856,0.0000258217243852531
ENSMUSG00000026117,Zap70,higher,1.40525324540216,0.0000262127828424783
ENSMUSG00000112329,Gm47908,higher,1.44037852461878,0.0000270245556661401
ENSMUSG00000023336,Wfdc1,lower,-1.80427948733135,0.0000271790807223294
ENSMUSG00000038663,Fsd2,lower,-1.42965324325141,0.0000305202986302618
ENSMUSG00000109156,Gm45194,lower,-1.49055457514426,0.0000307815124406078
ENSMUSG00000030518,Fam189a1,lower,-1.27950587973256,0.0000313329168263461
ENSMUSG00000025163,Cd7,higher,1.38190289804966,0.0000322597969779071
ENSMUSG00000029158,Yipf7,lower,-1.33241217562358,0.0000327319463215251
ENSMUSG00000113011,Gm1995,higher,1.34309572091374,0.0000333096998468252
ENSMUSG00000110597,Gm8798,higher,1.13907806954188,0.0000339041572906994
ENSMUSG00000031621,Isx,lower,-1.23784728722081,0.000034555675580323
ENSMUSG00000024033,Rsph1,lower,-1.54004354964103,0.0000347754271542757
ENSMUSG00000064246,Chil1,lower,-1.13809702195931,0.0000351073258856883
ENSMUSG00000102403,Gm38187,higher,1.14650478553262,0.0000371186477864264
ENSMUSG00000110623,Gm32005,higher,1.26232290946286,0.0000376443618780763
ENSMUSG00000054404,Slfn5,lower,-1.17822167517708,0.0000382648791827771
ENSMUSG00000086932,Gm22000,lower,-1.36683616616801,0.0000393942556849661
ENSMUSG00000106108,Gm43221,higher,1.00569421701258,0.0000406502949116212
ENSMUSG00000068697,Myoz1,lower,-1.34605873894722,0.000040761256245848
ENSMUSG00000034990,Otoa,lower,-1.28669041401846,0.0000418276028356565
ENSMUSG00000021575,Ahrr,lower,-1.41618740939116,0.0000424749577368202
ENSMUSG00000010021,Kif19a,lower,-1.46706437552346,0.0000448179633661101
ENSMUSG00000110887,Cbx3-ps8,higher,1.50801203593067,0.0000462217658568351
ENSMUSG00000046005,D830044D21Rik,lower,-1.48453433025293,0.0000464340457774559
ENSMUSG00000091383,Hist1h2al,higher,1.16495186675162,0.0000476215552931538
ENSMUSG00000020553,Pctp,lower,-1.44756495400494,0.0000477973318920058
ENSMUSG00000022598,Psca,lower,-1.65626988163671,0.000048808133468151
ENSMUSG00000103691,Gm38019,higher,1.36308400453812,0.0000503506808355815
ENSMUSG00000089817,Gm7162,lower,-1.43951447938593,0.000050609407203596
ENSMUSG00000041078,Grid1,higher,1.4089759795349,0.0000512962819163435
ENSMUSG00000059325,Hopx,higher,1.22113177368991,0.0000516127339515601
ENSMUSG00000104432,A430027C01Rik,higher,1.42460188234573,0.0000556993236966033
ENSMUSG00000096049,Gm2075,higher,1.33253987024225,0.0000569561193659295
ENSMUSG00000089769,Gm16574,lower,-1.2548724853586,0.0000601436989929983
ENSMUSG00000052373,Mpp3,lower,-1.3889565378061,0.000060345870027932
ENSMUSG00000028950,Tas1r1,lower,-1.06125613286989,0.0000605099870477869
ENSMUSG00000062345,Serpinb2,lower,-1.06121857908795,0.0000621196213819768
ENSMUSG00000015950,Ncf1,lower,-1.281893362739,0.0000626860992123903
ENSMUSG00000097079,Gm26604,lower,-1.53275475966002,0.0000643063080040475
ENSMUSG00000024039,Cbs,higher,1.11875227550875,0.0000674714223872863
ENSMUSG00000023078,Cxcl13,lower,-1.19256038517765,0.0000706105848849902
ENSMUSG00000090113,Nhlrc4,lower,-1.61880314118988,0.000071683514006765
ENSMUSG00000047495,Dlgap2,lower,-1.34883582191443,0.0000739399313811783
ENSMUSG00000108195,Gm44415,higher,1.16591092158819,0.000074109916068486
ENSMUSG00000027887,Sypl2,lower,-1.56933573319987,0.0000746641395869889
ENSMUSG00000038523,1700003F12Rik,lower,-1.12566045786766,0.0000749142675276943
ENSMUSG00000032131,Abcg4,higher,1.11773057023348,0.0000749203260045408
ENSMUSG00000057722,Lepr,lower,-1.02098621821289,0.0000753919527647037
ENSMUSG00000045362,Tnfrsf26,lower,-1.49007284997631,0.0000759501945121878
ENSMUSG00000111774,Gm38398,lower,-1.03312008788234,0.0000766651083271278
ENSMUSG00000105689,Gm43120,lower,-1.10346797737872,0.0000807656719222696
ENSMUSG00000035283,Adrb1,lower,-1.4103307596291,0.0000817172752862407
ENSMUSG00000010080,Epn3,higher,1.1004121768764,0.0000863524150597943
ENSMUSG00000016496,Cd274,lower,-1.44913953832059,0.000088486714312986
ENSMUSG00000028417,Tal2,lower,-1.53469824136379,0.0000887090208151082
ENSMUSG00000117030,ENSMUSG00000117030,lower,-1.31900505803536,0.0000887325871392884
ENSMUSG00000055958,Gm9987,higher,1.43828884555445,0.0000892131068066815
ENSMUSG00000025196,Cpn1,lower,-1.2733577248337,0.000100388771537642
ENSMUSG00000030737,Slco2b1,lower,-1.48514600176585,0.000103883738192971
ENSMUSG00000087813,Gm22490,lower,-1.37790270850336,0.000104510118194982
ENSMUSG00000040528,Milr1,lower,-1.19663919497957,0.000104901370532596
ENSMUSG00000066027,Gm10436,higher,1.05652233626278,0.000109155677425139
ENSMUSG00000105342,Gm43244,lower,-1.43037032825806,0.000114340392671287
ENSMUSG00000109167,Gm44652,higher,1.14354450731113,0.000121837501261059
ENSMUSG00000028931,Kcnab2,higher,1.05741234523571,0.000123503941619951
ENSMUSG00000057716,Tmem178b,higher,1.12751361245379,0.000124309801886104
ENSMUSG00000011589,Fsd1,higher,1.40627069948178,0.000127272676056602
ENSMUSG00000101445,Gm28932,higher,1.56294032435998,0.000129590880600638
ENSMUSG00000084713,Gm24627,higher,1.49986419383652,0.000131130731427315
ENSMUSG00000073568,Arl14epl,lower,-1.4748860019458,0.000134593984548295
ENSMUSG00000114274,Gm35333,higher,1.45317840634295,0.000137625290769786
ENSMUSG00000027713,1810062G17Rik,higher,1.22696720129196,0.000138614845916969
ENSMUSG00000031762,Mt2,higher,1.03421186671903,0.00013869459274783
ENSMUSG00000086098,Gm14291,lower,-1.09069470420233,0.000150446050392033
ENSMUSG00000021211,Akr1c12,higher,1.09567018483464,0.00015586179659904
ENSMUSG00000027489,Necab3,lower,-1.04672744764315,0.000159852980880784
ENSMUSG00000086655,C330018A13Rik,higher,1.24341894455065,0.00016198485768591
ENSMUSG00000103313,Gm38357,lower,-1.45583553528959,0.000163680159750399
ENSMUSG00000078349,AW011738,higher,1.14566507146855,0.000168723985298249
ENSMUSG00000042306,S100a14,lower,-1.26527131532866,0.000173138590135798
ENSMUSG00000001588,Acap1,lower,-1.0005644805789,0.000176013424461907
ENSMUSG00000011171,Vipr2,higher,1.10097931698847,0.000176972876793074
ENSMUSG00000097892,Gm26801,lower,-1.23339476665437,0.000177934597364053
ENSMUSG00000021922,Itih4,lower,-1.43070730203254,0.00018580189252199
ENSMUSG00000033082,Clec1a,lower,-1.31763705522741,0.000207234492566216
ENSMUSG00000108280,Gm8703,lower,-1.22446980657101,0.000209044378269093
ENSMUSG00000045657,Pcdhb10,higher,1.03533256091582,0.000219337680742663
ENSMUSG00000096984,Gm26523,higher,1.11958134759166,0.000222064003351154
ENSMUSG00000038257,Glra3,higher,1.68096807146247,0.000228042224247644
ENSMUSG00000091455,Otogl,lower,-1.25017173722365,0.000228562650816021
ENSMUSG00000099238,Mir7001,lower,-1.04173293960075,0.000243001722207078
ENSMUSG00000117104,ENSMUSG00000117104,lower,-1.38899151568607,0.000243759948360077
ENSMUSG00000026610,Esrrg,lower,-1.16304363235727,0.000253835932390562
ENSMUSG00000084772,Gm15473,higher,1.11592335598849,0.000258051083843269
ENSMUSG00000101394,Gm28183,higher,1.22450144710613,0.000260821393695599
ENSMUSG00000020891,Alox8,higher,1.32370206012724,0.000265087087172214
ENSMUSG00000057816,1700007G11Rik,lower,-1.47424848185612,0.000272732446892457
ENSMUSG00000076439,Mog,lower,-1.36633710036955,0.000276252790601797
ENSMUSG00000079593,Gm14597,higher,1.13204737118574,0.000278355338869251
ENSMUSG00000023999,Kif6,higher,1.23025586738138,0.000287623965714557
ENSMUSG00000047696,Ccdc144b,lower,-1.41055583486113,0.000288872101341003
ENSMUSG00000088768,Gm25494,lower,-1.14453530330249,0.000288872101341003
ENSMUSG00000065599,Mir23b,higher,1.03876532491289,0.000296403789109039
ENSMUSG00000085257,Gm13264,lower,-1.18721966986668,0.000296627070769107
ENSMUSG00000102676,Gm37435,lower,-1.20455729542585,0.000297722417981186
ENSMUSG00000035277,Arx,lower,-1.08487239955028,0.000300296342560499
ENSMUSG00000105326,6030400A10Rik,higher,1.03438646418352,0.000309193358980702
ENSMUSG00000104140,Gm37140,lower,-1.04773236629064,0.000319045482954228
ENSMUSG00000118273,ENSMUSG00000118273,higher,1.31785466661969,0.000321691908513145
ENSMUSG00000017692,Rhbdl3,higher,1.02083756383695,0.000323287675599626
ENSMUSG00000105102,Gm35507,lower,-1.19824049460599,0.000326474865590576
ENSMUSG00000108530,4930429H19Rik,lower,-1.31037117564937,0.000333826305133609
ENSMUSG00000027556,Car1,higher,1.27010011972136,0.000333980646649805
ENSMUSG00000114068,Gm48783,lower,-1.12929301756322,0.000337789537415685
ENSMUSG00000117901,ENSMUSG00000117901,lower,-1.31630799026515,0.000337902399233396
ENSMUSG00000075012,Fjx1,higher,1.1539241117759,0.00034240416354557
ENSMUSG00000098086,1700120C18Rik,higher,1.27049898921513,0.000355999208895415
ENSMUSG00000030317,Timp4,lower,-1.13513677099831,0.000366466372851023
ENSMUSG00000021379,Id4,lower,-1.31367901125698,0.000372424380163105
ENSMUSG00000117916,ENSMUSG00000117916,lower,-1.37198917561107,0.000380290918524104
ENSMUSG00000114828,AI463229,lower,-1.20262993724789,0.00038535478265086
ENSMUSG00000096169,Olfr1564,lower,-1.16274808437344,0.000392392726332066
ENSMUSG00000106269,4930580E04Rik,higher,1.04507589568441,0.000396939160136172
ENSMUSG00000079679,Vwde,higher,1.16698483431991,0.000409825401823102
ENSMUSG00000047485,Klhl34,lower,-1.48462692317381,0.000418816128743013
ENSMUSG00000022468,Endou,higher,1.04061414662344,0.000422022957597147
ENSMUSG00000038738,Shank1,higher,1.25413278431233,0.000429536003323085
ENSMUSG00000114474,Gm34388,lower,-1.14789302284684,0.000429951294338277
ENSMUSG00000085779,Atcayos,lower,-1.21892512055018,0.000433632767402169
ENSMUSG00000074766,Ism1,higher,1.39160590284138,0.000435010236910926
ENSMUSG00000084350,Znf41-ps,higher,1.03593646391489,0.000513143125123274
ENSMUSG00000116311,ENSMUSG00000116311,higher,1.19743309409835,0.000515165825521557
ENSMUSG00000100410,2310020H05Rik,lower,-1.35053563292236,0.000516669973893284
ENSMUSG00000099998,Gm6501,higher,1.00688049958995,0.000552801204906513
ENSMUSG00000103473,Gm37696,lower,-1.0939689519583,0.000558805322895117
ENSMUSG00000105403,Gm43618,higher,1.25603820269277,0.000560183281204179
ENSMUSG00000085606,Gm15792,lower,-1.07406635400366,0.000584137215616352
ENSMUSG00000097515,1700040D17Rik,higher,1.39622065242061,0.000598930570576663
ENSMUSG00000062309,Rpp25,lower,-1.0565183081145,0.000698283473383457
ENSMUSG00000040706,Agmat,lower,-1.163456237103,0.000726318032212328
ENSMUSG00000023473,Celsr3,lower,-1.16488904928249,0.000730464209105057
ENSMUSG00000099686,Gm29460,lower,-1.09875853961715,0.000737942726504109
ENSMUSG00000103056,Gm38268,higher,1.01623576977914,0.000862805195607992
ENSMUSG00000062826,Ces2f,higher,1.33522460966315,0.000882127114508008
ENSMUSG00000107017,Gm43196,higher,1.13986696797558,0.000922279736752853
ENSMUSG00000051243,Islr2,higher,1.02528793276914,0.000930858989498638
ENSMUSG00000096960,A230028O05Rik,lower,-1.00136300753944,0.000932331729966911
ENSMUSG00000068232,Vmn1r42,lower,-1.15065096713552,0.000940427006841702
ENSMUSG00000085639,Gm15410,higher,1.09747690250935,0.000947532303874488
ENSMUSG00000051397,Tacstd2,higher,1.25231061168189,0.000986328327962883
ENSMUSG00000070424,Art5,lower,-1.19287826435626,0.00103689988908135
ENSMUSG00000113829,Gm18619,higher,1.1427858522992,0.00106685707343346
ENSMUSG00000030825,Hsd17b14,higher,1.09714950270715,0.00115875840909019
ENSMUSG00000028457,Atp8b5,higher,1.0256680837738,0.00122471880877119
ENSMUSG00000034265,Zdhhc14,lower,-1.05949318425802,0.00131284016887014
ENSMUSG00000086221,4930412B13Rik,higher,1.1203691105333,0.00136743708997108
ENSMUSG00000044231,Nhlrc1,lower,-1.04682742780482,0.00140451948017615
ENSMUSG00000023328,Ache,higher,1.11646252062331,0.00144118882696788
ENSMUSG00000058589,Anks1b,lower,-1.17161418096628,0.00149670838922164
ENSMUSG00000064280,Ccdc146,lower,-1.10328377153669,0.00172028844058106
ENSMUSG00000022766,Serpind1,lower,-1.1118104295587,0.0018248489708906
ENSMUSG00000028011,Tdo2,lower,-1.05708600405032,0.00191499842165967
ENSMUSG00000046598,Bdh1,lower,-1.03168773131096,0.00193696913661081
ENSMUSG00000023013,Aqp2,higher,1.06296016922484,0.00206721046540321
ENSMUSG00000029999,Tgfa,lower,-1.10216537926759,0.00210884350910769
ENSMUSG00000118369,ENSMUSG00000118369,lower,-1.00861908718602,0.00214390276938124
ENSMUSG00000048602,Morc2b,lower,-1.16922587883853,0.00239818200428497
ENSMUSG00000031849,Comp,higher,1.14013803147764,0.00245699017877008
ENSMUSG00000085992,Gm11515,lower,-1.06463054394611,0.00248285394092296
ENSMUSG00000087024,B230119M05Rik,lower,-1.10103721598151,0.00299548091208538
ENSMUSG00000029651,Mtus2,lower,-1.05825872425211,0.00305103512045873
ENSMUSG00000058975,Kcnc1,lower,-1.20642249286182,0.00305451215845724
ENSMUSG00000021751,Acox2,higher,1.12401891152214,0.0033073104626522
ENSMUSG00000041608,Entpd3,lower,-1.09796238505779,0.00334955949906397
ENSMUSG00000112778,Gm33677,lower,-1.05661209326267,0.00356337938684899
ENSMUSG00000097651,4930461G14Rik,higher,1.0447627317466,0.0036275147695119
ENSMUSG00000032726,Bmp8a,lower,-1.12312582652751,0.00385209051391432
ENSMUSG00000087307,Gm12925,lower,-1.01177384987978,0.00435368044622088
ENSMUSG00000101102,Gm28609,lower,-1.04485332769988,0.00520305283344641
ENSMUSG00000053909,Rhox10,lower,-1.03400052148057,0.00572685446907018
ENSMUSG00000075296,Aldh3b2,lower,-1.06848468127596,0.00724459379462946
ENSMUSG00000107932,Gm44432,lower,-1.11345423738038,0.0102944544531334
