ensembl_gene_id,symbol,average_log2_expression,joint_F,joint_p_value,joint_fdr,average_post_log2FC,average_post_t,average_post_p_value,average_post_fdr,Middle_vs_Early_D1,Late_vs_Early_D1,Middle_vs_Early_D2,Late_vs_Early_D2,Middle_vs_Early_D6,Late_vs_Early_D6,mean_Middle_vs_Early_log2FC,mean_Late_vs_Early_log2FC,average_fold_change_ratio,average_two_fold_pass,positive_contrasts,negative_contrasts,trajectory_direction,all_six_same_direction,joint_selected,post_selected,absolute_average_post_log2FC,post_rank,expression_filter_pass
ENSMUSG00000040152,Thbs1,16.6075881257418,5126.19021228314,0.00000000000000000000000000000000000000000000000000000000000000000000000000255817885470603,0.0000000000000000000000000000000000000000000000000000000000000000000000412966812515195,1.58957862629874,154.981022939852,0.000000000000000000000000000000000000000000000000000000000000000000000000000650491439498458,0.0000000000000000000000000000000000000000000000000000000000000000000000105008833078236,1.85957495127086,2.74492599427389,1.08445749478437,1.79431228021031,0.703665167797421,1.35053586945557,1.21589920461755,1.96325804797992,3.00961433636214,TRUE,6,0,higher,TRUE,TRUE,TRUE,1.58957862629874,1,TRUE
ENSMUSG00000027559,Car3,10.312271966208,3110.25479572533,0.00000000000000000000000000000000000000000000000000000000000000000000327665131059285,0.0000000000000000000000000000000000000000000000000000000000000000176316607023001,3.25565199422609,122.134795998378,0.000000000000000000000000000000000000000000000000000000000000000000000430020335697886,0.00000000000000000000000000000000000000000000000000000000000000000347090913958549,2.22061414884279,3.5565958010945,2.46056746563927,4.55168984669262,2.34704185567867,4.39740284740865,2.34274115672024,4.16856283173193,9.55100133360215,TRUE,6,0,higher,TRUE,TRUE,TRUE,3.25565199422609,2,TRUE
ENSMUSG00000021803,Cdhr1,9.52122722440659,2378.56599076103,0.00000000000000000000000000000000000000000000000000000000000000000616621954099607,0.0000000000000000000000000000000000000000000000000000000000000199082564100599,3.64168206173403,111.111022828515,0.000000000000000000000000000000000000000000000000000000000000000000087592444255365,0.000000000000000000000000000000000000000000000000000000000000000471334942538119,3.16476032850896,3.94271140794273,3.85538539325056,4.91879892442603,1.84283407796545,4.12560223831045,2.95432659990832,4.32903752355974,12.4811768027343,TRUE,6,0,higher,TRUE,TRUE,TRUE,3.64168206173403,3,TRUE
ENSMUSG00000047139,Cd24a,9.27594977798558,2328.74479387886,0.0000000000000000000000000000000000000000000000000000000000000000111769267696567,0.0000000000000000000000000000000000000000000000000000000000000300715214737613,3.88622204708571,109.509360873761,0.000000000000000000000000000000000000000000000000000000000000000000198023997410734,0.000000000000000000000000000000000000000000000000000000000000000799175347550371,3.49430000413604,4.93517117962493,3.8003326291217,5.32397008936197,1.94914997186743,3.81440840840219,3.08126086837506,4.69118322579636,14.7866368146836,TRUE,6,0,higher,TRUE,TRUE,TRUE,3.88622204708571,4,TRUE
ENSMUSG00000026185,Igfbp5,14.5819374603816,3457.14009184099,0.000000000000000000000000000000000000000000000000000000000000000000000167356673859911,0.00000000000000000000000000000000000000000000000000000000000000000135081939306027,-1.42083232551627,-108.00089452521,0.000000000000000000000000000000000000000000000000000000000000000000431600703746429,0.00000000000000000000000000000000000000000000000000000000000000139346603211572,-1.40420253616424,-2.69578258325799,-0.564091112968253,-2.14849681743941,-0.320446854043574,-1.39197404922413,-0.76291350105869,-2.07875114997384,0.37349677070653,TRUE,0,6,lower,TRUE,TRUE,TRUE,1.42083232551627,5,TRUE
ENSMUSG00000001119,Col6a1,13.2133128415169,2161.00496235974,0.0000000000000000000000000000000000000000000000000000000000000000912700932577603,0.000000000000000000000000000000000000000000000000000000000000210481873637146,1.65755521472228,107.274668013822,0.000000000000000000000000000000000000000000000000000000000000000000630456506466035,0.00000000000000000000000000000000000000000000000000000000000000169624323064687,1.50666347736357,2.04712519707844,1.40638593769377,1.90517220570987,1.0888149019259,1.99116956856214,1.33395477232775,1.98115565711682,3.15481457888656,TRUE,6,0,higher,TRUE,TRUE,TRUE,1.65755521472228,6,TRUE
ENSMUSG00000029661,Col1a2,15.2490889260341,2380.55341914637,0.00000000000000000000000000000000000000000000000000000000000000000602319634571198,0.0000000000000000000000000000000000000000000000000000000000000199082564100599,1.1531455039159,105.737117641157,0.00000000000000000000000000000000000000000000000000000000000000000141826405678127,0.00000000000000000000000000000000000000000000000000000000000000327071952408859,0.774173061603523,1.3335767015058,0.92699353123392,1.46644644228211,0.747193509326015,1.67048977754401,0.816120034054486,1.49017097377731,2.22398260488822,TRUE,6,0,higher,TRUE,TRUE,TRUE,1.1531455039159,7,TRUE
ENSMUSG00000026042,Col5a2,14.89513654548,2090.88707491793,0.000000000000000000000000000000000000000000000000000000000000000230482653273943,0.000000000000000000000000000000000000000000000000000000000000465085183975158,1.14303039925605,104.73366394322,0.00000000000000000000000000000000000000000000000000000000000000000242267121139244,0.00000000000000000000000000000000000000000000000000000000000000488864767068851,0.991501764855485,1.54446718309558,0.891404039068142,1.32695506886357,0.81631128286273,1.28754305679078,0.899739028928786,1.38632176958331,2.20844422831456,TRUE,6,0,higher,TRUE,TRUE,TRUE,1.14303039925605,8,TRUE
ENSMUSG00000032332,Col12a1,14.6154464681241,4571.65081635726,0.00000000000000000000000000000000000000000000000000000000000000197243160767043,0.00000000000000000000000000000000000000000000000000000000000328730459935008,2.38796824767989,153.984199325342,0.0000000000000000000000000000000000000000000000000000000000000000224586527263924,0.0000000000000000000000000000000000000000000000000000000000000402833367735725,2.17013022983182,3.02300872120773,1.97921767998102,3.15866320701822,1.4610783926976,2.53571125534298,1.87014210083681,2.90579439452298,5.23419708494558,TRUE,6,0,higher,TRUE,TRUE,TRUE,2.38796824767989,9,TRUE
ENSMUSG00000031596,Slc7a2,10.5449058148824,1799.81941734857,0.0000000000000000000000000000000000000000000000000000000000000154926647359917,0.0000000000000000000000000000000000000000000000000000000000227361897121013,2.23338944286155,94.9807446690835,0.000000000000000000000000000000000000000000000000000000000000000584314925162155,0.000000000000000000000000000000000000000000000000000000000000943259583689267,2.19242833967663,3.19372279577284,1.46370724135752,2.734305858544,1.44240099682825,2.37377142499006,1.6995121926208,2.7672666931023,4.70237450708583,TRUE,6,0,higher,TRUE,TRUE,TRUE,2.23338944286155,10,TRUE
ENSMUSG00000058297,Spock2,10.6290701972368,1631.37280902874,0.000000000000000000000000000000000000000000000000000000000000243936184383114,0.000000000000000000000000000000000000000000000000000000000262524121633107,1.97172735453425,91.7982449532621,0.00000000000000000000000000000000000000000000000000000000000000395051666313904,0.00000000000000000000000000000000000000000000000000000000000579756277209577,2.07785421459717,2.80488784222516,1.91400582089676,2.52820470704639,0.88528259498354,1.62012894745647,1.62571421015916,2.31774049890934,3.92237468206228,TRUE,6,0,higher,TRUE,TRUE,TRUE,1.97172735453425,11,TRUE
ENSMUSG00000070867,Trabd2b,9.49085191194297,1607.42083658627,0.000000000000000000000000000000000000000000000000000000000000369328405482348,0.00000000000000000000000000000000000000000000000000000000033122602498342,2.70613952043215,90.4703941405015,0.00000000000000000000000000000000000000000000000000000000000000894112343480336,0.0000000000000000000000000000000000000000000000000000000000111028119698485,2.39888789579979,3.73680429275768,2.67712798989049,3.72034702025239,1.38427928374108,2.31939064015146,2.15343172314378,3.25884731772051,6.52573100785862,TRUE,6,0,higher,TRUE,TRUE,TRUE,2.70613952043215,13,TRUE
ENSMUSG00000020473,Aebp1,13.2741652035105,1404.76157924893,0.0000000000000000000000000000000000000000000000000000000000161390861802972,0.0000000000000000000000000000000000000000000000000000000096493803040199,1.40216115139485,87.7103010319493,0.000000000000000000000000000000000000000000000000000000000000050755981467807,0.0000000000000000000000000000000000000000000000000000000000585252720596292,1.37959390321883,1.79401727192232,1.24151982087869,1.75664671003005,0.92627493271678,1.31491426960243,1.18246288560477,1.62185941718493,2.64297201912438,TRUE,6,0,higher,TRUE,TRUE,TRUE,1.40216115139485,14,TRUE
ENSMUSG00000068196,Col8a1,11.9145341592936,1512.93487686343,0.00000000000000000000000000000000000000000000000000000000000201848450465471,0.000000000000000000000000000000000000000000000000000000001551637874221,1.60661963457265,86.7824523887553,0.0000000000000000000000000000000000000000000000000000000000000920983006113753,0.0000000000000000000000000000000000000000000000000000000000991161911179621,1.0925937868287,1.49387868316275,1.42351467041455,2.36885865137084,1.1771546763506,2.08371733930844,1.23108771119795,1.98215155794734,3.04537446294126,TRUE,6,0,higher,TRUE,TRUE,TRUE,1.60661963457265,15,TRUE
ENSMUSG00000045441,Gprin3,10.4051408766728,1461.998946529,0.00000000000000000000000000000000000000000000000000000000000527086996540946,0.00000000000000000000000000000000000000000000000000000000354531891048354,2.08230962328539,85.794473549862,0.000000000000000000000000000000000000000000000000000000000000174903984910649,0.000000000000000000000000000000000000000000000000000000000170006748141853,1.97434750535347,3.1274266223329,1.43498516679496,2.46813529092284,1.40508742435495,2.08387572995325,1.60480669883446,2.55981254773633,4.23484634144138,TRUE,6,0,higher,TRUE,TRUE,TRUE,2.08230962328539,16,TRUE
ENSMUSG00000044033,Ccdc141,10.8065287863227,1934.76946281583,0.00000000000000000000000000000000000000000000000000000000000000203636535919599,0.00000000000000000000000000000000000000000000000000000000000328730459935008,-1.90220977419679,-85.7587491843978,0.000000000000000000000000000000000000000000000000000000000000179032070768228,0.000000000000000000000000000000000000000000000000000000000170006748141853,-1.61824828036616,-3.47658963865706,-1.60996330016058,-3.04424147875292,-0.465128273586691,-1.19908767365731,-1.23111328470448,-2.5733062636891,0.267533271265435,TRUE,0,6,lower,TRUE,TRUE,TRUE,1.90220977419679,16,TRUE
ENSMUSG00000004317,Clcn5,12.1352146922164,1647.43521330422,0.000000000000000000000000000000000000000000000000000000000000185328228800559,0.000000000000000000000000000000000000000000000000000000000213696685537674,-1.43778461389658,-85.3885133709693,0.00000000000000000000000000000000000000000000000000000000000022812457641084,0.000000000000000000000000000000000000000000000000000000000204589724277789,-1.25899615229542,-2.14403923300371,-1.09796287221427,-2.18726538670625,-0.605259100466094,-1.33318493869371,-0.987406041658596,-1.88816318613455,0.369133706854559,TRUE,0,6,lower,TRUE,TRUE,TRUE,1.43778461389658,18,TRUE
ENSMUSG00000020241,Col6a2,12.4266875727505,1351.12958693479,0.0000000000000000000000000000000000000000000000000000000000480227339496511,0.0000000000000000000000000000000000000000000000000000000276868212196149,1.56813875903353,84.8177149603637,0.000000000000000000000000000000000000000000000000000000000000332129893733883,0.000000000000000000000000000000000000000000000000000000000282188046028741,1.53429802977265,2.08039292738142,1.44162884562596,1.78469241311542,0.882246745655236,1.68557359265051,1.28605787368461,1.85021964438245,2.96521920195737,TRUE,6,0,higher,TRUE,TRUE,TRUE,1.56813875903353,19,TRUE
ENSMUSG00000031561,Tenm3,12.5190202066739,1332.24990839569,0.0000000000000000000000000000000000000000000000000000000000712207165726264,0.0000000000000000000000000000000000000000000000000000000396453802631693,1.32712204306696,84.5927487283896,0.000000000000000000000000000000000000000000000000000000000000385390659343427,0.000000000000000000000000000000000000000000000000000000000311068070689047,1.75192222894885,1.77887045913801,1.35245906813791,1.57761991169851,0.640224369302949,0.861636221175553,1.24820188879657,1.40604219733736,2.5090166473368,TRUE,6,0,higher,TRUE,TRUE,TRUE,1.32712204306696,20,TRUE
ENSMUSG00000016918,Sulf1,10.3044210541643,1740.10305962892,0.0000000000000000000000000000000000000000000000000000000000000399282108046683,0.00000000000000000000000000000000000000000000000000000000005371342558498,-2.0202013317488,-83.4484635292815,0.00000000000000000000000000000000000000000000000000000000000082621544547458,0.000000000000000000000000000000000000000000000000000000000635123616014102,-1.20551348659298,-2.854545821737,-1.1543350910843,-2.71524577039027,-1.23296396732479,-2.95860385336346,-1.19760418166736,-2.84279848183024,0.246523770705812,TRUE,0,6,lower,TRUE,TRUE,TRUE,2.0202013317488,21,TRUE
ENSMUSG00000054555,Adam12,10.1361835501489,1309.92164651719,0.000000000000000000000000000000000000000000000000000000000114331169339497,0.0000000000000000000000000000000000000000000000000000000615216022215832,1.92860740822533,82.7746777645656,0.00000000000000000000000000000000000000000000000000000000000130078463733385,0.000000000000000000000000000000000000000000000000000000000954480290930922,2.39473614271729,2.98741383665328,1.84160265492309,1.97912029714438,0.908555730113946,1.4602157878,1.71496484258478,2.14224997386589,3.80687555127284,TRUE,6,0,higher,TRUE,TRUE,TRUE,1.92860740822533,22,TRUE
ENSMUSG00000019577,Pdk4,10.8611104674331,1365.98236375051,0.000000000000000000000000000000000000000000000000000000000173641323553827,0.0000000000000000000000000000000000000000000000000000000875966214415444,2.08009231976543,84.5176796412728,0.00000000000000000000000000000000000000000000000000000000000194890976190704,0.00000000000000000000000000000000000000000000000000000000131088542860272,2.41774107621167,2.56641190249787,2.51356243985172,2.88527944102824,0.806757499263672,1.29080155973942,1.91268700510902,2.24749763442184,4.22834273025084,TRUE,6,0,higher,TRUE,TRUE,TRUE,2.08009231976543,23,TRUE
ENSMUSG00000032625,Thsd7a,11.5878013857308,1182.88360549049,0.00000000000000000000000000000000000000000000000000000000198722000368793,0.00000000000000000000000000000000000000000000000000000086701871674417,1.59437698994625,82.2277247903364,0.00000000000000000000000000000000000000000000000000000000000188528816252452,0.00000000000000000000000000000000000000000000000000000000131088542860272,1.83464279305806,1.99551250081,1.57249955311309,1.75984050891831,1.04796198978603,1.35580459399198,1.4850347786524,1.7037192012401,3.01964089486333,TRUE,6,0,higher,TRUE,TRUE,TRUE,1.59437698994625,23,TRUE
ENSMUSG00000046743,Fat4,10.4708830203316,1481.92783118356,0.00000000000000000000000000000000000000000000000000000000000360655561444198,0.00000000000000000000000000000000000000000000000000000000254442397288683,2.13116638193423,81.604258556525,0.00000000000000000000000000000000000000000000000000000000000288660754135635,0.00000000000000000000000000000000000000000000000000000000186394022160462,1.61725625984528,2.97207862677548,1.39151675143616,2.89945893916713,1.26367329157204,2.64301442280931,1.42414876761782,2.83818399625064,4.38071506950833,TRUE,6,0,higher,TRUE,TRUE,TRUE,2.13116638193423,25,TRUE
ENSMUSG00000024529,Lox,14.329949761572,1626.33585133345,0.000000000000000000000000000000000000000000000000000000000000266034898959177,0.000000000000000000000000000000000000000000000000000000000267258271355714,1.16681303164949,81.3316575166063,0.00000000000000000000000000000000000000000000000000000000000348110994052917,0.00000000000000000000000000000000000000000000000000000000216136760653702,1.0393390411701,1.92033942695036,0.778487204393318,1.75916196176069,0.40695401566475,1.09659653995769,0.741593420409389,1.59203264288958,2.24515186127837,TRUE,6,0,higher,TRUE,TRUE,TRUE,1.16681303164949,26,TRUE
ENSMUSG00000027171,Prrg4,9.61108701644032,1560.00973525852,0.00000000000000000000000000000000000000000000000000000000000085503186407482,0.000000000000000000000000000000000000000000000000000000000726462072724201,-2.30670775103701,-79.6513181043862,0.0000000000000000000000000000000000000000000000000000000000111954133144536,0.00000000000000000000000000000000000000000000000000000000669361322723054,-1.48350898915923,-2.95911330881862,-1.3094545152591,-3.19573750885545,-1.40435057078443,-3.48808161334522,-1.39910469173425,-3.21431081033976,0.202121157049632,TRUE,0,6,lower,TRUE,TRUE,TRUE,2.30670775103701,27,TRUE
ENSMUSG00000028780,Sema3c,9.62556745474108,1418.04313786427,0.0000000000000000000000000000000000000000000000000000000000123987278696609,0.00000000000000000000000000000000000000000000000000000000769817938461289,-2.49498144830192,-78.7524978154486,0.0000000000000000000000000000000000000000000000000000000000211224268912314,0.0000000000000000000000000000000000000000000000000000000121778334751839,-1.88477714197985,-4.0546064258262,-1.71479124839162,-3.45462884843571,-1.48663807951828,-2.37444694565985,-1.69540215662991,-3.29456073997392,0.177392700613269,TRUE,0,6,lower,TRUE,TRUE,TRUE,2.49498144830192,28,TRUE
ENSMUSG00000062991,Nrg1,10.3418653256866,1200.50980588408,0.00000000000000000000000000000000000000000000000000000000131372853722353,0.000000000000000000000000000000000000000000000000000000605929136468555,2.03883491924685,78.2372343204386,0.0000000000000000000000000000000000000000000000000000000000304924807150292,0.0000000000000000000000000000000000000000000000000000000169737971097489,1.84694825516971,2.7730206846348,1.77934618969823,2.65003073597385,1.11282969829164,2.07083395171285,1.57970804771986,2.49796179077384,4.10913554171705,TRUE,6,0,higher,TRUE,TRUE,TRUE,2.03883491924685,29,TRUE
ENSMUSG00000053580,Tanc2,11.1443848348305,1446.12770613849,0.00000000000000000000000000000000000000000000000000000000000715687705956893,0.00000000000000000000000000000000000000000000000000000000462133865490485,-1.52327601928147,-77.5402769075432,0.0000000000000000000000000000000000000000000000000000000000502939551221666,0.0000000000000000000000000000000000000000000000000000000270631772512379,-1.25208558635566,-2.33985290181535,-0.87987474696739,-1.88256471796775,-0.72641888274203,-2.05885927984065,-0.952793072021692,-2.09375896654125,0.347895031621553,TRUE,0,6,lower,TRUE,TRUE,TRUE,1.52327601928147,30,TRUE
ENSMUSG00000040209,Zfp704,9.63049895410614,1520.30315257266,0.00000000000000000000000000000000000000000000000000000000000176149294137206,0.00000000000000000000000000000000000000000000000000000000142178902762846,-2.14283234366814,-77.1930595424338,0.0000000000000000000000000000000000000000000000000000000000646399078660842,0.0000000000000000000000000000000000000000000000000000000336607107316838,-1.51805406463407,-2.86758519218831,-1.24668045238178,-2.89941454889914,-1.02393875127374,-3.30132105263179,-1.26289108942986,-3.02277359790642,0.22643480833093,TRUE,0,6,lower,TRUE,TRUE,TRUE,2.14283234366814,31,TRUE
ENSMUSG00000028381,Ugcg,13.3112851549462,1481.65508271436,0.00000000000000000000000000000000000000000000000000000000000362520915420908,0.00000000000000000000000000000000000000000000000000000000254442397288683,-1.23419363001972,-76.7457654800286,0.0000000000000000000000000000000000000000000000000000000000894559456341207,0.0000000000000000000000000000000000000000000000000000000451277290741128,-0.90222074356277,-1.84412618153336,-0.739414967125736,-1.88515327184541,-0.568008994431795,-1.46623762161924,-0.7365482350401,-1.73183902499934,0.425080024469489,TRUE,0,6,lower,TRUE,TRUE,TRUE,1.23419363001972,32,TRUE
ENSMUSG00000025701,Alox5,10.5411307495403,1701.05920305354,0.0000000000000000000000000000000000000000000000000000000000000754670132350004,0.0000000000000000000000000000000000000000000000000000000000937126149732777,-1.92516055263629,-75.6339679587463,0.000000000000000000000000000000000000000000000000000000000202243997945053,0.0000000000000000000000000000000000000000000000000000000989340866311209,-1.34997030080936,-3.33621493952948,-1.14002888374848,-3.25633611749782,-0.487115229748444,-1.98129784448413,-0.992371471435428,-2.85794963383714,0.26331095437539,TRUE,0,6,lower,TRUE,TRUE,TRUE,1.92516055263629,33,TRUE
ENSMUSG00000021806,Nid2,11.6329454466938,950.145831233143,0.000000000000000000000000000000000000000000000000000000907523330788348,0.000000000000000000000000000000000000000000000000000325558869531473,1.31130489726659,71.0667353085868,0.00000000000000000000000000000000000000000000000000000000655903400682676,0.00000000000000000000000000000000000000000000000000000311419076388836,1.60364901230082,1.85080737837759,0.776451477859949,1.27189085608611,0.949865870082476,1.41516478889259,1.10998878674775,1.51262100778543,2.48165901055545,TRUE,6,0,higher,TRUE,TRUE,TRUE,1.31130489726659,34,TRUE
ENSMUSG00000068587,Mgam,9.07364415367345,1295.34030659698,0.000000000000000000000000000000000000000000000000000000000156418718748436,0.0000000000000000000000000000000000000000000000000000000814537863469678,-2.58297035241113,-70.7016375335075,0.00000000000000000000000000000000000000000000000000000000874375788007906,0.00000000000000000000000000000000000000000000000000000392084676272545,-1.7480249935443,-3.51745054825825,-1.52101225042392,-3.40162546258613,-1.23107627397811,-4.07863258567606,-1.50003783931544,-3.66590286550681,0.166896967633238,TRUE,0,6,lower,TRUE,TRUE,TRUE,2.58297035241113,36,TRUE
ENSMUSG00000021253,Tgfb3,11.2587188538237,1096.50574109427,0.000000000000000000000000000000000000000000000000000000016570121560021,0.00000000000000000000000000000000000000000000000000000668728680858547,1.27133276120983,69.4726054052999,0.0000000000000000000000000000000000000000000000000000000232644555697098,0.0000000000000000000000000000000000000000000000000000098831080595217,1.36445280676247,2.16727261859698,0.752344539255139,1.55137877785363,0.531583095555117,1.26096472923563,0.882793480524243,1.65987204189541,2.41384453450046,TRUE,6,0,higher,TRUE,TRUE,TRUE,1.27133276120983,38,TRUE
ENSMUSG00000019943,Atp2b1,12.4613270595212,1018.76269690249,0.000000000000000000000000000000000000000000000000000000129425183710093,0.0000000000000000000000000000000000000000000000000000509587985520008,-1.0975058657679,-69.2429388741704,0.0000000000000000000000000000000000000000000000000000000279849840521983,0.0000000000000000000000000000000000000000000000000000115836307065291,-1.0190655911605,-1.7394924758264,-0.912847843520151,-1.51941345288597,-0.539682830972879,-0.854533000241487,-0.823865421884509,-1.37114630965129,0.467323708025147,TRUE,0,6,lower,TRUE,TRUE,TRUE,1.0975058657679,39,TRUE
ENSMUSG00000061353,Cxcl12,11.6968437834658,892.195896006239,0.00000000000000000000000000000000000000000000000000000525646570257894,0.00000000000000000000000000000000000000000000000000173173726197412,1.39077652706485,69.0703706718147,0.0000000000000000000000000000000000000000000000000000000321648604405929,0.0000000000000000000000000000000000000000000000000000129809335523123,1.30277829797233,1.87167757805918,1.3327616894106,1.8128841834401,0.851192175809759,1.17336523769712,1.16224405439756,1.61930899973213,2.62219781948634,TRUE,6,0,higher,TRUE,TRUE,TRUE,1.39077652706485,40,TRUE
ENSMUSG00000027199,Gatm,11.1028927108387,1157.90827671712,0.00000000000000000000000000000000000000000000000000000000361017659344738,0.00000000000000000000000000000000000000000000000000000151488690006795,-1.47259149257637,-68.6820266852701,0.0000000000000000000000000000000000000000000000000000000440527960187536,0.0000000000000000000000000000000000000000000000000000173449825885546,-1.07575164872586,-1.84147109164147,-1.2843378408848,-2.56439901312055,-0.45424609618072,-1.61534326490482,-0.938111861930459,-2.00707112322228,0.360334453544806,TRUE,0,6,lower,TRUE,TRUE,TRUE,1.47259149257637,41,TRUE
ENSMUSG00000019647,Sema6a,10.249017418867,1223.43487965046,0.00000000000000000000000000000000000000000000000000000000077376133487373,0.000000000000000000000000000000000000000000000000000000367377330260783,-1.57687496921676,-67.9181295515465,0.0000000000000000000000000000000000000000000000000000000822003258698342,0.0000000000000000000000000000000000000000000000000000315942823932555,-1.31537412164084,-2.87450857397843,-1.14582956269739,-2.41866337372936,-0.429600635773721,-1.27727354748079,-0.963601440037314,-2.19014849839619,0.335207197279172,TRUE,0,6,lower,TRUE,TRUE,TRUE,1.57687496921676,42,TRUE
ENSMUSG00000031626,Sorbs2,10.4288608719184,863.919534947357,0.0000000000000000000000000000000000000000000000000000129089761094582,0.00000000000000000000000000000000000000000000000000408607061441145,-1.64016733496462,-67.7638816374846,0.0000000000000000000000000000000000000000000000000000000933115003825725,0.0000000000000000000000000000000000000000000000000000350308732715318,-1.6316599767991,-2.25916679487812,-1.65632072587022,-2.1249417050888,-0.888706301335963,-1.28020850581552,-1.3922290013351,-1.88810566859415,0.320819261125505,TRUE,0,6,lower,TRUE,TRUE,TRUE,1.64016733496462,43,TRUE
ENSMUSG00000029126,Nsg1,10.2458706616031,841.885360967493,0.0000000000000000000000000000000000000000000000000000265341323210072,0.00000000000000000000000000000000000000000000000000764893746532178,1.65752193817776,67.6798139757703,0.0000000000000000000000000000000000000000000000000000000999991263867851,0.0000000000000000000000000000000000000000000000000000358730199391527,1.5423639619423,1.81622049799056,1.85422935186162,2.39713431621409,0.976038689545957,1.35914481151205,1.45754400111662,1.8574998752389,3.1547418122144,TRUE,6,0,higher,TRUE,TRUE,TRUE,1.65752193817776,44,TRUE
ENSMUSG00000045636,Mtus1,10.4385499855069,849.61100860139,0.0000000000000000000000000000000000000000000000000000205673828241749,0.00000000000000000000000000000000000000000000000000626451435718219,1.55143024499455,67.681544378205,0.0000000000000000000000000000000000000000000000000000000998566699268496,0.0000000000000000000000000000000000000000000000000000358730199391527,1.39467378804053,1.88583143540072,1.48496412273325,1.97840189096954,0.946477170144435,1.61823306267885,1.27537169363941,1.8274887963497,2.93107573340105,TRUE,6,0,higher,TRUE,TRUE,TRUE,1.55143024499455,44,TRUE
ENSMUSG00000007655,Cav1,12.4859324258303,991.480084107215,0.000000000000000000000000000000000000000000000000000000276295336957117,0.000000000000000000000000000000000000000000000000000106196086297589,1.23401094387769,67.2510206453344,0.000000000000000000000000000000000000000000000000000000142525964193337,0.0000000000000000000000000000000000000000000000000000500173182602834,0.940079959272767,1.13726117879523,0.933007252220804,1.53392796620368,0.834339590600886,2.0254497161728,0.902475600698152,1.56554628705724,2.35220034364266,TRUE,6,0,higher,TRUE,TRUE,TRUE,1.23401094387769,46,TRUE
ENSMUSG00000013846,St3gal1,10.9671023997152,1157.34302667388,0.00000000000000000000000000000000000000000000000000000000365982711408352,0.00000000000000000000000000000000000000000000000000000151488690006795,-1.33276845676461,-66.8242313943227,0.000000000000000000000000000000000000000000000000000000203247974378296,0.0000000000000000000000000000000000000000000000000000698091925614646,-1.24265065985066,-2.41425923275185,-0.780286128282187,-1.97412353659595,-0.466082322216854,-1.11920886089015,-0.829673036783232,-1.83586387674598,0.397005677199876,TRUE,0,6,lower,TRUE,TRUE,TRUE,1.33276845676461,47,TRUE
ENSMUSG00000037852,Cpe,11.6089350858492,856.516047112796,0.0000000000000000000000000000000000000000000000000000164112578791986,0.00000000000000000000000000000000000000000000000000509474876815199,1.19204523401497,65.9864617469876,0.000000000000000000000000000000000000000000000000000000410576270022481,0.000000000000000000000000000000000000000000000000000138081931811936,0.838070736186237,1.11067950648427,1.22090280057145,1.75692306706975,0.768649023798506,1.45704626997959,0.942540853518732,1.44154961451121,2.28476412868001,TRUE,6,0,higher,TRUE,TRUE,TRUE,1.19204523401497,48,TRUE
ENSMUSG00000035131,Brinp3,11.7104972839989,818.592777736138,0.0000000000000000000000000000000000000000000000000000580114448428677,0.0000000000000000000000000000000000000000000000000148647421285463,1.18747554586497,65.6969834661396,0.000000000000000000000000000000000000000000000000000000524551628007579,0.000000000000000000000000000000000000000000000000000172132421908288,1.51646350805377,1.77340736595966,1.24093693224612,1.26402761703205,0.539517757783226,0.790500094114998,1.09897273269437,1.27597835903557,2.27753866418899,TRUE,6,0,higher,TRUE,TRUE,TRUE,1.18747554586497,49,TRUE
ENSMUSG00000059921,Unc5c,11.203660769791,777.493793620869,0.000000000000000000000000000000000000000000000000000243721480288842,0.0000000000000000000000000000000000000000000000000554140261451095,1.30820459689732,65.1541928250744,0.000000000000000000000000000000000000000000000000000000832764055064108,0.000000000000000000000000000000000000000000000000000263594316488233,1.44584113835364,1.68367028753246,1.09246310320744,1.60656073750986,0.818033999056478,1.20265831572403,1.11877941353919,1.49762978025545,2.47633173964836,TRUE,6,0,higher,TRUE,TRUE,TRUE,1.30820459689732,51,TRUE
ENSMUSG00000027848,Olfml3,10.850080872139,779.686619620186,0.000000000000000000000000000000000000000000000000000225330738273117,0.0000000000000000000000000000000000000000000000000519644872563274,1.38100267901313,63.6468857103312,0.00000000000000000000000000000000000000000000000000000306628531850616,0.000000000000000000000000000000000000000000000000000951904690320096,1.3389458033555,1.88143093034728,1.01530056449742,1.55993798743152,0.897366157225164,1.5930346312219,1.08387084169269,1.67813451633357,2.60449321554828,TRUE,6,0,higher,TRUE,TRUE,TRUE,1.38100267901313,52,TRUE
ENSMUSG00000055013,Agap1,11.090046650112,963.822651813219,0.000000000000000000000000000000000000000000000000000000608892558034857,0.000000000000000000000000000000000000000000000000000228589594519923,-1.26484633902873,-63.1446225824521,0.0000000000000000000000000000000000000000000000000000047659156531055,0.00000000000000000000000000000000000000000000000000142474400718671,-0.873401135505436,-1.96936226316979,-0.905539865951772,-1.84871772544015,-0.594326400236536,-1.3977306438687,-0.791089133897915,-1.73860354415955,0.416143688321913,TRUE,0,6,lower,TRUE,TRUE,TRUE,1.26484633902873,54,TRUE
ENSMUSG00000070469,Adamtsl3,9.92184113313027,833.414212533449,0.0000000000000000000000000000000000000000000000000000351774860599831,0.00000000000000000000000000000000000000000000000000962491792315774,1.76981654527788,62.8301770669559,0.00000000000000000000000000000000000000000000000000000629235430297807,0.000000000000000000000000000000000000000000000000001846863191145,2.28852324524597,2.92812889809503,0.860477616935439,1.82774206628901,0.972778149256021,1.74124929584583,1.37392633714581,2.16570675340996,3.41010590660205,TRUE,6,0,higher,TRUE,TRUE,TRUE,1.76981654527788,55,TRUE
ENSMUSG00000040998,Npnt,11.8916811810799,834.471665702619,0.000000000000000000000000000000000000000000000000000033955577464095,0.00000000000000000000000000000000000000000000000000945077391384287,-1.16327688051549,-62.7996906216057,0.00000000000000000000000000000000000000000000000000000646462580477048,0.0000000000000000000000000000000000000000000000000018635438279716,-0.692204455897048,-0.69163527877325,-1.43145612419688,-1.91158944577627,-0.743633068260264,-1.50914291018924,-0.955764549451399,-1.37078921157959,0.446497226674639,TRUE,0,6,lower,TRUE,TRUE,TRUE,1.16327688051549,56,TRUE
ENSMUSG00000097789,Gm2115,10.052917668547,819.021042488295,0.0000000000000000000000000000000000000000000000000000571718107616523,0.0000000000000000000000000000000000000000000000000148647421285463,1.64068458300966,62.7711392413824,0.00000000000000000000000000000000000000000000000000000663031381435075,0.00000000000000000000000000000000000000000000000000187777466500113,1.52307542934099,2.27031235503903,1.05617697188971,2.12459465165312,0.983772590730634,1.88617549940447,1.18767499732044,2.09369416869888,3.11813757625961,TRUE,6,0,higher,TRUE,TRUE,TRUE,1.64068458300966,57,TRUE
ENSMUSG00000046807,Lrrc75b,8.55014779764005,832.39434915681,0.0000000000000000000000000000000000000000000000000000363991246271867,0.00000000000000000000000000000000000000000000000000979318448094457,2.28782485681738,62.3658525010784,0.00000000000000000000000000000000000000000000000000000950765111228568,0.00000000000000000000000000000000000000000000000000264624158457979,1.80055285647995,3.05014839356208,1.97660131763353,3.364998095709,1.08245480445094,2.4521936730688,1.61986965952147,2.95578005411329,4.8831931950213,TRUE,6,0,higher,TRUE,TRUE,TRUE,2.28782485681738,58,TRUE
ENSMUSG00000036545,Adamts2,9.68946133703797,709.259463144837,0.00000000000000000000000000000000000000000000000000314390570711725,0.000000000000000000000000000000000000000000000000611470720843298,1.85903526506772,62.134497137599,0.0000000000000000000000000000000000000000000000000000116916689664167,0.00000000000000000000000000000000000000000000000000319895952754008,2.26683541601201,2.63490325364688,1.60973032311135,1.96026685086217,1.0567570792195,1.62571866755442,1.64444093944762,2.07362959068782,3.62764998849802,TRUE,6,0,higher,TRUE,TRUE,TRUE,1.85903526506772,59,TRUE
ENSMUSG00000049929,Lpar4,8.13650910631155,803.357474952363,0.0000000000000000000000000000000000000000000000000000979302999483887,0.0000000000000000000000000000000000000000000000000232483651774535,2.90284907478081,62.0597825189164,0.0000000000000000000000000000000000000000000000000000125010726455684,0.00000000000000000000000000000000000000000000000000336341359529017,2.12573987635737,3.4137805180948,2.27746811147565,3.94638624197677,1.83388411322745,3.81983558755284,2.07903070035349,3.72666744920813,7.47901913553836,TRUE,6,0,higher,TRUE,TRUE,TRUE,2.90284907478081,60,TRUE
ENSMUSG00000024620,Pdgfrb,12.4429748449598,897.66465316214,0.00000000000000000000000000000000000000000000000000489756043286448,0.000000000000000000000000000000000000000000000000908750782387716,1.38207339244618,70.2878289368195,0.0000000000000000000000000000000000000000000000000000134695394106673,0.00000000000000000000000000000000000000000000000000356457007715413,1.29827802852286,1.67126281980089,1.12812700638346,1.68546375487688,1.02943952821497,1.47986921687806,1.15194818770709,1.61219859718528,2.60642688889579,TRUE,6,0,higher,TRUE,TRUE,TRUE,1.38207339244618,61,TRUE
ENSMUSG00000020186,Csrp2,10.5321997748637,812.937489600208,0.0000000000000000000000000000000000000000000000000000703774132489912,0.0000000000000000000000000000000000000000000000000174785012627456,1.30826866266321,61.3009934849008,0.0000000000000000000000000000000000000000000000000000247814229162976,0.00000000000000000000000000000000000000000000000000645236306673858,1.00962513211093,1.49621462088041,1.41109102720157,2.2133439521474,0.489278563679074,1.2300586799599,0.969998240997191,1.64653908432923,2.47644170856598,TRUE,6,0,higher,TRUE,TRUE,TRUE,1.30826866266321,62,TRUE
ENSMUSG00000022377,Asap1,13.0141074581843,751.429980251175,0.000000000000000000000000000000000000000000000000000629961900083549,0.000000000000000000000000000000000000000000000000139307876069161,1.0137803126049,61.1840649121489,0.0000000000000000000000000000000000000000000000000000275574215812735,0.00000000000000000000000000000000000000000000000000706126121565871,0.82365226045312,1.33695741765483,0.769535093228754,1.2771641378808,0.66142155404329,1.21395141236862,0.751536302575055,1.27602432263475,2.01919509743784,TRUE,6,0,higher,TRUE,TRUE,TRUE,1.0137803126049,63,TRUE
ENSMUSG00000020142,Slc1a4,10.4208587672058,739.797400492469,0.000000000000000000000000000000000000000000000000000972655932209302,0.000000000000000000000000000000000000000000000000203916684592919,1.30888144098188,61.0865779596019,0.0000000000000000000000000000000000000000000000000000301126727783392,0.0000000000000000000000000000000000000000000000000075954511978239,1.03781706691909,1.58301210753252,1.22606490907083,1.74503379149836,0.728123553871079,1.53323721699939,0.997335176620333,1.62042770534342,2.4774937896135,TRUE,6,0,higher,TRUE,TRUE,TRUE,1.30888144098188,64,TRUE
ENSMUSG00000051375,Pcdh1,9.36248394551048,917.709698326007,0.00000000000000000000000000000000000000000000000000000239316665409282,0.000000000000000000000000000000000000000000000000000804851860354592,-2.03880418249565,-60.8389103725644,0.0000000000000000000000000000000000000000000000000000377446605775572,0.00000000000000000000000000000000000000000000000000937403162620779,-1.33669961991321,-3.00192460442795,-1.44184365835037,-3.09916695163898,-0.915216584333425,-2.43797367630996,-1.23125328753233,-2.84635507745897,0.243365373365493,TRUE,0,6,lower,TRUE,TRUE,TRUE,2.03880418249565,65,TRUE
ENSMUSG00000018166,Erbb3,8.38506199242787,951.9715824962,0.000000000000000000000000000000000000000000000000000000860159563220124,0.000000000000000000000000000000000000000000000000000315580814296874,-2.44130681693547,-60.7538792922354,0.0000000000000000000000000000000000000000000000000000407969301830545,0.00000000000000000000000000000000000000000000000000997855824159164,-1.55097628103483,-3.71753694397338,-2.10892725425635,-4.23544273389617,-0.821745404732607,-2.2132122837195,-1.49388298000793,-3.38873065386302,0.184116800573177,TRUE,0,6,lower,TRUE,TRUE,TRUE,2.44130681693547,66,TRUE
ENSMUSG00000014329,Bicc1,9.83612903087066,674.828249853289,0.0000000000000000000000000000000000000000000000000125472906351738,0.00000000000000000000000000000000000000000000000220164035569142,1.55616505044345,60.7006102672416,0.0000000000000000000000000000000000000000000000000000428358929630682,0.0000000000000000000000000000000000000000000000000103208928373554,1.5445541627163,1.97605652701204,1.28688109251915,1.82933353080281,1.04785537777114,1.65230961183928,1.29309687766887,1.81923322321804,2.94071108337889,TRUE,6,0,higher,TRUE,TRUE,TRUE,1.55616505044345,67,TRUE
ENSMUSG00000021822,Plau,10.6050980782098,822.911914777403,0.0000000000000000000000000000000000000000000000000000500963674870049,0.0000000000000000000000000000000000000000000000000132574698416839,-1.43374508550911,-60.4037445586375,0.0000000000000000000000000000000000000000000000000000562569473717339,0.0000000000000000000000000000000000000000000000000131616797307522,-1.29194743572118,-2.16217706455551,-1.22543180138711,-2.27147146917977,-0.545820003772455,-1.10562273843865,-1.02106641362691,-1.84642375739131,0.37016872504094,TRUE,0,6,lower,TRUE,TRUE,TRUE,1.43374508550911,69,TRUE
ENSMUSG00000056870,Gulp1,10.5832670970079,718.48175593249,0.0000000000000000000000000000000000000000000000000109612462882169,0.00000000000000000000000000000000000000000000000194447691022731,1.62234233565163,61.8443245481228,0.0000000000000000000000000000000000000000000000000000745946350710102,0.0000000000000000000000000000000000000000000000000172025884850188,1.6587945748845,2.07886775238127,1.33784718609749,1.95941500620147,0.964113776299762,1.73501571804529,1.32025184576058,1.92443282554268,3.07874490592711,TRUE,6,0,higher,TRUE,TRUE,TRUE,1.62234233565163,70,TRUE
ENSMUSG00000031740,Mmp2,12.6630935630898,636.066283183369,0.0000000000000000000000000000000000000000000000000649387256573874,0.0000000000000000000000000000000000000000000000100798639258385,1.06506006514449,59.9111797080537,0.0000000000000000000000000000000000000000000000000000886799724691646,0.0000000000000000000000000000000000000000000000000198827888273573,1.29893416607356,0.885880323425868,1.30416131369566,1.11121521696843,0.83910650394056,0.951062866762848,1.14740066123659,0.98271946905238,2.09225698676889,TRUE,6,0,higher,TRUE,TRUE,TRUE,1.06506006514449,72,TRUE
ENSMUSG00000064080,Fbln2,12.5354488749005,655.935910973646,0.0000000000000000000000000000000000000000000000000276270027606735,0.00000000000000000000000000000000000000000000000450487581379346,1.04177578378429,59.3510385758908,0.000000000000000000000000000000000000000000000000000149456451430891,0.0000000000000000000000000000000000000000000000000326037229114713,1.1272453967496,1.47472402858786,1.12911837436305,1.15861147045921,0.514702491843753,0.846252940702247,0.923688754318803,1.15986281324977,2.05876018012392,TRUE,6,0,higher,TRUE,TRUE,TRUE,1.04177578378429,74,TRUE
ENSMUSG00000075254,Heg1,11.6638277818091,757.933326258599,0.000000000000000000000000000000000000000000000000000495566364032661,0.000000000000000000000000000000000000000000000000111110108535823,-1.07942165079983,-59.0522337408359,0.000000000000000000000000000000000000000000000000000197829212524042,0.0000000000000000000000000000000000000000000000000425807597036749,-0.646115993810273,-1.19555681968716,-0.698468157557208,-1.28507743270815,-0.923580256451071,-1.72773124458515,-0.756054802606184,-1.40278849899348,0.473218489700392,TRUE,0,6,lower,TRUE,TRUE,TRUE,1.07942165079983,75,TRUE
ENSMUSG00000022661,Cd200,9.79157673593858,769.28672779508,0.000000000000000000000000000000000000000000000000000689947352842939,0.0000000000000000000000000000000000000000000000001505110826614,-1.88337017162347,-59.6710656882427,0.000000000000000000000000000000000000000000000000000224961154034919,0.0000000000000000000000000000000000000000000000000477835251261275,-1.50687953134367,-2.89818888403505,-1.57194540570512,-2.63991781933147,-0.975990454613399,-1.70729893471209,-1.35160513055407,-2.41513521269287,0.27104979640474,TRUE,0,6,lower,TRUE,TRUE,TRUE,1.88337017162347,76,TRUE
ENSMUSG00000020846,Rflnb,10.2757135865819,608.287516657675,0.000000000000000000000000000000000000000000000000224397353713978,0.000000000000000000000000000000000000000000000032343272151828,1.47399906515173,58.0469237531531,0.00000000000000000000000000000000000000000000000000051336260691225,0.000000000000000000000000000000000000000000000000106246314915185,1.60605387996353,2.02703104127677,1.32190286928904,1.62667752709036,0.944319475393916,1.31800959789674,1.29075874154883,1.65723938875462,2.77790847147982,TRUE,6,0,higher,TRUE,TRUE,TRUE,1.47399906515173,78,TRUE
ENSMUSG00000024074,Crim1,10.4825699312879,664.448608958911,0.0000000000000000000000000000000000000000000000000193059396230649,0.000000000000000000000000000000000000000000000003246414409741,1.32787549766168,57.9343663964443,0.000000000000000000000000000000000000000000000000000571772497429559,0.000000000000000000000000000000000000000000000000115135679444856,1.64300677380967,2.18610551248079,0.905821004697989,1.40261347120646,0.796373063506195,1.03333316026898,1.11506694733795,1.54068404798541,2.51032733587231,TRUE,6,0,higher,TRUE,TRUE,TRUE,1.32787549766168,80,TRUE
ENSMUSG00000024381,Bin1,12.2353230592497,703.717882591725,0.00000000000000000000000000000000000000000000000000391059235455165,0.000000000000000000000000000000000000000000000000742690498582675,-1.03772320138659,-57.5373332631218,0.000000000000000000000000000000000000000000000000000837542278758941,0.000000000000000000000000000000000000000000000000164883475682995,-0.747076650129399,-1.38597409687386,-0.990272897361738,-1.52938797554763,-0.496696471658074,-1.07693111674882,-0.744682006383071,-1.3307643963901,0.487095580526136,TRUE,0,6,lower,TRUE,TRUE,TRUE,1.03772320138659,82,TRUE
ENSMUSG00000054263,Lifr,12.0225960458132,705.769211267213,0.00000000000000000000000000000000000000000000000000360640821766181,0.000000000000000000000000000000000000000000000000693074379258507,1.08635510078838,57.4428953502698,0.000000000000000000000000000000000000000000000000000917492881412218,0.000000000000000000000000000000000000000000000000178446838369126,0.855209243632864,1.01941228593253,0.815812230766072,1.52388958173778,0.714705337738581,1.58910192492247,0.795242270712505,1.37746793086426,2.12336899349245,TRUE,6,0,higher,TRUE,TRUE,TRUE,1.08635510078838,83,TRUE
ENSMUSG00000027111,Itga6,10.5634719360938,655.360663965478,0.0000000000000000000000000000000000000000000000000283089009950647,0.0000000000000000000000000000000000000000000000045699058876333,-1.36582606074035,-56.9471666065095,0.0000000000000000000000000000000000000000000000000014841913489465,0.000000000000000000000000000000000000000000000000285229773167182,-0.883995808038581,-1.13126427307455,-1.47927637546428,-2.03769337249634,-0.874588127231418,-1.78813840813695,-1.07928677024476,-1.65236535123595,0.388012205205864,TRUE,0,6,lower,TRUE,TRUE,TRUE,1.36582606074035,84,TRUE
ENSMUSG00000075602,Ly6a,10.9236644069583,836.460796904457,0.0000000000000000000000000000000000000000000000000000317747378114582,0.0000000000000000000000000000000000000000000000000089989402191293,-1.25342157454934,-56.3269062244328,0.00000000000000000000000000000000000000000000000000272483546437636,0.000000000000000000000000000000000000000000000000517494340016794,-0.717863967445412,-1.16018814663924,-0.693022384018478,-1.15889220320943,-1.11750808523974,-2.67305466074371,-0.842798145567877,-1.66404500353079,0.419452231160294,TRUE,0,6,lower,TRUE,TRUE,TRUE,1.25342157454934,85,TRUE
ENSMUSG00000003032,Klf4,10.1750258932668,805.750020759478,0.0000000000000000000000000000000000000000000000000000901415978199724,0.0000000000000000000000000000000000000000000000000217187434866838,-1.5175203922242,-55.9054621268221,0.0000000000000000000000000000000000000000000000000041325937109833,0.00000000000000000000000000000000000000000000000077572628228376,-0.874419124819518,-2.22922812735402,-0.877969409888728,-2.1011817026244,-0.858723047929622,-2.16360094072889,-0.870370527545956,-2.16467025690244,0.349285729939322,TRUE,0,6,lower,TRUE,TRUE,TRUE,1.5175203922242,86,TRUE
ENSMUSG00000019256,Ahr,10.4997907908711,641.787617275307,0.0000000000000000000000000000000000000000000000000506372716230345,0.00000000000000000000000000000000000000000000000801409290010437,1.41740919855824,55.7128811476594,0.00000000000000000000000000000000000000000000000000500398951313696,0.000000000000000000000000000000000000000000000000928498881730689,1.73682010555181,2.01960903111439,1.1310700906409,1.79511081710346,0.468024074028698,1.35382107291017,1.11197142340714,1.72284697370934,2.6710541031288,TRUE,6,0,higher,TRUE,TRUE,TRUE,1.41740919855824,87,TRUE
ENSMUSG00000033282,Rpgrip1l,10.7547653375907,743.020633578554,0.000000000000000000000000000000000000000000000000000861780617184922,0.000000000000000000000000000000000000000000000000185489660042883,1.1405325916848,55.5287746088785,0.00000000000000000000000000000000000000000000000000601191873838134,0.00000000000000000000000000000000000000000000000110284550220102,0.837215467979089,1.56791082242906,0.865673834328669,1.78365232819482,0.443811694664117,1.34493140251307,0.715566998990625,1.56549818437898,2.20462395027832,TRUE,6,0,higher,TRUE,TRUE,TRUE,1.1405325916848,88,TRUE
ENSMUSG00000031290,Lrch2,10.6872658842559,595.91173279999,0.000000000000000000000000000000000000000000000000396980699011537,0.0000000000000000000000000000000000000000000000547731574713098,1.32985832249592,55.4970775835585,0.00000000000000000000000000000000000000000000000000620525942805562,0.00000000000000000000000000000000000000000000000112552250502362,1.49703238335181,1.67764779633771,1.14421032332399,1.83963311274808,0.653483636246495,1.16714268296743,1.09824211430743,1.5614745306844,2.51377987528559,TRUE,6,0,higher,TRUE,TRUE,TRUE,1.32985832249592,89,TRUE
ENSMUSG00000037185,Krt80,9.25411954115767,719.066800290316,0.00000000000000000000000000000000000000000000000000214545020434336,0.000000000000000000000000000000000000000000000000438405096819175,-1.86637069629643,-55.2689282221287,0.00000000000000000000000000000000000000000000000000779706572454708,0.00000000000000000000000000000000000000000000000138316518671828,-1.07231273303499,-2.04050150666523,-1.3912601400905,-2.71851613411635,-1.14342407133988,-2.83220959253165,-1.20233231482179,-2.53040907777108,0.274262504387238,TRUE,0,6,lower,TRUE,TRUE,TRUE,1.86637069629643,91,TRUE
ENSMUSG00000030616,Sytl2,11.0011357596358,740.477481246327,0.00000000000000000000000000000000000000000000000000094809120193642,0.000000000000000000000000000000000000000000000000201382056221837,-1.1925810132699,-55.0229045397685,0.0000000000000000000000000000000000000000000000000099842481089172,0.00000000000000000000000000000000000000000000000175190996980707,-1.18118769109212,-2.12723469385707,-0.768650465050719,-1.72829061767278,-0.452435071113438,-0.897687540833307,-0.800757742418758,-1.58440428412105,0.437519428164474,TRUE,0,6,lower,TRUE,TRUE,TRUE,1.1925810132699,92,TRUE
ENSMUSG00000015222,Map2,8.83336325688729,782.325807783016,0.000000000000000000000000000000000000000000000000000205086219354303,0.0000000000000000000000000000000000000000000000000479812585367611,-1.92284992384178,-54.9485189662857,0.0000000000000000000000000000000000000000000000000107615358283724,0.00000000000000000000000000000000000000000000000186799433201523,-1.27413537506565,-3.16554929224531,-1.15006295543718,-2.80348158014965,-0.938347787768436,-2.20552255238442,-1.12084870609042,-2.72485114159313,0.263733012631398,TRUE,0,6,lower,TRUE,TRUE,TRUE,1.92284992384178,93,TRUE
ENSMUSG00000022297,Fzd6,10.4841151149126,638.799549828591,0.0000000000000000000000000000000000000000000000000576466199379252,0.00000000000000000000000000000000000000000000000903484840444589,1.25504181117746,54.5938896589265,0.0000000000000000000000000000000000000000000000000154057708286801,0.00000000000000000000000000000000000000000000000264569530305726,1.13951560865698,1.75974083559865,1.16830814518462,1.88991396333079,0.449926527079509,1.12284578721422,0.919250093640366,1.59083352871456,2.38674065590755,TRUE,6,0,higher,TRUE,TRUE,TRUE,1.25504181117746,94,TRUE
ENSMUSG00000067276,Capn6,10.406179645686,598.004779278025,0.000000000000000000000000000000000000000000000000360176240411284,0.0000000000000000000000000000000000000000000000505593482518205,1.39265025397678,54.1331511873164,0.0000000000000000000000000000000000000000000000000246362916686266,0.00000000000000000000000000000000000000000000000418635427796462,1.6412985666131,2.09852310385812,1.13766059556445,1.69184090984371,0.509884641199927,1.27669370678137,1.09628126779249,1.68901924016106,2.62560566000259,TRUE,6,0,higher,TRUE,TRUE,TRUE,1.39265025397678,95,TRUE
ENSMUSG00000058571,Gpc6,9.59135430701473,549.682249768347,0.00000000000000000000000000000000000000000000000372600854736989,0.000000000000000000000000000000000000000000000438483416972981,1.63771076049953,53.8608681820683,0.0000000000000000000000000000000000000000000000000325729081015445,0.00000000000000000000000000000000000000000000000547733807795035,1.39961340134211,2.12802758173306,1.60747612279507,2.08694306894516,0.956353124289262,1.64785126389254,1.32114754947548,1.95427397152358,3.11171678944652,TRUE,6,0,higher,TRUE,TRUE,TRUE,1.63771076049953,96,TRUE
ENSMUSG00000012889,Podnl1,9.3669508903117,559.730970260297,0.00000000000000000000000000000000000000000000000225527118208679,0.000000000000000000000000000000000000000000000275809414336569,1.68347541156923,53.8403250564086,0.0000000000000000000000000000000000000000000000000332683184661082,0.00000000000000000000000000000000000000000000000553660273194211,1.3660624498671,2.05455575765439,1.62783972970609,2.25744261979973,0.971039042089274,1.82391287029876,1.32164707388749,2.04530374925096,3.21200783403479,TRUE,6,0,higher,TRUE,TRUE,TRUE,1.68347541156923,97,TRUE
ENSMUSG00000040274,Cdk6,11.447644981129,703.015489548924,0.0000000000000000000000000000000000000000000000000040207539484592,0.000000000000000000000000000000000000000000000000754732918488102,-1.05309965012469,-53.7617118336218,0.0000000000000000000000000000000000000000000000000360719586849661,0.00000000000000000000000000000000000000000000000594193499032049,-0.60229891232556,-1.38540590043658,-0.697281216949808,-1.71949648244021,-0.669588034217764,-1.24452735437825,-0.656389387831044,-1.44980991241834,0.481931614642348,TRUE,0,6,lower,TRUE,TRUE,TRUE,1.05309965012469,98,TRUE
ENSMUSG00000031391,L1cam,8.88938041419666,845.68887772881,0.0000000000000000000000000000000000000000000000000000234000286270516,0.00000000000000000000000000000000000000000000000000686812112957263,-2.09887675311097,-53.6295663988544,0.0000000000000000000000000000000000000000000000000413378824544699,0.00000000000000000000000000000000000000000000000674058016628795,-1.31910491019353,-3.11157504668544,-0.996717946767383,-2.83528853790946,-0.861004034538825,-3.46957004257115,-1.05894229716658,-3.13881120905535,0.233439927737722,TRUE,0,6,lower,TRUE,TRUE,TRUE,2.09887675311097,99,TRUE
ENSMUSG00000039384,Dusp10,9.73839467057572,650.875388446955,0.0000000000000000000000000000000000000000000000000342613127463917,0.0000000000000000000000000000000000000000000000054760432838119,-1.44905673585359,-53.3915999368814,0.0000000000000000000000000000000000000000000000000528775212511082,0.00000000000000000000000000000000000000000000000853601825556639,-1.14606589666614,-2.13834662481704,-0.9573421355036,-2.05263189025557,-0.756615188335227,-1.64333867954398,-0.953341073501655,-1.94477239820553,0.366260814688048,TRUE,0,6,lower,TRUE,TRUE,TRUE,1.44905673585359,100,TRUE
ENSMUSG00000007872,Id3,8.58726871811164,549.700744691415,0.00000000000000000000000000000000000000000000000372253632641635,0.000000000000000000000000000000000000000000000438483416972981,2.22957133482758,52.6140113870475,0.000000000000000000000000000000000000000000000000119091259560232,0.000000000000000000000000000000000000000000000018847943167459,1.31647858514659,2.62917155661483,2.70855314721535,3.3575928858094,1.40218773477953,1.96344409939979,1.80907315571382,2.65006951394134,4.68994607532233,TRUE,6,0,higher,TRUE,TRUE,TRUE,2.22957133482758,102,TRUE
ENSMUSG00000039137,Whrn,9.45210941680981,522.777488036575,0.0000000000000000000000000000000000000000000000254077444313185,0.00000000000000000000000000000000000000000000268076613303774,1.83566159867419,53.0850651603305,0.000000000000000000000000000000000000000000000000123094829003166,0.0000000000000000000000000000000000000000000000191069213903665,1.82703493791834,1.89021327456793,2.45439709934245,2.66306874834679,0.993942300903095,1.18531323096654,1.75845811272129,1.91286508462708,3.56935055395613,TRUE,6,0,higher,TRUE,TRUE,TRUE,1.83566159867419,103,TRUE
ENSMUSG00000005087,Cd44,13.4390041174683,1217.17966138781,0.000000000000000000000000000000000000000000000000176856148241496,0.0000000000000000000000000000000000000000000000259544436460225,-1.32220174717846,-72.6777310195906,0.00000000000000000000000000000000000000000000000012236323899757,0.0000000000000000000000000000000000000000000000191069213903665,-1.02641918480435,-1.96432408570581,-0.98746206869254,-2.083686431189,-0.664394096821964,-1.20692461585709,-0.892758450106286,-1.75164504425063,0.399924134669735,TRUE,0,6,lower,TRUE,TRUE,TRUE,1.32220174717846,103,TRUE
ENSMUSG00000051048,P4ha3,8.72224987968737,571.221778723336,0.00000000000000000000000000000000000000000000000128388489376433,0.000000000000000000000000000000000000000000000164490109841568,1.93473950996566,52.0585554233987,0.000000000000000000000000000000000000000000000000214209533478465,0.0000000000000000000000000000000000000000000000326224952730458,1.56377193987023,2.63616525203857,1.55829450000599,2.67290001604933,1.01190660890388,2.16539874292597,1.37799101626003,2.49148800367129,3.82309091865917,TRUE,6,0,higher,TRUE,TRUE,TRUE,1.93473950996566,106,TRUE
ENSMUSG00000027995,Tlr2,8.3955441314071,562.354456972289,0.00000000000000000000000000000000000000000000000198109465926201,0.000000000000000000000000000000000000000000000244128328889058,2.32487647965916,51.980713042565,0.000000000000000000000000000000000000000000000000232689928680354,0.0000000000000000000000000000000000000000000000351057338195042,1.48131906081124,2.579335250573,2.35405773405528,3.61867284933535,1.3070540127151,2.60881997046497,1.71414360252721,2.93560935679111,5.01022877148784,TRUE,6,0,higher,TRUE,TRUE,TRUE,2.32487647965916,107,TRUE
ENSMUSG00000037902,Sirpa,8.6597919980096,753.137869023323,0.00000000000000000000000000000000000000000000000000100391128769657,0.000000000000000000000000000000000000000000000000207771024580586,-2.27947246248763,-52.3865342292778,0.000000000000000000000000000000000000000000000000241202610944026,0.0000000000000000000000000000000000000000000000360530902636057,-1.18896144968675,-3.25174835163451,-1.34046274836725,-3.52858182788983,-1.14108557499057,-3.22599482235687,-1.22350325768152,-3.33544166729374,0.205973056891098,TRUE,0,6,lower,TRUE,TRUE,TRUE,2.27947246248763,108,TRUE
ENSMUSG00000027894,Slc6a17,7.90084608636902,537.522398762998,0.00000000000000000000000000000000000000000000000692457897647067,0.000000000000000000000000000000000000000000000781702646273888,2.49191641275247,51.9220119490096,0.000000000000000000000000000000000000000000000000247692742041892,0.000000000000000000000000000000000000000000000036683522337452,1.97374468856972,3.10282499215253,2.02855703541619,3.47451246727354,1.6173890465572,2.75447024654565,1.87323025684771,3.11060256865724,5.625246873167,TRUE,6,0,higher,TRUE,TRUE,TRUE,2.49191641275247,109,TRUE
ENSMUSG00000061603,Akap6,9.83649072451364,550.840029278511,0.00000000000000000000000000000000000000000000000351497936430818,0.000000000000000000000000000000000000000000000420313421318718,-1.48217286480054,-51.8311833021623,0.000000000000000000000000000000000000000000000000272871780023829,0.0000000000000000000000000000000000000000000000400451740447698,-1.44346276669133,-2.20867073765262,-1.38446808272832,-1.9955843963933,-0.597589396017206,-1.26326180932045,-1.14184008181229,-1.82250564778879,0.357949292978214,TRUE,0,6,lower,TRUE,TRUE,TRUE,1.48217286480054,110,TRUE
ENSMUSG00000017144,Rnd3,11.0426123686466,570.423622490067,0.00000000000000000000000000000000000000000000000133464013398471,0.000000000000000000000000000000000000000000000169646422700119,1.13243842736019,51.7938202340957,0.000000000000000000000000000000000000000000000000283971548262852,0.0000000000000000000000000000000000000000000000412986730054704,1.20335488207881,1.69920700336265,0.766336662989472,1.47186588726538,0.506368406792801,1.14749772167205,0.825353317287029,1.43952353743336,2.19228965685708,TRUE,6,0,higher,TRUE,TRUE,TRUE,1.13243842736019,111,TRUE
ENSMUSG00000002847,Pla1a,9.06001870883345,662.364838109018,0.0000000000000000000000000000000000000000000000000210672315376559,0.00000000000000000000000000000000000000000000000347028896645286,-1.76392219383656,-51.2054127280696,0.000000000000000000000000000000000000000000000000534033769382774,0.0000000000000000000000000000000000000000000000762912136207621,-1.20463069286696,-2.65063005962669,-1.13390440332961,-2.52322779121733,-0.779523148766595,-2.29161706721217,-1.03935274832105,-2.48849163935206,0.294446576805042,TRUE,0,6,lower,TRUE,TRUE,TRUE,1.76392219383656,113,TRUE
ENSMUSG00000024521,Pmaip1,9.19327057687683,683.27161753745,0.0000000000000000000000000000000000000000000000000146535841067073,0.00000000000000000000000000000000000000000000000254357858316748,-1.89924525486105,-51.4075880126442,0.000000000000000000000000000000000000000000000000672549343758849,0.0000000000000000000000000000000000000000000000952365268096413,-1.19649412573443,-2.95829390418417,-1.36269860086504,-2.95171506222601,-0.76660490244835,-2.1596649337083,-1.10859920968261,-2.68989130003949,0.268083576734966,TRUE,0,6,lower,TRUE,TRUE,TRUE,1.89924525486105,114,TRUE
ENSMUSG00000031636,Pdlim3,9.92919770194173,822.176292955696,0.000000000000000000000000000000000000000000000000926606759111773,0.000000000000000000000000000000000000000000000119665703298731,-1.94341183285385,-60.0652373041957,0.000000000000000000000000000000000000000000000000752329370850975,0.000000000000000000000000000000000000000000000104697008910753,-1.43826845874561,-3.00731356386977,-1.42864822684714,-2.82731008121761,-1.06275521987529,-1.89617544656766,-1.30989063515602,-2.57693303055168,0.260000835994198,TRUE,0,6,lower,TRUE,TRUE,TRUE,1.94341183285385,116,TRUE
ENSMUSG00000003518,Dusp3,10.8073626036222,592.398440533296,0.000000000000000000000000000000000000000000000000467761808992163,0.0000000000000000000000000000000000000000000000624056105996734,-1.04875061362359,-50.8423662433829,0.000000000000000000000000000000000000000000000000791259649266952,0.000000000000000000000000000000000000000000000109173542889884,-0.661958385233376,-1.44135585059975,-0.826574708209709,-1.4651407734714,-0.558602079148534,-1.33887188507876,-0.682378390863873,-1.4151228363833,0.483386600226083,TRUE,0,6,lower,TRUE,TRUE,TRUE,1.04875061362359,117,TRUE
ENSMUSG00000039376,Synpo2l,9.68406348108861,724.230761765817,0.00000000000000000000000000000000000000000000000000296652175071494,0.000000000000000000000000000000000000000000000000584006836851113,-1.6449316366109,-51.0546741397067,0.000000000000000000000000000000000000000000000000993868500987619,0.000000000000000000000000000000000000000000000135966264503755,-1.35061296766413,-2.77732877666715,-1.22880941679084,-2.91208880257471,-0.319634741467695,-1.28111511450086,-0.966352375307554,-2.32351089791424,0.319761547145994,TRUE,0,6,lower,TRUE,TRUE,TRUE,1.6449316366109,118,TRUE
ENSMUSG00000019843,Fyn,10.6823585528532,604.379219458073,0.000000000000000000000000000000000000000000000000268360394546065,0.000000000000000000000000000000000000000000000038001244290852,-1.08472066967648,-50.6229463398803,0.00000000000000000000000000000000000000000000000100481295956743,0.000000000000000000000000000000000000000000000136308366439471,-0.842911632970356,-1.69866710816894,-0.818010097354087,-1.62643974860434,-0.462615522055504,-1.05967990890566,-0.707845750793316,-1.46159558855965,0.471483546364454,TRUE,0,6,lower,TRUE,TRUE,TRUE,1.08472066967648,119,TRUE
ENSMUSG00000038264,Sema7a,9.0930652475782,630.380538989634,0.000000000000000000000000000000000000000000000000083333013179165,0.000000000000000000000000000000000000000000000012572381605152,-1.86305244297062,-50.4580834951461,0.0000000000000000000000000000000000000000000000012031909673065,0.000000000000000000000000000000000000000000000161370865224805,-0.910027439951467,-2.47608006225493,-1.58336215535287,-3.23639128839904,-1.00404963881315,-1.96840407305226,-1.16581307803916,-2.56029180790208,0.274894044556834,TRUE,0,6,lower,TRUE,TRUE,TRUE,1.86305244297062,120,TRUE
ENSMUSG00000031595,Pdgfrl,9.29636637181978,494.89134500182,0.0000000000000000000000000000000000000000000000681747866689522,0.00000000000000000000000000000000000000000000687840988248059,1.75106022174939,50.4515159587422,0.00000000000000000000000000000000000000000000000121187213463579,0.000000000000000000000000000000000000000000000161370865224805,1.87391050766523,2.50058599974859,1.3349126880904,2.16650997286014,0.979145802294791,1.65129635983719,1.39598966601681,2.10613077748197,3.36605843402367,TRUE,6,0,higher,TRUE,TRUE,TRUE,1.75106022174939,120,TRUE
ENSMUSG00000060913,Trim55,8.89258662252538,556.837576697062,0.00000000000000000000000000000000000000000000000260366553642585,0.000000000000000000000000000000000000000000000316022351537763,-1.93689142462253,-50.2720333997205,0.00000000000000000000000000000000000000000000000147548425908492,0.000000000000000000000000000000000000000000000193648312149658,-1.62905121669063,-2.87302405425725,-1.61397672237497,-2.84522499139017,-0.822224108192238,-1.83784745482994,-1.35508401575261,-2.51869883349245,0.261178595942414,TRUE,0,6,lower,TRUE,TRUE,TRUE,1.93689142462253,123,TRUE
ENSMUSG00000010461,Eya4,10.9158378342114,522.850809466142,0.0000000000000000000000000000000000000000000000149007989444359,0.00000000000000000000000000000000000000000000160362398240019,1.10774636945094,50.2398882843937,0.0000000000000000000000000000000000000000000000015285314779372,0.00000000000000000000000000000000000000000000019899261006726,1.05851880139207,1.67632717096477,1.03206621071204,1.53665226695814,0.464939133680495,0.877974632998141,0.8518413819282,1.36365135697368,2.15508738530787,TRUE,6,0,higher,TRUE,TRUE,TRUE,1.10774636945094,124,TRUE
ENSMUSG00000075122,Cd80,10.5280930765419,678.939392546454,0.0000000000000000000000000000000000000000000000000105976751192991,0.00000000000000000000000000000000000000000000000190086966056494,-1.20572778966937,-50.0232359192839,0.00000000000000000000000000000000000000000000000194047292658054,0.000000000000000000000000000000000000000000000248611543284045,-0.909370212265738,-2.09548447664605,-0.84803716014941,-1.95184197304574,-0.348309551864661,-1.0813233640446,-0.701905641426603,-1.70954993791213,0.433550577153794,TRUE,0,6,lower,TRUE,TRUE,TRUE,1.20572778966937,126,TRUE
ENSMUSG00000044674,Fzd1,10.7774568107923,476.803164198002,0.000000000000000000000000000000000000000000000190832006093948,0.0000000000000000000000000000000000000000000186703095416643,1.0278854692408,49.9731804917483,0.0000000000000000000000000000000000000000000000020507470557323,0.00000000000000000000000000000000000000000000026067094268257,1.49335851433963,1.24129673386361,1.15040991729897,1.23615530516958,0.463168275524682,0.582924069248353,1.03564556905443,1.02012536942718,2.03903348748662,TRUE,6,0,higher,TRUE,TRUE,TRUE,1.0278854692408,127,TRUE
ENSMUSG00000022206,Npr3,7.73364639734297,911.540934143178,0.00000000000000000000000000000000000000000000000082614472128602,0.000000000000000000000000000000000000000000000107552050288066,3.90349081001676,61.6268710781033,0.00000000000000000000000000000000000000000000000207173104235287,0.000000000000000000000000000000000000000000000261280892317987,3.33957834159369,6.17482430999463,2.69271283292451,5.78623031613207,1.46834401661453,3.95925504284116,2.50021173037758,5.30676988965595,14.9646933403638,TRUE,6,0,higher,TRUE,TRUE,TRUE,3.90349081001676,128,TRUE
ENSMUSG00000005583,Mef2c,8.16179405404479,607.951156233023,0.000000000000000000000000000000000000000000000000227869162820581,0.0000000000000000000000000000000000000000000000325530256231207,-2.13543858593175,-49.8770947255968,0.00000000000000000000000000000000000000000000000228063280429558,0.000000000000000000000000000000000000000000000285397328370105,-0.924223706471263,-2.45818758625702,-1.81976442137212,-3.74772681272835,-1.30765865266364,-2.5550703360981,-1.35054892683567,-2.92032824502782,0.227598256962221,TRUE,0,6,lower,TRUE,TRUE,TRUE,2.13543858593175,129,TRUE
ENSMUSG00000039239,Tgfb2,10.4146207442644,510.702290828513,0.000000000000000000000000000000000000000000000523592417314534,0.0000000000000000000000000000000000000000000485767378891295,1.44704069520194,52.4780319153869,0.00000000000000000000000000000000000000000000000247499502731658,0.000000000000000000000000000000000000000000000306110188625891,1.64445458388768,1.91041235803421,1.6567129443647,1.69704662563453,0.643488633873144,1.1301290254174,1.31488538737517,1.57919600302871,2.72648212144589,TRUE,6,0,higher,TRUE,TRUE,TRUE,1.44704069520194,130,TRUE
ENSMUSG00000020023,Tmcc3,9.632430628633,553.439917580601,0.00000000000000000000000000000000000000000000000308497889763911,0.000000000000000000000000000000000000000000000371647868243195,-1.55844438508283,-49.1690302984776,0.00000000000000000000000000000000000000000000000502034381438944,0.000000000000000000000000000000000000000000000600321557005102,-0.919214987829793,-2.14672187177985,-1.09512358662432,-2.16306977388338,-1.02048845198896,-2.00604763839069,-1.01160900881436,-2.10527976135131,0.33951697556146,TRUE,0,6,lower,TRUE,TRUE,TRUE,1.55844438508283,134,TRUE
ENSMUSG00000006800,Sulf2,9.96619486555758,597.972164443891,0.000000000000000000000000000000000000000000000000415649855774143,0.0000000000000000000000000000000000000000000000568630137437457,1.46024208655594,49.1509789856518,0.00000000000000000000000000000000000000000000000582395335536897,0.00000000000000000000000000000000000000000000069129469864501,1.02272757997978,2.23845530834597,1.13064113329348,2.28686200366669,0.549426747819547,1.53333974623018,0.900931820364268,2.01955235274762,2.75154531128691,TRUE,6,0,higher,TRUE,TRUE,TRUE,1.46024208655594,136,TRUE
ENSMUSG00000041189,Chrnb1,10.0926058386587,593.037047266983,0.000000000000000000000000000000000000000000000000453985427701581,0.0000000000000000000000000000000000000000000000610723896615551,-1.2230510413283,-48.899266814626,0.00000000000000000000000000000000000000000000000680034751103168,0.000000000000000000000000000000000000000000000801299342121054,-0.836180366712204,-1.88009389896772,-1.00446496985216,-1.91890777998553,-0.428620800112688,-1.27003843233951,-0.756422045559017,-1.68968003709759,0.428375821542538,TRUE,0,6,lower,TRUE,TRUE,TRUE,1.2230510413283,137,TRUE
ENSMUSG00000001506,Col1a1,13.1421097170045,2104.63916023235,0.000000000000000000000000000000000000000000000469966669143036,0.0000000000000000000000000000000000000000000438535950287632,2.1819682363017,103.001203342802,0.00000000000000000000000000000000000000000000000779447785554818,0.000000000000000000000000000000000000000000000905224863468447,1.82447091067061,2.65527598261752,1.93349722265892,2.77311854002292,1.22564994852878,2.67979681331145,1.6612060272861,2.7027304453173,4.53772203199046,TRUE,6,0,higher,TRUE,TRUE,TRUE,2.1819682363017,139,TRUE
ENSMUSG00000027996,Sfrp2,8.13514869841633,1794.64115744701,0.00000000000000000000000000000000000000000000381027726700708,0.000000000000000000000000000000000000000000318701066949717,6.31513128355038,99.336094259548,0.0000000000000000000000000000000000000000000000122587766903477,0.00000000000000000000000000000000000000000000135139010665196,6.78843874405851,8.60203864853444,6.40747071205433,7.48387895893446,3.66321220494945,4.94574843277111,5.6197072203541,7.01055534674667,79.6239911709008,TRUE,6,0,higher,TRUE,TRUE,TRUE,6.31513128355038,146,TRUE
ENSMUSG00000019899,Lama2,10.2664590969298,433.134384570315,0.00000000000000000000000000000000000000000000270551667026594,0.00000000000000000000000000000000000000000023231465748991,-1.33083627556728,-48.3761195430826,0.0000000000000000000000000000000000000000000000123059125117908,0.00000000000000000000000000000000000000000000135139010665196,-1.32308962150399,-1.74323108340584,-1.07109509522373,-1.46200723188574,-0.889528378075026,-1.49606624330933,-1.09457103160091,-1.56710151953364,0.397537737536064,TRUE,0,6,lower,TRUE,TRUE,TRUE,1.33083627556728,146,TRUE
ENSMUSG00000021466,Ptch1,9.95162754482066,542.58078674447,0.00000000000000000000000000000000000000000000000534208360340647,0.000000000000000000000000000000000000000000000607304616970356,1.22738254738515,48.1177974482963,0.0000000000000000000000000000000000000000000000165304905346883,0.00000000000000000000000000000000000000000000180305208582077,0.977782950386127,1.94050700371275,1.06551429592339,1.87351132442091,0.430242724263938,1.07673698560379,0.824513323524484,1.63025177124582,2.34141805489784,TRUE,6,0,higher,TRUE,TRUE,TRUE,1.22738254738515,148,TRUE
ENSMUSG00000000031,H19,13.5397594343786,2179.65090443489,0.0000000000000000000000000000000000000000000000950510972847682,0.00000000000000000000000000000000000000000000953049604638518,-1.95990393180489,-98.3896997192002,0.0000000000000000000000000000000000000000000000176324230302934,0.00000000000000000000000000000000000000000000191033694616125,-1.6975239824633,-2.72515901505026,-1.67294424110596,-3.00842941870783,-0.667725283256372,-1.98764165024562,-1.34606450227521,-2.57374336133457,0.257045572604228,TRUE,0,6,lower,TRUE,TRUE,TRUE,1.95990393180489,149,TRUE
ENSMUSG00000055044,Pdlim1,10.4322943344626,633.135613573599,0.0000000000000000000000000000000000000000000000000738266907229537,0.000000000000000000000000000000000000000000000011350326365149,-1.20339360290845,-47.116316609782,0.0000000000000000000000000000000000000000000000526584930416258,0.00000000000000000000000000000000000000000000559253982349319,-0.612992869694837,-1.19464057013419,-0.697685056717297,-1.83242439436443,-0.684066302299934,-2.19855242424003,-0.664914742904023,-1.74187246291288,0.434252601556576,TRUE,0,6,lower,TRUE,TRUE,TRUE,1.20339360290845,152,TRUE
ENSMUSG00000059588,Calcrl,7.21816999981481,396.475536978286,0.0000000000000000000000000000000000000000000309209079508392,0.00000000000000000000000000000000000000000234345641807698,-2.94517799412488,-47.0845776559686,0.000000000000000000000000000000000000000000000054648872903797,0.00000000000000000000000000000000000000000000572855035899997,-2.41140246172168,-3.34740105206172,-2.76883899270271,-3.3010932860408,-2.33870137772504,-3.50363079449735,-2.50631427738314,-3.38404171086662,0.129841367599061,TRUE,0,6,lower,TRUE,TRUE,TRUE,2.94517799412488,154,TRUE
ENSMUSG00000040124,Gorab,9.75328932119236,586.677720640509,0.000000000000000000000000000000000000000000000000612271950835699,0.0000000000000000000000000000000000000000000000810156237896777,1.37815292112524,46.9821111487749,0.0000000000000000000000000000000000000000000000616127455664344,0.00000000000000000000000000000000000000000000641686807534807,0.788033351196891,1.73906499110445,0.834965818609872,2.30236700371253,0.713400862523725,1.89108549960398,0.778800010776829,1.97750583147365,2.599353633598,TRUE,6,0,higher,TRUE,TRUE,TRUE,1.37815292112524,155,TRUE
ENSMUSG00000037031,Tspan15,9.4745333426471,596.224985432,0.000000000000000000000000000000000000000000000000391233633682054,0.0000000000000000000000000000000000000000000000544455564528396,-1.21942505158225,-46.6922392303299,0.0000000000000000000000000000000000000000000000866194797096879,0.00000000000000000000000000000000000000000000884998899337653,-0.727766247530152,-1.91973724644197,-0.565820639846516,-1.667798290222,-0.681958812750532,-1.75346907270233,-0.658515233375733,-1.78033486978877,0.42945383172524,TRUE,0,6,lower,TRUE,TRUE,TRUE,1.21942505158225,158,TRUE
ENSMUSG00000016494,Cd34,10.001215573805,465.800952075461,0.000000000000000000000000000000000000000000000363709395887262,0.0000000000000000000000000000000000000000000343354431450764,1.160578761766,46.6127337985041,0.0000000000000000000000000000000000000000000000951362821212608,0.00000000000000000000000000000000000000000000959865626427195,1.24541925189527,1.73504148865715,0.820243068921952,1.37127623354646,0.461251053214438,1.33024147436073,0.842304458010553,1.47885306552145,2.23547089363065,TRUE,6,0,higher,TRUE,TRUE,TRUE,1.160578761766,160,TRUE
ENSMUSG00000039474,Wfs1,9.62441336587992,468.574978797349,0.000000000000000000000000000000000000000000000308691874094637,0.0000000000000000000000000000000000000000000294864670030162,-1.49395511760421,-46.3536186399805,0.000000000000000000000000000000000000000000000129285679935167,0.0000000000000000000000000000000000000000000128830785876136,-0.977776623642253,-1.74931772369974,-1.09818746588918,-1.91030064601875,-1.01053824117954,-2.21761000519579,-1.02883411023699,-1.95907612497143,0.355037884730312,TRUE,0,6,lower,TRUE,TRUE,TRUE,1.49395511760421,162,TRUE
ENSMUSG00000006435,Neurl1a,9.12342978115248,544.470237479768,0.00000000000000000000000000000000000000000000000485159891119412,0.00000000000000000000000000000000000000000000055942400873862,-1.639947623822,-46.3075066502234,0.000000000000000000000000000000000000000000000136561879702643,0.0000000000000000000000000000000000000000000134421855124376,-1.15162251784651,-2.62748044624886,-1.15017998361173,-2.51772596118467,-0.65160555283123,-1.74107128120899,-0.984469351429824,-2.29542589621417,0.320868123103999,TRUE,0,6,lower,TRUE,TRUE,TRUE,1.639947623822,164,TRUE
ENSMUSG00000055723,Rras2,11.0137005805828,462.702015145213,0.000000000000000000000000000000000000000000000727541194643468,0.0000000000000000000000000000000000000000000648878315200525,-1.10516919521052,-46.555219496429,0.000000000000000000000000000000000000000000000164852705154962,0.000000000000000000000000000000000000000000015840578686408,-0.872012166520175,-1.54462448857257,-0.916088184846487,-1.59977018941072,-0.566450441922617,-1.13206969999053,-0.78485026442976,-1.42548812599127,0.464847952051309,TRUE,0,6,lower,TRUE,TRUE,TRUE,1.10516919521052,167,TRUE
ENSMUSG00000025582,Nptx1,7.89975247132842,472.154309051313,0.000000000000000000000000000000000000000000000250164359196943,0.0000000000000000000000000000000000000000000243277304247967,-2.45103195904484,-45.9046502746412,0.000000000000000000000000000000000000000000000220818823428812,0.0000000000000000000000000000000000000000000208460717345691,-1.86676306962275,-3.4668086324062,-2.2040988195789,-3.65263312265511,-0.95005163474407,-2.56583647526198,-1.67363784131524,-3.22842607677443,0.182879851329847,TRUE,0,6,lower,TRUE,TRUE,TRUE,2.45103195904484,171,TRUE
ENSMUSG00000034981,Parm1,5.94249203567812,665.180920143457,0.0000000000000000000000000000000000000000000000000187237803924623,0.00000000000000000000000000000000000000000000000318166301974231,4.19314333775065,45.8985756860263,0.00000000000000000000000000000000000000000000022243156594788,0.0000000000000000000000000000000000000000000208762370296316,0.87936543486896,5.22751722900601,2.49171729004148,7.31225463292514,2.49585585923786,6.75214958042446,1.9556461947161,6.4306404807852,18.292030665645,TRUE,6,0,higher,TRUE,TRUE,TRUE,4.19314333775065,172,TRUE
ENSMUSG00000063632,Sox11,10.6777664978271,662.699041250133,0.0000000000000000000000000000000000000000000000000207739157794739,0.00000000000000000000000000000000000000000000000345725074668091,-1.04534531892553,-45.8571072169363,0.000000000000000000000000000000000000000000000233765897096442,0.0000000000000000000000000000000000000000000218131958198142,-0.425698768381936,-1.3160179442713,-0.804134497034884,-2.2391282269578,-0.363591217278991,-1.12350125962826,-0.531141494231937,-1.55954914361912,0.484528919275859,TRUE,0,6,lower,TRUE,TRUE,TRUE,1.04534531892553,173,TRUE
ENSMUSG00000027276,Jag1,9.21829022668731,440.049243736497,0.00000000000000000000000000000000000000000000174795531968788,0.000000000000000000000000000000000000000000150894346126853,1.424085615364,45.733839214051,0.000000000000000000000000000000000000000000000271052131113522,0.0000000000000000000000000000000000000000000250033974432319,1.26987070119883,2.14666620159958,0.974727508046747,1.79617527994321,0.826921323519143,1.53015267787651,1.02383984425491,1.8243313864731,2.68344369145114,TRUE,6,0,higher,TRUE,TRUE,TRUE,1.424085615364,175,TRUE
ENSMUSG00000060429,Sntb1,8.31750287802099,468.882713773608,0.000000000000000000000000000000000000000000000303143923164374,0.000000000000000000000000000000000000000000029128883045491,-2.15100052167746,-45.7076512629031,0.000000000000000000000000000000000000000000000279723095879891,0.0000000000000000000000000000000000000000000256566473681198,-1.96444659259849,-3.34931332648589,-2.13428645183323,-3.35847447108297,-0.673188102339545,-1.42629418572464,-1.59064038225709,-2.71136066109783,0.225156413545575,TRUE,0,6,lower,TRUE,TRUE,TRUE,2.15100052167746,176,TRUE
ENSMUSG00000055301,Adh7,9.51736291840817,565.944718939565,0.00000000000000000000000000000000000000000000000166067168915303,0.000000000000000000000000000000000000000000000207815682775173,1.30999379328456,45.6235975225574,0.000000000000000000000000000000000000000000000309508034270813,0.0000000000000000000000000000000000000000000280695966136726,0.517090900798834,1.24976846139251,0.851054715960613,2.05172947867468,0.892015935039064,2.29830326784164,0.753387183932837,1.86660040263628,2.47940473304104,TRUE,6,0,higher,TRUE,TRUE,TRUE,1.30999379328456,178,TRUE
ENSMUSG00000039831,Arhgap29,11.2130805120865,1065.14847169675,0.00000000000000000000000000000000000000000000151694266429016,0.000000000000000000000000000000000000000000131655943170086,-1.82281292432646,-69.2661171536806,0.00000000000000000000000000000000000000000000033595394610914,0.0000000000000000000000000000000000000000000302977907935187,-1.33620294063778,-2.53912029774326,-1.267810032744,-2.49610023408538,-1.05831693217292,-2.23932710857545,-1.2207766351849,-2.42484921346803,0.282669293407837,TRUE,0,6,lower,TRUE,TRUE,TRUE,1.82281292432646,179,TRUE
ENSMUSG00000031558,Slit2,10.8142913376279,356.865622304752,0.000000000000000000000000000000000000000000557779033813196,0.0000000000000000000000000000000000000000351727614954938,1.07499182039123,45.4477143461964,0.000000000000000000000000000000000000000000000382712965241185,0.0000000000000000000000000000000000000000000341333447397152,1.24351539100573,1.06742600906644,1.08927877670808,1.26571775681957,0.792031469508107,0.991981519239449,1.04160854574064,1.10837509504182,2.10671012751879,TRUE,6,0,higher,TRUE,TRUE,TRUE,1.07499182039123,181,TRUE
ENSMUSG00000028664,Ephb2,9.27774471093447,397.79865716714,0.0000000000000000000000000000000000000000000282120019505599,0.00000000000000000000000000000000000000000214823748815042,1.5543221970668,45.3748238382473,0.000000000000000000000000000000000000000000000418006369945997,0.0000000000000000000000000000000000000000000368736438799903,1.86555436452348,2.33403301163608,1.42500790232054,1.91267372257585,0.746974826627165,1.04168935471767,1.34584569782373,1.76279869630987,2.93695710942869,TRUE,6,0,higher,TRUE,TRUE,TRUE,1.5543221970668,183,TRUE
ENSMUSG00000002266,Zim1,9.55167039679387,354.469095781481,0.000000000000000000000000000000000000000000671060157473891,0.0000000000000000000000000000000000000000416650927773117,-1.25973299005212,-44.6792071197256,0.000000000000000000000000000000000000000000000976664625096668,0.0000000000000000000000000000000000000000000847650378652447,-1.60566391814036,-1.5488641315746,-1.09558013864032,-1.05070280022424,-0.901704817056931,-1.35588213467628,-1.20098295794587,-1.31848302215837,0.417621244729642,TRUE,0,6,lower,TRUE,TRUE,TRUE,1.25973299005212,186,TRUE
ENSMUSG00000020181,Nav3,10.1582031347157,380.655975260156,0.0000000000000000000000000000000000000000000947610665955878,0.00000000000000000000000000000000000000000673888941873381,1.23857410167635,44.6414486851319,0.00000000000000000000000000000000000000000000102307221599745,0.0000000000000000000000000000000000000000000882780257476724,0.90836506428737,1.06867570908603,1.42425043179852,1.92719587860165,0.810248747003659,1.29270877928085,1.04762141436318,1.42952678898951,2.35965199045302,TRUE,6,0,higher,TRUE,TRUE,TRUE,1.23857410167635,187,TRUE
ENSMUSG00000024789,Jak2,11.2016335332441,453.053355921654,0.0000000000000000000000000000000000000000000315920170962656,0.00000000000000000000000000000000000000000238313052329447,1.12416526375556,47.6442676818081,0.00000000000000000000000000000000000000000000102807835226181,0.0000000000000000000000000000000000000000000882780257476724,1.18497656914994,1.53516707611844,0.946864482151557,1.4402864455207,0.491970425925494,1.14572658366724,0.874603825742332,1.37372670176879,2.17975390552655,TRUE,6,0,higher,TRUE,TRUE,TRUE,1.12416526375556,187,TRUE
ENSMUSG00000024063,Lbh,9.75057733670811,432.081927851864,0.00000000000000000000000000000000000000000000289324543485107,0.000000000000000000000000000000000000000000245819268709478,-1.33993438887981,-44.6295272592598,0.00000000000000000000000000000000000000000000103818559040043,0.0000000000000000000000000000000000000000000886742327292813,-0.877696614319124,-1.87750147872904,-1.29918017430651,-2.05288344878764,-0.711492153906992,-1.22085246322956,-0.962789647510875,-1.71707913024874,0.395038621153966,TRUE,0,6,lower,TRUE,TRUE,TRUE,1.33993438887981,189,TRUE
ENSMUSG00000030592,Ryr1,9.16310812287447,671.738056747653,0.0000000000000000000000000000000000000000000000569352632266936,0.00000000000000000000000000000000000000000000578054059288374,-2.02323619689124,-50.8277823540118,0.00000000000000000000000000000000000000000000134702629199287,0.000000000000000000000000000000000000000000114447607534952,-1.45241305489987,-3.31176210926118,-1.85883661655102,-3.45153791133241,-0.493022870367033,-1.57184461893596,-1.26809084727264,-2.77838154650985,0.246005726348322,TRUE,0,6,lower,TRUE,TRUE,TRUE,2.02323619689124,190,TRUE
ENSMUSG00000039081,Zfp503,9.07798962204805,368.52930831043,0.000000000000000000000000000000000000000000230670891423221,0.0000000000000000000000000000000000000000153872735547316,1.54310637684566,44.2981239783471,0.00000000000000000000000000000000000000000000156302330851467,0.000000000000000000000000000000000000000000130735156836023,1.52124315833568,1.86676924642735,1.72240703655952,2.14095634545464,0.732717303791175,1.27454517050561,1.32545583289546,1.76075692079587,2.91421309882521,TRUE,6,0,higher,TRUE,TRUE,TRUE,1.54310637684566,193,TRUE
ENSMUSG00000001864,Aif1l,10.3660259653968,611.682745284327,0.00000000000000000000000000000000000000000000000019227150680286,0.0000000000000000000000000000000000000000000000279625129217889,-1.06871804317959,-43.6317422818044,0.00000000000000000000000000000000000000000000359002530227133,0.000000000000000000000000000000000000000000291687020315765,-0.447549820158622,-1.58151506042488,-1.02515849587452,-2.27327609561777,-0.164002568270167,-0.920806218731572,-0.545570294767771,-1.59186579159141,0.476742436925706,TRUE,0,6,lower,TRUE,TRUE,TRUE,1.06871804317959,198,TRUE
ENSMUSG00000022996,Wnt10b,9.97894689495001,408.858795338883,0.0000000000000000000000000000000000000000000132602868426591,0.00000000000000000000000000000000000000000104931769853454,1.2290349783479,43.4515996282652,0.00000000000000000000000000000000000000000000450418288656795,0.000000000000000000000000000000000000000000363555121689332,0.886734532520404,1.5617475513024,1.35206288266578,2.12490770122306,0.592202207008739,0.856554995366992,0.943666540731642,1.51440341596415,2.34410139973424,TRUE,6,0,higher,TRUE,TRUE,TRUE,1.2290349783479,200,TRUE
ENSMUSG00000030465,Psd3,8.89010989919281,431.675617826444,0.00000000000000000000000000000000000000000000296928358810947,0.000000000000000000000000000000000000000000249651796681517,-1.57537437284606,-43.442155202292,0.00000000000000000000000000000000000000000000455818255260112,0.00000000000000000000000000000000000000000036608328829174,-1.358578256477,-2.47179985973026,-1.15762629378516,-2.31198183868767,-0.687194990447074,-1.46506499794916,-1.06779984690308,-2.08294889878903,0.335556039119917,TRUE,0,6,lower,TRUE,TRUE,TRUE,1.57537437284606,201,TRUE
ENSMUSG00000042834,Nrep,9.32483013478032,821.075075822127,0.00000000000000000000000000000000000000000506046817016191,0.000000000000000000000000000000000000000286635570775171,2.88054951719434,68.3430397872467,0.00000000000000000000000000000000000000000000753335780100937,0.000000000000000000000000000000000000000000590344635833467,3.00269028936871,3.44611239171154,2.91494015777269,3.53546290847821,1.92413829985926,2.45995305597561,2.61392291566689,3.14717611872179,7.36430570760413,TRUE,6,0,higher,TRUE,TRUE,TRUE,2.88054951719434,206,TRUE
ENSMUSG00000031284,Pak3,9.7035314907403,374.40054651187,0.0000000000000000000000000000000000000000001494204759791,0.0000000000000000000000000000000000000000101776149524498,1.33024232896753,42.9636830486236,0.00000000000000000000000000000000000000000000836373033761393,0.000000000000000000000000000000000000000000652249752850733,1.51184295242245,2.02192609533691,0.994746763081345,1.58344889671488,0.594131263508066,1.27535800274154,1.03357365967062,1.62691099826445,2.5144490646803,TRUE,6,0,higher,TRUE,TRUE,TRUE,1.33024232896753,207,TRUE
ENSMUSG00000036053,Fmnl2,10.2206971217727,366.39131624349,0.000000000000000000000000000000000000000000270639868529582,0.0000000000000000000000000000000000000000177599162507034,1.16380388531915,42.823643006169,0.0000000000000000000000000000000000000000000100017634394148,0.0000000000000000000000000000000000000000007688498438213,1.07016097542983,1.42014309121983,0.980913114092409,1.51966399994217,0.606197157116105,1.38574497411457,0.885757082212781,1.44185068842552,2.2404738458767,TRUE,6,0,higher,TRUE,TRUE,TRUE,1.16380388531915,210,TRUE
ENSMUSG00000061859,Patj,8.10621433089293,450.370762547899,0.0000000000000000000000000000000000000000000150202717189603,0.00000000000000000000000000000000000000000116573195364989,-2.38040399476344,-44.7819658906333,0.0000000000000000000000000000000000000000000115384608735533,0.000000000000000000000000000000000000000000878610254159299,-1.51341409184122,-2.85986105477283,-2.27113464794677,-3.94735541222434,-1.11860472935063,-2.57205403244485,-1.63438448971287,-3.12642349981401,0.192055609214496,TRUE,0,6,lower,TRUE,TRUE,TRUE,2.38040399476344,212,TRUE
ENSMUSG00000034165,Ccnd3,10.0697172060534,355.995811545334,0.000000000000000000000000000000000000000000596411114944399,0.0000000000000000000000000000000000000000374625082822857,-1.19736682545762,-42.5222329355811,0.0000000000000000000000000000000000000000000147256733889154,0.00000000000000000000000000000000000000000110565835124308,-1.00647485855651,-1.32032230628189,-1.22845142561438,-1.69620953406774,-0.593483921238088,-1.33925890698709,-0.942803401802992,-1.45193024911224,0.436070461754451,TRUE,0,6,lower,TRUE,TRUE,TRUE,1.19736682545762,215,TRUE
ENSMUSG00000014846,Tppp3,8.7035468871715,431.940128379679,0.00000000000000000000000000000000000000000000291955054542766,0.000000000000000000000000000000000000000000246755520705962,-1.61770390359054,-42.4391382952653,0.0000000000000000000000000000000000000000000163903063556372,0.00000000000000000000000000000000000000000122494775694005,-1.22788372528116,-2.17591559775941,-0.812552382523469,-1.81440679416947,-1.04797813218494,-2.62748678962477,-1.02947141332985,-2.20593639385122,0.325853658158989,TRUE,0,6,lower,TRUE,TRUE,TRUE,1.61770390359054,216,TRUE
ENSMUSG00000004885,Crabp2,10.076344063078,316.160951479842,0.0000000000000000000000000000000000000000153942283960611,0.000000000000000000000000000000000000000831133876246201,1.16736386448422,42.3861669923244,0.0000000000000000000000000000000000000000000175502081659319,0.00000000000000000000000000000000000000000129960096524146,1.46833470694089,1.40823845100925,1.32059512028675,1.17013599919355,0.768448850305511,0.86843005916935,1.18579289251105,1.14893483645738,2.24600924239559,TRUE,6,0,higher,TRUE,TRUE,TRUE,1.16736386448422,218,TRUE
ENSMUSG00000038248,Sobp,8.1242388896337,378.834190838357,0.00000000000000000000000000000000000000000121828372948941,0.0000000000000000000000000000000000000000736582555998034,2.33331466208203,44.2461481145272,0.0000000000000000000000000000000000000000000178335384047171,0.00000000000000000000000000000000000000000131455164596963,1.9990236799737,3.0966884992793,2.08903972028613,3.15053257508453,1.42301616893238,2.24158732893615,1.83702652306407,2.82960280109999,5.03961897678561,TRUE,6,0,higher,TRUE,TRUE,TRUE,2.33331466208203,219,TRUE
ENSMUSG00000045954,Cavin2,9.73792343642992,330.105002129851,0.00000000000000000000000000000000000000000472553459874456,0.000000000000000000000000000000000000000268606707843427,-1.21105230454391,-42.1625850390351,0.0000000000000000000000000000000000000000000234425983332576,0.00000000000000000000000000000000000000000170465704907107,-1.05379920588068,-1.47839268147762,-1.32823201178862,-1.66151023756421,-0.7034826472287,-1.04089704332362,-1.02850462163267,-1.39359998745515,0.431953433053762,TRUE,0,6,lower,TRUE,TRUE,TRUE,1.21105230454391,222,TRUE
ENSMUSG00000055489,Ano5,8.53949249273456,1076.21788743225,0.00000000000000000000000000000000000000000000149319036697402,0.000000000000000000000000000000000000000000130294984292225,-3.31295747915373,-63.0344058807163,0.0000000000000000000000000000000000000000000236621084394368,0.0000000000000000000000000000000000000000017063676067485,-2.04851337055439,-5.42366551837408,-2.05692029356727,-5.16014428693107,-1.43443756797109,-3.75406383752449,-1.84662374403092,-4.77929121427654,0.100623732862813,TRUE,0,6,lower,TRUE,TRUE,TRUE,3.31295747915373,223,TRUE
ENSMUSG00000052942,Glis3,9.12452972575522,458.558466896867,0.000000000000000000000000000000000000000000000560656427669431,0.0000000000000000000000000000000000000000000514242994992478,1.3666296727134,42.1549034012735,0.0000000000000000000000000000000000000000000236775285827705,0.0000000000000000000000000000000000000000017063676067485,0.454359967546326,1.47508419509858,1.12841995006407,2.27654066031992,0.848648565921538,2.01672469732998,0.810476161177313,1.92278318424949,2.57867449300401,TRUE,6,0,higher,TRUE,TRUE,TRUE,1.3666296727134,223,TRUE
ENSMUSG00000026414,Tnnt2,11.4889489991696,1069.68480906632,0.00000000000000000000000000000000000000000000146119772852911,0.00000000000000000000000000000000000000000012819627680242,-1.57162197732549,-62.5812341844925,0.0000000000000000000000000000000000000000000281003300321104,0.00000000000000000000000000000000000000000201610501203715,-0.683538157920021,-1.41768626320436,-2.05110858418503,-3.42437284555442,-0.388854612887737,-1.46417140020138,-1.04116711833093,-2.10207683632005,0.33642994375639,TRUE,0,6,lower,TRUE,TRUE,TRUE,1.57162197732549,225,TRUE
ENSMUSG00000057378,Ryr3,9.08920570203006,320.477715983657,0.000000000000000000000000000000000000000010623491400496,0.000000000000000000000000000000000000000583316400266011,1.56904587795998,41.9085701633931,0.0000000000000000000000000000000000000000000326290496993334,0.00000000000000000000000000000000000000000233066703228469,1.68972438471315,1.98821746592449,1.60493396245216,2.05997884185002,0.904673855209724,1.16674675761035,1.39977740079168,1.73831435512829,2.96708421999018,TRUE,6,0,higher,TRUE,TRUE,TRUE,1.56904587795998,226,TRUE
ENSMUSG00000040181,Fmo1,8.63816390120998,418.47761024393,0.00000000000000000000000000000000000000000000698815857613961,0.000000000000000000000000000000000000000000559020736222911,1.63907574719048,41.6181446988697,0.0000000000000000000000000000000000000000000477299753979797,0.00000000000000000000000000000000000000000337940786337538,0.594190307431036,1.51723916187137,0.88152449850096,2.3077769617126,1.77599530871475,2.75772824491216,1.08390337154891,2.19424812283204,3.11466229203165,TRUE,6,0,higher,TRUE,TRUE,TRUE,1.63907574719048,228,TRUE
ENSMUSG00000044337,Ackr3,8.99088576001724,553.24780841091,0.00000000000000000000000000000000000000000000000534203379795295,0.000000000000000000000000000000000000000000000607304616970356,-1.66032293701916,-41.9424155004426,0.0000000000000000000000000000000000000000000488080765421466,0.0000000000000000000000000000000000000000034406496926632,-0.859262539985011,-2.28123242015077,-0.562549930476529,-2.26104472522177,-0.923357128993477,-3.0744908772874,-0.781723199818339,-2.53892267421998,0.316368323767958,TRUE,0,6,lower,TRUE,TRUE,TRUE,1.66032293701916,229,TRUE
ENSMUSG00000071856,Mcc,8.75281130356645,339.055635570949,0.00000000000000000000000000000000000000000227081183968219,0.00000000000000000000000000000000000000013477101297055,1.47511491952563,41.3799923455964,0.0000000000000000000000000000000000000000000653213639843282,0.00000000000000000000000000000000000000000452567716222751,1.23768936210992,1.8014803171926,1.33339689469168,2.064641318451,0.813413037613461,1.60006858709513,1.12816643147169,1.82206340757958,2.78005787955911,TRUE,6,0,higher,TRUE,TRUE,TRUE,1.47511491952563,233,TRUE
ENSMUSG00000025185,Loxl4,8.89072002266461,352.031015277975,0.000000000000000000000000000000000000000000810954650318744,0.00000000000000000000000000000000000000004977658144523,1.49841254192262,41.2632437125806,0.0000000000000000000000000000000000000000000762297087844996,0.00000000000000000000000000000000000000000521430588520414,1.21034420738419,1.83633923883284,1.17186839357523,2.00154817216629,0.872452617941046,1.89792262163614,1.08488840630016,1.91193667754509,2.82531659896572,TRUE,6,0,higher,TRUE,TRUE,TRUE,1.49841254192262,236,TRUE
ENSMUSG00000000567,Sox9,9.68293070283675,359.171197535138,0.000000000000000000000000000000000000000000467416246858871,0.0000000000000000000000000000000000000000298241125416709,-1.22961505542697,-41.1594828445857,0.0000000000000000000000000000000000000000000874745162963433,0.00000000000000000000000000000000000000000595823255937498,-0.948774813052841,-1.74535733431287,-0.894693441985321,-1.65083361729048,-0.759214884787109,-1.3788162411332,-0.867561046608424,-1.59166906424552,0.426431212465598,TRUE,0,6,lower,TRUE,TRUE,TRUE,1.22961505542697,237,TRUE
ENSMUSG00000079018,Ly6c1,8.5322054384465,532.39955974176,0.0000000000000000000000000000000000000000000000090277121780056,0.000000000000000000000000000000000000000000000998180532120167,-1.63491093028004,-41.0019365594503,0.00000000000000000000000000000000000000000010786607954056,0.00000000000000000000000000000000000000000728569925532743,-0.947811107101199,-1.64601926057898,-0.828075921264533,-1.77598753847431,-0.95138464511308,-3.66018710914814,-0.909090557826271,-2.36073130273381,0.321990285937019,TRUE,0,6,lower,TRUE,TRUE,TRUE,1.63491093028004,239,TRUE
ENSMUSG00000102692,Dchs2,7.93147992278286,457.489280796892,0.0000000000000000000000000000000000000000108153270832407,0.000000000000000000000000000000000000000591836695270353,2.89133825012724,48.7418453756446,0.000000000000000000000000000000000000000000124057868213359,0.00000000000000000000000000000000000000000830981811854045,2.29050753569777,3.83516230776833,2.8178825499921,3.65907526459578,1.75141043052755,2.99399141218189,2.28660017207247,3.496076328182,7.41958374182253,TRUE,6,0,higher,TRUE,TRUE,TRUE,2.89133825012724,241,TRUE
ENSMUSG00000079685,Ulbp1,9.78569478185924,369.938886459942,0.000000000000000000000000000000000000000000207707451440195,0.0000000000000000000000000000000000000000139709224524961,-1.09811238458824,-40.739434044099,0.000000000000000000000000000000000000000000153194649031119,0.000000000000000000000000000000000000000010177042054771,-0.810636888054736,-1.40850189643041,-0.908204570477254,-1.84901384791075,-0.602459609011456,-1.00985749564486,-0.773767022514482,-1.42245774666201,0.467127283247738,TRUE,0,6,lower,TRUE,TRUE,TRUE,1.09811238458824,243,TRUE
ENSMUSG00000021338,Carmil1,9.49811905377074,315.281561236966,0.0000000000000000000000000000000000000000166125292657879,0.000000000000000000000000000000000000000893920199792044,1.16675076245889,40.5198557274676,0.000000000000000000000000000000000000000000205776483415893,0.0000000000000000000000000000000000000000135034543568405,1.03519395521708,1.4138496138685,0.993554729993507,1.63032075753295,0.744569821321459,1.18301569681984,0.924439502177349,1.40906202274043,2.24505495876734,TRUE,6,0,higher,TRUE,TRUE,TRUE,1.16675076245889,246,TRUE
ENSMUSG00000043259,Fam13c,8.4572916342082,379.735840729803,0.000000000000000000000000000000000000000000101279769424007,0.0000000000000000000000000000000000000000071708742009287,-1.74423190734297,-40.4235286669513,0.000000000000000000000000000000000000000000234325709115986,0.0000000000000000000000000000000000000000153146555557059,-1.22797163173142,-2.7684557555797,-1.27695701997697,-2.35984161182117,-0.912084698960959,-1.92008072598759,-1.13900445022312,-2.34945936446282,0.298492811410165,TRUE,0,6,lower,TRUE,TRUE,TRUE,1.74423190734297,247,TRUE
ENSMUSG00000041261,Car8,8.09825934670441,420.714196214681,0.0000000000000000000000000000000000000000000060335428078909,0.00000000000000000000000000000000000000000049191657347365,1.71541892503385,40.4091717522025,0.000000000000000000000000000000000000000000238913314109891,0.0000000000000000000000000000000000000000155515227003064,1.11244948780777,2.33059398326909,0.962446300365648,2.97154728207963,1.02991149643398,1.88556500024697,1.0349357615358,2.3959020885319,3.28391987064264,TRUE,6,0,higher,TRUE,TRUE,TRUE,1.71541892503385,248,TRUE
ENSMUSG00000037379,Spon2,8.57783270672112,311.713975257278,0.0000000000000000000000000000000000000000226752526024836,0.00000000000000000000000000000000000000121207484358242,1.66947309617138,40.1707455466044,0.000000000000000000000000000000000000000000329980896955723,0.0000000000000000000000000000000000000000213075264782249,1.69369391657148,1.55529906636303,1.49150409696574,1.64025274457476,1.16900036864672,2.46708838390655,1.45139946072798,1.88754673161478,3.1809839578276,TRUE,6,0,higher,TRUE,TRUE,TRUE,1.66947309617138,250,TRUE
ENSMUSG00000023886,Smoc2,7.73544365555495,335.917678301987,0.00000000000000000000000000000000000000000292970078671665,0.00000000000000000000000000000000000000017073703898905,1.9151393197076,40.0850712104372,0.000000000000000000000000000000000000000000370744357691289,0.0000000000000000000000000000000000000000237497070087717,1.7180044256513,2.6780141135839,1.57145417974423,2.49718559737324,0.878299320725929,2.14787828116699,1.38925264204049,2.44102599737471,3.77150233653272,TRUE,6,0,higher,TRUE,TRUE,TRUE,1.9151393197076,252,TRUE
ENSMUSG00000020105,Lrig3,9.43513342712383,297.851572846504,0.0000000000000000000000000000000000000000785562026223484,0.00000000000000000000000000000000000000397533786499238,1.18702524449989,39.761117891361,0.000000000000000000000000000000000000000000577120681296672,0.0000000000000000000000000000000000000000359708847805876,1.15131411307704,1.48638214876514,1.09571020560038,1.61168504148362,0.67789571809149,1.09916423998166,0.974973345589635,1.39907714341014,2.27682789808621,TRUE,6,0,higher,TRUE,TRUE,TRUE,1.18702524449989,259,TRUE
ENSMUSG00000053007,Creb5,8.77800260600478,369.757358600885,0.00000000000000000000000000000000000000000021052680645455,0.0000000000000000000000000000000000000000141018018116008,-1.50393063502171,-39.7234953766121,0.000000000000000000000000000000000000000000607689244470269,0.0000000000000000000000000000000000000000376620402991443,-0.9607574589899,-1.78983701876228,-0.815139438448925,-1.98526284678145,-1.12231899829066,-2.35026804885706,-0.966071965243161,-2.04178930480026,0.352591442359166,TRUE,0,6,lower,TRUE,TRUE,TRUE,1.50393063502171,260,TRUE
ENSMUSG00000071713,Csf2rb,7.02941242491741,359.563672450271,0.000000000000000000000000000000000000000110575256781853,0.00000000000000000000000000000000000000547551033812718,3.38020415275203,43.7947259213283,0.000000000000000000000000000000000000000000676181042941194,0.0000000000000000000000000000000000000000413469340007564,2.72533405764289,3.03047284120971,4.35032335642879,5.33576316041982,2.65457291765868,2.1847585831523,3.24341011057679,3.51699819492728,10.4122081490469,TRUE,6,0,higher,TRUE,TRUE,TRUE,3.38020415275203,264,TRUE
ENSMUSG00000018983,E2f2,8.81453825102175,344.79828493721,0.00000000000000000000000000000000000000000143301418434971,0.0000000000000000000000000000000000000000859968326318117,-1.51215610386385,-39.5623421865449,0.000000000000000000000000000000000000000000758435354642261,0.0000000000000000000000000000000000000000458555128464046,-1.1518120063359,-1.89711162914537,-1.72280919767401,-2.604047382412,-0.510181057487836,-1.18697535012798,-1.12826742049925,-1.89604478722845,0.350586876072903,TRUE,0,6,lower,TRUE,TRUE,TRUE,1.51215610386385,267,TRUE
ENSMUSG00000023868,Pde10a,7.86184427084004,419.284987899853,0.0000000000000000000000000000000000000000000066266948155918,0.000000000000000000000000000000000000000000534873672040492,-2.10210782162063,-39.5098378761354,0.000000000000000000000000000000000000000000815364589248468,0.0000000000000000000000000000000000000000491135468814852,-1.24233428949004,-3.28330177521603,-1.13073054925131,-2.84989490333655,-1.099980368994,-3.00640504343583,-1.15768173591178,-3.04653390732947,0.232917699279747,TRUE,0,6,lower,TRUE,TRUE,TRUE,2.10210782162063,268,TRUE
ENSMUSG00000048482,Bdnf,9.77556484695027,333.363849229959,0.0000000000000000000000000000000000000001000427691865,0.00000000000000000000000000000000000000498453834252368,1.35801104464702,41.717968666763,0.00000000000000000000000000000000000000000109192787914765,0.0000000000000000000000000000000000000000652851546410389,1.44319918537339,2.11166909816117,1.23164150224079,1.54839407061995,0.798953110185957,1.01420930130088,1.15793126593338,1.55809082336067,2.5633154718759,TRUE,6,0,higher,TRUE,TRUE,TRUE,1.35801104464702,270,TRUE
ENSMUSG00000037892,Pcdh18,8.92025752875058,337.801660682427,0.00000000000000000000000000000000000000000251348122800035,0.000000000000000000000000000000000000000147545918049489,1.35921878861301,39.2610891464286,0.00000000000000000000000000000000000000000115027967475959,0.000000000000000000000000000000000000000068268252903103,1.37915149396692,2.15821855387027,0.999845204078588,1.82001282111526,0.532288557095975,1.26579610155103,0.970428418380494,1.74800915884552,2.56546223532605,TRUE,6,0,higher,TRUE,TRUE,TRUE,1.35921878861301,272,TRUE
ENSMUSG00000092035,Peg10,11.1171791238427,1198.68052139776,0.0000000000000000000000000000000000000000190555991482506,0.00000000000000000000000000000000000000102197520614688,2.15644986607181,74.6106053590457,0.0000000000000000000000000000000000000000014638156894749,0.0000000000000000000000000000000000000000862422506393916,1.95466408831923,3.47732792638573,1.64713322183984,2.50208733851674,1.03630298262298,2.32118363874637,1.54603343092735,2.76686630121628,4.45816454658123,TRUE,6,0,higher,TRUE,TRUE,TRUE,2.15644986607181,274,TRUE
ENSMUSG00000063873,Slc24a3,9.22324867957532,515.621783436627,0.000000000000000000000000000000000000000796754094425142,0.0000000000000000000000000000000000000356652752222918,2.24698745323075,53.7954434414696,0.00000000000000000000000000000000000000000148623491323305,0.0000000000000000000000000000000000000000872446916520766,2.50467792109676,3.10897516514209,2.20384101073066,2.38473088643025,1.49498998156546,1.78470975441926,2.06783630446429,2.4261386019972,4.74690590775596,TRUE,6,0,higher,TRUE,TRUE,TRUE,2.24698745323075,275,TRUE
ENSMUSG00000021186,Fbln5,9.62994078194894,338.442754707693,0.0000000000000000000000000000000000000000469560876852094,0.00000000000000000000000000000000000000242176397285091,1.39039742998835,41.1798737454096,0.00000000000000000000000000000000000000000151786390646049,0.0000000000000000000000000000000000000000887785400072161,1.88088363998852,2.25359121125573,0.901969266100627,1.47143078496347,0.759762027389897,1.07474765023188,1.18087164449301,1.59992321548369,2.62150887490344,TRUE,6,0,higher,TRUE,TRUE,TRUE,1.39039742998835,276,TRUE
ENSMUSG00000022883,Robo1,8.73926056336572,326.12367953224,0.00000000000000000000000000000000000000000658749657977614,0.000000000000000000000000000000000000000367965250129157,-1.35781224419539,-38.7364652212411,0.00000000000000000000000000000000000000000239284416769714,0.000000000000000000000000000000000000000138948501435737,-1.34530392358834,-2.07676371560173,-0.910606142593318,-1.43834229382559,-0.64500892204182,-1.73084846752153,-0.966972996074494,-1.74865149231628,0.390173514903023,TRUE,0,6,lower,TRUE,TRUE,TRUE,1.35781224419539,278,TRUE
ENSMUSG00000019539,Rcn3,9.672524210965,293.793973908162,0.000000000000000000000000000000000000000315747706270251,0.0000000000000000000000000000000000000148171954137229,1.28439929204602,39.2106463332488,0.0000000000000000000000000000000000000000033470114293959,0.000000000000000000000000000000000000000192280446636078,1.32818722166509,1.77723934955145,0.9985788123311,1.45742162765611,0.758386097768785,1.38658264330356,1.02838404392166,1.54041454017037,2.43580609760426,TRUE,6,0,higher,TRUE,TRUE,TRUE,1.28439929204602,281,TRUE
ENSMUSG00000074934,Grem1,11.9292481542405,695.182375133959,0.0000000000000000000000000000000000000000000249094415754582,0.00000000000000000000000000000000000000000190574936186077,-1.09498156749541,-48.8643265571831,0.00000000000000000000000000000000000000000409473576681561,0.000000000000000000000000000000000000000233573567080227,-0.707695921294754,-1.85544926971525,-0.84953958965194,-1.89993188400918,-0.204181829906444,-1.05309091039488,-0.587139113617713,-1.6028240213731,0.46814210486789,TRUE,0,6,lower,TRUE,TRUE,TRUE,1.09498156749541,283,TRUE
ENSMUSG00000031613,Hpgd,6.45305415983129,335.555677574826,0.0000000000000000000000000000000000000000045295772964794,0.000000000000000000000000000000000000000258377972781155,3.41168312152864,38.4284345912884,0.00000000000000000000000000000000000000000536619178605312,0.000000000000000000000000000000000000000300786229174498,1.89185324431192,4.18289178903257,2.07562543529491,4.38561400813708,2.77429370440568,5.15982054798969,2.24725746133751,4.57610878171978,10.6418946498015,TRUE,6,0,higher,TRUE,TRUE,TRUE,3.41168312152864,288,TRUE
ENSMUSG00000058254,Tspan7,7.82452009419593,300.820206706548,0.000000000000000000000000000000000000000167190295148282,0.00000000000000000000000000000000000000810496376750366,-2.21921852810685,-38.6648782442436,0.00000000000000000000000000000000000000000710166973677916,0.000000000000000000000000000000000000000393959637666069,-1.64025250510859,-1.82907905813227,-1.89349608537067,-3.09404314403181,-1.69864540395841,-3.15979497203935,-1.74413133147922,-2.69430572473448,0.214757656470941,TRUE,0,6,lower,TRUE,TRUE,TRUE,2.21921852810685,291,TRUE
ENSMUSG00000041117,Ccdc8,9.39472769295258,285.106042505378,0.000000000000000000000000000000000000000258948399621105,0.0000000000000000000000000000000000000122947176914221,-1.18703052322177,-37.8594255352454,0.00000000000000000000000000000000000000000831301565505549,0.000000000000000000000000000000000000000458010278906351,-1.05370856626839,-1.59925745716033,-0.943897724851274,-1.50751554319073,-0.69075056084397,-1.32705328701589,-0.896118950654544,-1.47794209578899,0.439205941703392,TRUE,0,6,lower,TRUE,TRUE,TRUE,1.18703052322177,293,TRUE
ENSMUSG00000022479,Vdr,10.0439664147615,390.851713580848,0.0000000000000000000000000000000000000000000458095185766913,0.00000000000000000000000000000000000000000339221586414462,1.07810057286793,37.5986258404483,0.0000000000000000000000000000000000000000121011166235015,0.000000000000000000000000000000000000000657738470212746,0.872577395041741,1.87447803737448,0.357235509486515,1.50073179326353,0.551857410083954,1.31172329195736,0.593890104870737,1.56231104086512,2.11125460950475,TRUE,6,0,higher,TRUE,TRUE,TRUE,1.07810057286793,297,TRUE
ENSMUSG00000007989,Fzd3,9.03796850137539,298.528752004328,0.0000000000000000000000000000000000000000738346492961106,0.00000000000000000000000000000000000000374815328172048,-1.27568415492221,-37.5600519191637,0.000000000000000000000000000000000000000012794779844168,0.000000000000000000000000000000000000000693107822229546,-0.960654360619261,-1.65267967196527,-0.842034562959631,-1.73116975157774,-0.886630302503754,-1.58093627990761,-0.896439742027548,-1.65492856781688,0.413029245875933,TRUE,0,6,lower,TRUE,TRUE,TRUE,1.27568415492221,298,TRUE
ENSMUSG00000042363,Lgalsl,8.1622718663886,292.904923697203,0.000000000000000000000000000000000000000124062834126304,0.00000000000000000000000000000000000000610593393689307,1.68264634981066,37.4700217891489,0.0000000000000000000000000000000000000000145754332493591,0.000000000000000000000000000000000000000786927153660213,1.93501871771945,2.553261353463,1.1310820708862,1.95984410313609,0.734816908119918,1.7818549455393,1.26697256557519,2.09832013404613,3.21016254602462,TRUE,6,0,higher,TRUE,TRUE,TRUE,1.68264634981066,299,TRUE
ENSMUSG00000019846,Lama4,6.54468550199137,343.554139009153,0.00000000000000000000000000000000000000000238355883485958,0.000000000000000000000000000000000000000140944286707466,3.24892504294795,37.6894125761952,0.0000000000000000000000000000000000000000153310213328335,0.000000000000000000000000000000000000000822221519521364,2.41511489861861,5.19409330492847,1.52096620403019,4.11032657580663,2.1342628745941,4.11878639970972,2.0234479924143,4.47440209348161,9.50657090166617,TRUE,6,0,higher,TRUE,TRUE,TRUE,3.24892504294795,301,TRUE
ENSMUSG00000027330,Cdc25b,9.81283256252314,285.932871059742,0.00000000000000000000000000000000000000023929575866023,0.0000000000000000000000000000000000000114627638933297,-1.0340510125418,-37.1940253390153,0.0000000000000000000000000000000000000000217713755908428,0.00000000000000000000000000000000000000115991853519134,-0.865796673408761,-1.23586999450054,-0.76385924182326,-1.54175750900655,-0.652892766855672,-1.14412988965603,-0.760849560695898,-1.30725246438771,0.488336996970522,TRUE,0,6,lower,TRUE,TRUE,TRUE,1.0340510125418,303,TRUE
ENSMUSG00000036192,Rorb,7.83862905812118,383.021678951504,0.000000000000000000000000000000000000000000079920218917096,0.00000000000000000000000000000000000000000578543539900754,-2.04929375665026,-37.1229671794393,0.0000000000000000000000000000000000000000241515659048116,0.00000000000000000000000000000000000000128249581710978,-1.24842669694455,-2.62671258332128,-1.18261419176267,-3.05474659994797,-0.889087017733928,-3.29417545019118,-1.10670930214705,-2.99187821115348,0.241602325015023,TRUE,0,6,lower,TRUE,TRUE,TRUE,2.04929375665026,304,TRUE
ENSMUSG00000025795,Rassf3,9.77306485062698,298.938482311813,0.000000000000000000000000000000000000000114709825205446,0.00000000000000000000000000000000000000566287678376608,-1.1759775604481,-37.1275046114899,0.0000000000000000000000000000000000000000374882686771774,0.00000000000000000000000000000000000000195848906555235,-0.753551775831706,-1.24924316473404,-1.06221998896711,-1.78517834460382,-0.664619808361032,-1.54105228019087,-0.826797191053283,-1.52515792984291,0.442583766145247,TRUE,0,6,lower,TRUE,TRUE,TRUE,1.1759775604481,309,TRUE
ENSMUSG00000049134,Nrap,7.57564988314002,290.999493638696,0.000000000000000000000000000000000000000148236063477787,0.00000000000000000000000000000000000000722953103541364,-2.17907569744559,-36.7830211973263,0.0000000000000000000000000000000000000000397757829808457,0.0000000000000000000000000000000000000020712918214832,-1.96961536752189,-3.05747622634726,-2.07560278528808,-3.46654161904815,-0.853223654728412,-1.65199453173977,-1.63281393584613,-2.72533745904506,0.22081717640597,TRUE,0,6,lower,TRUE,TRUE,TRUE,2.17907569744559,310,TRUE
ENSMUSG00000021306,Gpr137b,9.63017877323088,304.83630511279,0.0000000000000000000000000000000000000000417170024387652,0.00000000000000000000000000000000000000217940961284461,-1.0201909288015,-36.6969635649705,0.0000000000000000000000000000000000000000451608933464435,0.00000000000000000000000000000000000000234415530961941,-1.00196741161485,-1.8745335756057,-0.856174274635434,-1.28633483593679,-0.490217799913639,-0.611917675102573,-0.782786495387975,-1.25759536221502,0.493051096678632,TRUE,0,6,lower,TRUE,TRUE,TRUE,1.0201909288015,311,TRUE
ENSMUSG00000054293,P2ry10b,8.48726197728136,322.023148165563,0.00000000000000000000000000000000000000000931336389854077,0.000000000000000000000000000000000000000513125028717214,1.66105341680197,36.4450206679893,0.000000000000000000000000000000000000000065597779075302,0.00000000000000000000000000000000000000337352969457492,0.429920449577913,0.78644860300066,1.65793624826743,2.30238270510313,1.6627460643788,3.12688643048388,1.25020092074138,2.07190591286256,3.16247355706322,TRUE,6,0,higher,TRUE,TRUE,TRUE,1.66105341680197,313,TRUE
ENSMUSG00000003228,Grk5,8.76436133166215,278.912371718105,0.000000000000000000000000000000000000000471066785074501,0.0000000000000000000000000000000000000218518135386714,1.19964422405324,36.4277632423478,0.0000000000000000000000000000000000000000673026385681869,0.00000000000000000000000000000000000000344909998224204,0.74766904306567,1.5206665032794,0.899298296176362,1.64528851373215,0.902527120126301,1.48241586793956,0.849831486456111,1.54945696165037,2.2968302301128,TRUE,6,0,higher,TRUE,TRUE,TRUE,1.19964422405324,315,TRUE
ENSMUSG00000029163,Emilin1,8.00347295699899,289.971522513615,0.000000000000000000000000000000000000000261852457099365,0.0000000000000000000000000000000000000123961413928301,1.97142412253044,36.5650906924264,0.0000000000000000000000000000000000000000852994303905766,0.00000000000000000000000000000000000000435755919238949,1.33709183854827,2.31740193953206,1.27232595506368,2.5513770050401,1.46823460537385,2.88211339162468,1.3592174663286,2.58363077873228,3.92155034669409,TRUE,6,0,higher,TRUE,TRUE,TRUE,1.97142412253044,316,TRUE
ENSMUSG00000025026,Add3,8.60475486299226,297.648904849186,0.0000000000000000000000000000000000000000800292527029738,0.00000000000000000000000000000000000000402464868032432,-1.42240027012751,-36.1162283081446,0.000000000000000000000000000000000000000107158449964803,0.00000000000000000000000000000000000000540580893056815,-1.01684233516548,-1.78965488242866,-0.932135624399207,-2.10024959235159,-0.84623509073672,-1.84928409568338,-0.931737683433801,-1.91306285682121,0.373091068797475,TRUE,0,6,lower,TRUE,TRUE,TRUE,1.42240027012751,320,TRUE
ENSMUSG00000021728,Emb,9.36396852338333,303.932391501561,0.0000000000000000000000000000000000000000452417176069392,0.00000000000000000000000000000000000000234835063449781,1.16574187663204,36.0848265274537,0.000000000000000000000000000000000000000112324781426528,0.00000000000000000000000000000000000000564878176501072,0.35592608724826,1.01550980631513,0.837545697703336,1.74984615672922,1.19559355559099,1.84002995620529,0.796355113514195,1.53512863974988,2.24348552636277,TRUE,6,0,higher,TRUE,TRUE,TRUE,1.16574187663204,321,TRUE
ENSMUSG00000031543,Ank1,8.59659394465977,250.428345836479,0.00000000000000000000000000000000000000880443118777868,0.000000000000000000000000000000000000365372577543216,-1.36406936616753,-36.0670102806972,0.000000000000000000000000000000000000000115367895757517,0.00000000000000000000000000000000000000578380105966956,-1.42400646301543,-1.37140456273415,-1.52974262685434,-1.97316453023005,-0.583557667204827,-1.30254034696638,-1.1791022523582,-1.54903647997686,0.38848495521204,TRUE,0,6,lower,TRUE,TRUE,TRUE,1.36406936616753,322,TRUE
ENSMUSG00000032024,Clmp,7.97784079268366,340.358172191887,0.00000000000000000000000000000000000000000204430839183966,0.00000000000000000000000000000000000000012177590542239,-1.70275196352393,-35.922849882014,0.000000000000000000000000000000000000000143290252323835,0.0000000000000000000000000000000000000071393041458755,-1.11434907621621,-2.27568069250414,-0.816824258249627,-2.23247749795525,-0.978312240882457,-2.79886801533592,-0.969828525116097,-2.43567540193177,0.307199556096043,TRUE,0,6,lower,TRUE,TRUE,TRUE,1.70275196352393,324,TRUE
ENSMUSG00000026062,Slc9a2,7.33363606324942,352.751026216566,0.000000000000000000000000000000000000000000766749540762988,0.0000000000000000000000000000000000000000472428925058661,-2.06616051481756,-35.6926711398903,0.000000000000000000000000000000000000000202878610947299,0.0000000000000000000000000000000000000100155028028203,-1.3519949103537,-3.5097987677162,-1.33792920059905,-3.14831843672646,-0.695414192285607,-2.35350758122433,-1.12844610107945,-3.00387492855566,0.238794164284934,TRUE,0,6,lower,TRUE,TRUE,TRUE,2.06616051481756,327,TRUE
ENSMUSG00000018417,Myo1b,9.14704422784322,349.616827773163,0.000000000000000000000000000000000000000000979429482481075,0.0000000000000000000000000000000000000000596638873044981,-1.30845849125238,-35.6860558599569,0.00000000000000000000000000000000000000020492253397942,0.0000000000000000000000000000000000000100855623964322,-0.69328165691684,-1.97620666765257,-0.782682831039947,-2.09499705630633,-0.649841251055019,-1.65374148454358,-0.708601913003935,-1.90831506950083,0.403752055235643,TRUE,0,6,lower,TRUE,TRUE,TRUE,1.30845849125238,328,TRUE
ENSMUSG00000030849,Fgfr2,6.91443017417382,248.824747232965,0.0000000000000000000000000000000000000104802130249618,0.000000000000000000000000000000000000431586935872342,2.66957016049832,35.6104956390156,0.000000000000000000000000000000000000000229809377592434,0.0000000000000000000000000000000000000112760266944519,2.47499849608213,3.55536848277692,2.54130975805354,3.74832677221154,1.33116762678532,2.36624982708044,2.11582529364033,3.2233150273563,6.36239596239412,TRUE,6,0,higher,TRUE,TRUE,TRUE,2.66957016049832,329,TRUE
ENSMUSG00000000223,Drp2,9.75128156959624,284.78933234756,0.000000000000000000000000000000000000000266912353515058,0.0000000000000000000000000000000000000125987313531976,-1.02833695932289,-35.5549425333266,0.00000000000000000000000000000000000000025005016158215,0.0000000000000000000000000000000000000122319992679413,-0.643526900845451,-1.3814966140808,-0.84066624780122,-1.51116057146509,-0.564580500262288,-1.22859092148248,-0.68292454963632,-1.37374936900946,0.490274978817663,TRUE,0,6,lower,TRUE,TRUE,TRUE,1.02833695932289,330,TRUE
ENSMUSG00000026594,Ralgps2,9.49477964227928,295.032052708581,0.00000000000000000000000000000000000000010183719222323,0.00000000000000000000000000000000000000505833167402955,-1.04353968721648,-35.3757278609157,0.000000000000000000000000000000000000000328586127154251,0.0000000000000000000000000000000000000158813348821888,-0.66574269517386,-1.42129504949942,-0.736197231376728,-1.60585083037688,-0.586255315966925,-1.24589700090505,-0.662731747505838,-1.42434762692711,0.485135720069435,TRUE,0,6,lower,TRUE,TRUE,TRUE,1.04353968721648,333,TRUE
ENSMUSG00000024190,Dusp1,9.31532146607924,285.692994588669,0.000000000000000000000000000000000000000244832916934014,0.0000000000000000000000000000000000000116933070356976,-1.13992240774091,-35.1651475021049,0.000000000000000000000000000000000000000453666861416879,0.0000000000000000000000000000000000000217962623328949,-0.987596219102299,-1.90013000483662,-0.904628469947022,-1.56506969474537,-0.428351363706323,-1.05375869410785,-0.773525350918548,-1.50631946456328,0.453783982800714,TRUE,0,6,lower,TRUE,TRUE,TRUE,1.13992240774091,336,TRUE
ENSMUSG00000024778,Fas,7.3556753577384,234.179215393126,0.0000000000000000000000000000000000000804663985903818,0.00000000000000000000000000000000000311051191993231,2.34060381021935,35.4137495791356,0.000000000000000000000000000000000000000458483788373458,0.0000000000000000000000000000000000000219623258033019,2.00277558857555,3.00601098096643,2.40848068139235,3.10117484670495,1.43050854177335,2.09467222190347,1.94725493724708,2.73395268319162,5.06514584452398,TRUE,6,0,higher,TRUE,TRUE,TRUE,2.34060381021935,337,TRUE
ENSMUSG00000055172,C1ra,8.26034225105114,221.878423748874,0.000000000000000000000000000000000000232905677108348,0.00000000000000000000000000000000000858359639588466,1.68357085587716,35.0469523151202,0.00000000000000000000000000000000000000054412972410234,0.0000000000000000000000000000000000000258349592240708,1.57010624483318,2.1391564458134,1.44286528760648,1.91153438598173,1.23084326350761,1.80691950752059,1.41460493198242,1.9525367797719,3.21222033771516,TRUE,6,0,higher,TRUE,TRUE,TRUE,1.68357085587716,340,TRUE
ENSMUSG00000028226,Mmp16,8.06190957777567,291.87088729896,0.000000000000000000000000000000000000048560744740568,0.00000000000000000000000000000000000191666528691195,2.15971844566015,38.7645737158831,0.000000000000000000000000000000000000000712797726304872,0.0000000000000000000000000000000000000335472119409316,2.42943028372688,3.21467626056396,1.91491873195122,2.60852430909215,1.0047508103068,1.78601027831987,1.7830332753283,2.536403615992,4.46827644463076,TRUE,6,0,higher,TRUE,TRUE,TRUE,2.15971844566015,343,TRUE
ENSMUSG00000059901,Adamts14,9.19893071579043,278.025831255423,0.000000000000000000000000000000000000000513729153313179,0.0000000000000000000000000000000000000237625493465176,-1.20760819530024,-34.7025794298722,0.000000000000000000000000000000000000000927193268239994,0.0000000000000000000000000000000000000430105773827535,-0.84442079815174,-1.87756655843906,-0.963973811767737,-1.65854194717984,-0.575278195375681,-1.32586786088737,-0.794557601765053,-1.62065878883542,0.432985856366627,TRUE,0,6,lower,TRUE,TRUE,TRUE,1.20760819530024,347,TRUE
ENSMUSG00000059645,Gm7361,7.1798763798446,406.369716971292,0.00000000000000000000000000000000000000000253541970941087,0.000000000000000000000000000000000000000148294494090651,-2.71508387337975,-37.1430706474573,0.00000000000000000000000000000000000000165782990819613,0.0000000000000000000000000000000000000753868963605919,-1.47396473671057,-4.21991632111394,-1.37402928441217,-4.05207370986079,-1.1827498743984,-3.98776931378263,-1.34358129850705,-4.08658644825245,0.152292428938509,TRUE,0,6,lower,TRUE,TRUE,TRUE,2.71508387337975,355,TRUE
ENSMUSG00000042734,Ttc9,8.86466541471023,276.232024284159,0.000000000000000000000000000000000000000612736244751627,0.0000000000000000000000000000000000000281005715881407,-1.20104551426986,-34.3172541358184,0.00000000000000000000000000000000000000169301384442889,0.0000000000000000000000000000000000000767705687938637,-0.86693770421186,-1.71877664293684,-1.00340305167452,-1.95525080927385,-0.506287765014234,-1.15561711250789,-0.79220950696687,-1.60988152157286,0.434959953983038,TRUE,0,6,lower,TRUE,TRUE,TRUE,1.20104551426986,356,TRUE
ENSMUSG00000000594,Gm2a,9.37494092724758,224.806415737263,0.000000000000000000000000000000000000163478167285562,0.00000000000000000000000000000000000613727454532751,1.00191679494764,34.2998224426267,0.00000000000000000000000000000000000000174001566106928,0.0000000000000000000000000000000000000786808762370907,0.96962327678602,1.13156319257519,0.837416504481364,1.41950701560529,0.628093969513538,1.02529681072442,0.811711250260307,1.19212233963497,2.00265900804317,TRUE,6,0,higher,TRUE,TRUE,TRUE,1.00191679494764,357,TRUE
ENSMUSG00000026251,Chrnd,9.30539879442099,529.302136215581,0.0000000000000000000000000000000000000000792867292183509,0.000000000000000000000000000000000000003999767718037,-1.77208445705008,-44.0838721338952,0.0000000000000000000000000000000000000021740277874407,0.0000000000000000000000000000000000000980316496442882,-1.24618741367107,-3.14100310871055,-1.47525428547604,-2.9333429618936,-0.473474534508437,-1.36324443804078,-1.06497207788518,-2.47919683621498,0.292785404803969,TRUE,0,6,lower,TRUE,TRUE,TRUE,1.77208445705008,358,TRUE
ENSMUSG00000070802,Pnmal2,7.66863473430044,211.122699990495,0.000000000000000000000000000000000000889219307937144,0.0000000000000000000000000000000000310707084156479,-1.75020567675148,-34.1285367416025,0.00000000000000000000000000000000000000227879361892813,0.000000000000000000000000000000000000101901843186584,-1.68292556489382,-2.16816523970875,-1.70216934726614,-2.16088999555851,-1.08839239661223,-1.69869151646947,-1.4911624362574,-2.00924891724557,0.297259397163599,TRUE,0,6,lower,TRUE,TRUE,TRUE,1.75020567675148,361,TRUE
ENSMUSG00000019326,Aoc3,6.65483445899655,337.551445027797,0.00000000000000000000000000000000000000754658006623999,0.000000000000000000000000000000000000314791839817344,3.49913117550225,39.0797229542151,0.00000000000000000000000000000000000000252471209144229,0.000000000000000000000000000000000000112586815724179,3.13977735932557,5.22247970882544,2.02167847525858,4.65808700077151,2.01902476375922,3.93373974507318,2.39349353278113,4.60476881822338,11.3068971718471,TRUE,6,0,higher,TRUE,TRUE,TRUE,3.49913117550225,362,TRUE
ENSMUSG00000007888,Crlf1,9.48952158329251,249.403946974082,0.00000000000000000000000000000000000000983978379269923,0.000000000000000000000000000000000000406249692494997,1.07927388658223,34.0595593302588,0.00000000000000000000000000000000000000254116909917333,0.000000000000000000000000000000000000113008520021915,1.60571546786843,1.77212793697734,0.702359013660679,1.23257590640791,0.358099721494465,0.804765273084554,0.88872473434119,1.26982303882327,2.11297234714399,TRUE,6,0,higher,TRUE,TRUE,TRUE,1.07927388658223,363,TRUE
ENSMUSG00000056900,Usp13,8.59201125614832,287.697059439615,0.000000000000000000000000000000000000000202355565587057,0.00000000000000000000000000000000000000978031705171217,-1.31984444221607,-34.0404697377639,0.00000000000000000000000000000000000000261907059219631,0.000000000000000000000000000000000000116152902664355,-0.697805276972545,-1.70674364336209,-0.821971509312744,-1.94848413967907,-0.84825088202083,-1.89581120194915,-0.78934255610204,-1.8503463283301,0.40057812857844,TRUE,0,6,lower,TRUE,TRUE,TRUE,1.31984444221607,364,TRUE
ENSMUSG00000024065,Ehd3,9.52603135580045,264.286907521523,0.00000000000000000000000000000000000000203949061536764,0.0000000000000000000000000000000000000892235691162057,1.00583588124606,34.0075833360966,0.00000000000000000000000000000000000000275901634572726,0.000000000000000000000000000000000000122024111970069,0.608356264773853,1.40316875704909,0.723437978638845,1.32738321453792,0.631242661363919,1.34142641111274,0.654345634925539,1.35732612756658,2.0081066343827,TRUE,6,0,higher,TRUE,TRUE,TRUE,1.00583588124606,365,TRUE
ENSMUSG00000034295,Fhod3,9.93071590999952,246.738125576656,0.000000000000000000000000000000000000253771090227407,0.00000000000000000000000000000000000928940296948081,1.12089917080186,35.8776988121389,0.0000000000000000000000000000000000000027862353964603,0.000000000000000000000000000000000000122891251379942,1.38918505517245,1.63253946864715,1.05832852093314,1.22309061063997,0.465743549133363,0.956507820285088,0.971085708412986,1.27071263319074,2.1748247790374,TRUE,6,0,higher,TRUE,TRUE,TRUE,1.12089917080186,366,TRUE
ENSMUSG00000046711,Hmga1,8.82929425518456,304.913016674575,0.0000000000000000000000000000000000000000414312713946752,0.00000000000000000000000000000000000000217150978611767,-1.3892801163565,-33.899710010656,0.00000000000000000000000000000000000000327377791885402,0.000000000000000000000000000000000000142834045794758,-0.796695794522419,-1.85487526263578,-0.95993181026143,-2.20426850213236,-0.584512589011609,-1.93539673957539,-0.780380064598486,-1.99818016811451,0.381755244984371,TRUE,0,6,lower,TRUE,TRUE,TRUE,1.3892801163565,370,TRUE
ENSMUSG00000056457,Prl2c3,7.42350828130014,328.68772863606,0.0000000000000000000000000000000000000665512279522825,0.00000000000000000000000000000000000260129896569902,-2.79534479443314,-39.8310269833522,0.00000000000000000000000000000000000000429423032581836,0.00000000000000000000000000000000000018584922292141,-2.30428436309003,-3.58790803796946,-2.56192928156478,-4.24206767416629,-1.3596033654324,-2.71627604437591,-2.07527233669574,-3.51541725217055,0.144051361926781,TRUE,0,6,lower,TRUE,TRUE,TRUE,2.79534479443314,373,TRUE
ENSMUSG00000042284,Itga1,6.23512577155915,225.765594569385,0.000000000000000000000000000000000000145719946837381,0.00000000000000000000000000000000000548334988763599,2.79996709309149,33.6516267266272,0.00000000000000000000000000000000000000486102433432185,0.000000000000000000000000000000000000209257375543887,2.38850096719627,3.42761485858132,2.16381246522837,3.66132575921833,1.75278134288721,3.40576716543747,2.10169825843728,3.49823592774571,6.96424565477408,TRUE,6,0,higher,TRUE,TRUE,TRUE,2.79996709309149,375,TRUE
ENSMUSG00000008540,Mgst1,8.75179972842867,194.12369127341,0.00000000000000000000000000000000000848966457072773,0.000000000000000000000000000000000266631624835132,1.19137771578174,33.5878075227182,0.00000000000000000000000000000000000000538365949993552,0.000000000000000000000000000000000000231139402413455,1.20461702656686,1.23517292368916,1.2631480793584,1.50824876923516,0.931282155126668,1.00579734071421,1.13301575368398,1.24973967787951,2.28370723938764,TRUE,6,0,higher,TRUE,TRUE,TRUE,1.19137771578174,376,TRUE
ENSMUSG00000040420,Cdh18,9.24702974771998,274.119582146052,0.000000000000000000000000000000000000000755137263977461,0.0000000000000000000000000000000000000340507845038775,-1.06629627957035,-33.5276320819484,0.00000000000000000000000000000000000000592877869231976,0.000000000000000000000000000000000000253868101936652,-0.77352363233952,-1.37024013210697,-0.598896108666976,-1.39534615947964,-0.604501141904422,-1.65527050292457,-0.658973627636973,-1.47361893150373,0.477543387256038,TRUE,0,6,lower,TRUE,TRUE,TRUE,1.06629627957035,377,TRUE
ENSMUSG00000059493,Nhs,7.71544605989929,228.812568082316,0.000000000000000000000000000000000000101440517517629,0.0000000000000000000000000000000000038530688806755,1.76276470565615,33.0855757792652,0.0000000000000000000000000000000000000120998742446265,0.000000000000000000000000000000000000511330549557606,1.17043831717206,2.05731966608874,1.13152599144125,2.23696635911862,1.47933863881832,2.50099926129789,1.26043431581054,2.26509509550175,3.39347810709019,TRUE,6,0,higher,TRUE,TRUE,TRUE,1.76276470565615,382,TRUE
ENSMUSG00000043822,Adamtsl5,9.54125280584291,274.059427927184,0.000000000000000000000000000000000000000759661375590409,0.0000000000000000000000000000000000000341593693207687,-1.0200063225219,-33.0354193926621,0.0000000000000000000000000000000000000131271108216193,0.000000000000000000000000000000000000553292297632897,-0.414439059787128,-1.0496951814899,-0.601989524209525,-1.17569502444261,-0.936994584873512,-1.94122456032872,-0.651141056290055,-1.38887158875374,0.493114191199462,TRUE,0,6,lower,TRUE,TRUE,TRUE,1.0200063225219,383,TRUE
ENSMUSG00000036856,Wnt4,7.05457956497285,258.008848677286,0.00000000000000000000000000000000000000391915524937924,0.000000000000000000000000000000000000167372812673886,2.01520412340119,33.0099585585557,0.0000000000000000000000000000000000000136820714453528,0.000000000000000000000000000000000000575181456620652,2.81310572637809,3.61931314678724,2.10950771478166,2.77212282635435,0.274602162317304,0.502573163788494,1.73240520115902,2.29800304564336,4.0423776916436,TRUE,6,0,higher,TRUE,TRUE,TRUE,2.01520412340119,384,TRUE
ENSMUSG00000030000,Add2,7.43986413608799,509.409946841281,0.00000000000000000000000000000000000000000716114830456728,0.000000000000000000000000000000000000000398629024415964,-2.80124783947818,-39.7101142553623,0.0000000000000000000000000000000000000158999465470508,0.000000000000000000000000000000000000661527930693403,-1.39452999215514,-4.22720626398326,-1.20898553174378,-4.5476397732592,-1.11284892032395,-4.31627655540374,-1.23878814807429,-4.36370753088207,0.143463154189259,TRUE,0,6,lower,TRUE,TRUE,TRUE,2.80124783947818,388,TRUE
ENSMUSG00000076441,Ass1,9.25151200295313,260.892073205579,0.00000000000000000000000000000000000000289800889135073,0.000000000000000000000000000000000000124753486754866,1.06884711340539,32.8542356229666,0.0000000000000000000000000000000000000176364258365053,0.000000000000000000000000000000000000730012364817194,0.880329917720943,1.48467155016822,0.560341962508023,1.5198285301092,0.552811434183432,1.41509928574254,0.664494438137466,1.47319978867332,2.0977563380225,TRUE,6,0,higher,TRUE,TRUE,TRUE,1.06884711340539,390,TRUE
ENSMUSG00000020427,Igfbp3,8.09966215378319,219.040025936302,0.000000000000000000000000000000000000329655273146996,0.0000000000000000000000000000000000119856420594864,1.67332366848975,32.8257002698901,0.0000000000000000000000000000000000000184784693007596,0.000000000000000000000000000000000000762910306706295,1.64226950215624,2.08803701405811,1.82012163307967,2.49857340577341,0.541384185824447,1.44955627004665,1.33459177368679,2.01205556329272,3.18948538663124,TRUE,6,0,higher,TRUE,TRUE,TRUE,1.67332366848975,391,TRUE
ENSMUSG00000003617,Cp,10.8103355884769,449.052353066105,0.0000000000000000000000000000000000000000492254127243464,0.00000000000000000000000000000000000000252268519875912,-1.03993102118073,-38.7297297326582,0.0000000000000000000000000000000000000209094712769983,0.00000000000000000000000000000000000086107549700149,-0.457906546958741,-1.64643295265406,-1.02943618619698,-1.80583924991132,-0.141126841062546,-1.15884435030074,-0.54282319140609,-1.53703885095537,0.48635072678177,TRUE,0,6,lower,TRUE,TRUE,TRUE,1.03993102118073,392,TRUE
ENSMUSG00000028469,Npr2,9.60317931845061,198.921092334097,0.00000000000000000000000000000000000440885547430264,0.000000000000000000000000000000000144365423776202,1.03618902886774,32.7444041483218,0.0000000000000000000000000000000000000211086330849191,0.000000000000000000000000000000000000867065302518699,1.08368272104157,1.38542104351966,0.906636248658492,1.29530669261252,0.620154907760352,0.925932559613877,0.870157959153473,1.20222009858202,2.05080316430361,TRUE,6,0,higher,TRUE,TRUE,TRUE,1.03618902886774,393,TRUE
ENSMUSG00000024042,Sik1,9.24474192271632,239.719688720292,0.000000000000000000000000000000000000028780499507123,0.00000000000000000000000000000000000115573035707335,-1.08033366588343,-32.6383914072197,0.0000000000000000000000000000000000000251200313480964,0.00000000000000000000000000000000000102661434443625,-0.829489612625677,-1.30781872573822,-1.12314081964833,-1.76564077614849,-0.324585868044574,-1.13132619309527,-0.759072100106195,-1.40159523166066,0.472919434111897,TRUE,0,6,lower,TRUE,TRUE,TRUE,1.08033366588343,395,TRUE
ENSMUSG00000019832,Rab32,8.12312223149973,218.785073773019,0.000000000000000000000000000000000000340176106040565,0.0000000000000000000000000000000000123403660220513,1.49136410486294,32.3873128395224,0.0000000000000000000000000000000000000380067686676822,0.00000000000000000000000000000000000153385816650599,1.02338151700352,1.94543868970456,1.03928745125189,1.95861231204178,1.12272370675435,1.85874095242151,1.06179755833659,1.92093065138928,2.81154688418875,TRUE,6,0,higher,TRUE,TRUE,TRUE,1.49136410486294,400,TRUE
ENSMUSG00000050064,Zfp697,8.65653236973364,239.467887396346,0.0000000000000000000000000000000000000296112958539195,0.00000000000000000000000000000000000118614180885812,-1.28700179883846,-32.3590386192147,0.0000000000000000000000000000000000000398282805386973,0.00000000000000000000000000000000000159540429959353,-0.996133238682894,-1.68328533662398,-1.16019756663625,-2.13524372125849,-0.474258995028066,-1.27289193480108,-0.876863266782403,-1.69714033089452,0.409801792853056,TRUE,0,6,lower,TRUE,TRUE,TRUE,1.28700179883846,403,TRUE
ENSMUSG00000021696,Elovl7,6.35955246985893,231.219353334707,0.0000000000000000000000000000000000000764481454204997,0.00000000000000000000000000000000000296659233539213,2.42481604756153,32.1146859750653,0.0000000000000000000000000000000000000597808637756163,0.00000000000000000000000000000000000237111175412721,1.84683337504611,3.69038487796584,1.64611244385919,3.37217159213024,1.42051334982349,2.57288064654429,1.6378197229096,3.21181237221346,5.36960530996294,TRUE,6,0,higher,TRUE,TRUE,TRUE,2.42481604756153,407,TRUE
ENSMUSG00000019960,Dusp6,8.88094509675693,244.371802248676,0.000000000000000000000000000000000000017099133709538,0.000000000000000000000000000000000000693546018776562,-1.16859083690231,-32.0883476863762,0.0000000000000000000000000000000000000624661521690633,0.00000000000000000000000000000000000247154680015978,-1.05785010926425,-2.01797367754777,-1.09654219723552,-1.77460213488918,-0.360768173769047,-0.703808728708123,-0.83838682675627,-1.49879484704836,0.44485564449917,TRUE,0,6,lower,TRUE,TRUE,TRUE,1.16859083690231,408,TRUE
ENSMUSG00000035873,Pawr,5.41374468448638,192.916187261916,0.0000000000000000000000000000000000100361779509577,0.000000000000000000000000000000000311565424350596,3.48400987253875,31.9626711659976,0.0000000000000000000000000000000000000770714903449887,0.00000000000000000000000000000000000301981812776493,2.92327470594478,3.85788619119955,2.71018022801018,4.41251176940065,2.6836030155012,4.31660332517613,2.77235264981872,4.19566709525878,11.189005229378,TRUE,6,0,higher,TRUE,TRUE,TRUE,3.48400987253875,412,TRUE
ENSMUSG00000046179,E2f8,9.60308772436337,228.476921270824,0.000000000000000000000000000000000000105545914022182,0.00000000000000000000000000000000000399022878234213,-1.03793156163405,-31.9314750308115,0.0000000000000000000000000000000000000812070948251932,0.00000000000000000000000000000000000316648824097366,-0.644505694027505,-0.986329217817307,-1.15250244383428,-1.89488797467402,-0.481665609102549,-1.06769843034865,-0.759557915654777,-1.31630520761332,0.487025237158852,TRUE,0,6,lower,TRUE,TRUE,TRUE,1.03793156163405,414,TRUE
ENSMUSG00000046532,Ar,9.42040698854786,258.021571934705,0.000000000000000000000000000000000025927300541986,0.000000000000000000000000000000000773649561274086,1.40733758671683,37.1715579281309,0.000000000000000000000000000000000000139212127804807,0.00000000000000000000000000000000000540216677681009,1.06189438303902,1.32530614990233,1.24392142939789,1.88394642223926,1.15742174096306,1.77153539475942,1.15441251779999,1.66026265563367,2.65247211924902,TRUE,6,0,higher,TRUE,TRUE,TRUE,1.40733758671683,416,TRUE
ENSMUSG00000021567,Nkd2,7.76614550685363,422.268302418257,0.000000000000000000000000000000000000786063047206418,0.0000000000000000000000000000000000277061479717319,2.92835652800856,43.6659289212166,0.00000000000000000000000000000000000015627419386485,0.0000000000000000000000000000000000060497225696889,2.55436887402028,4.08878492968156,2.00042568145778,4.47669802880171,1.55465570352585,2.89520595056415,2.03648341966797,3.82022963634914,7.61242720983179,TRUE,6,0,higher,TRUE,TRUE,TRUE,2.92835652800856,417,TRUE
ENSMUSG00000026564,Dusp27,9.04804959224273,275.601024429728,0.000000000000000000000000000000000000000652096019044879,0.000000000000000000000000000000000000029727929102541,-1.14504720234758,-31.4868730787698,0.000000000000000000000000000000000000171906522764847,0.00000000000000000000000000000000000663896410763859,-0.904823225497987,-2.14281657063631,-0.877152880286316,-1.7674153597536,-0.224237067724426,-0.953838110186837,-0.668737724502909,-1.62135668019225,0.452174894201589,TRUE,0,6,lower,TRUE,TRUE,TRUE,1.14504720234758,418,TRUE
ENSMUSG00000057914,Cacnb2,6.78106593403902,188.47949495546,0.0000000000000000000000000000000000187227250145307,0.000000000000000000000000000000000565994288220168,2.42458904688406,31.4807307947569,0.000000000000000000000000000000000000173708358610496,0.00000000000000000000000000000000000669253945835142,2.43304346576128,3.52146564364698,2.01811136545669,2.87673502369569,1.47943362974327,2.21874515300046,1.97686282032041,2.87231527344771,5.3687604965274,TRUE,6,0,higher,TRUE,TRUE,TRUE,2.42458904688406,419,TRUE
ENSMUSG00000027692,Tnik,6.96149698852101,219.869454516986,0.000000000000000000000000000000000000297699362148581,0.0000000000000000000000000000000000108727619981098,-2.30073588856783,-31.4539551110396,0.000000000000000000000000000000000000181790069881907,0.00000000000000000000000000000000000697063443730078,-1.99721483083106,-3.44219548607416,-1.9376201198173,-3.43114495900868,-0.895668015917067,-2.10057191975868,-1.61016765552181,-2.99130412161384,0.202959547261132,TRUE,0,6,lower,TRUE,TRUE,TRUE,2.30073588856783,421,TRUE
ENSMUSG00000023915,Tnfrsf21,7.44168465049129,200.06114380751,0.00000000000000000000000000000000000378148776399433,0.000000000000000000000000000000000125865065926104,1.81668195697402,31.444370083554,0.000000000000000000000000000000000000184775172953423,0.00000000000000000000000000000000000706830714925853,1.51895295454804,2.3885895195938,2.0814139630946,2.55110599690442,0.692605998264401,1.66742330943887,1.43099097196901,2.20237294197903,3.52270082929699,TRUE,6,0,higher,TRUE,TRUE,TRUE,1.81668195697402,422,TRUE
ENSMUSG00000026971,Itgb6,7.0692784878995,238.499309289301,0.0000000000000000000000000000000000000330456537866025,0.00000000000000000000000000000000000132043561652753,-2.03663049421188,-31.4343214515004,0.000000000000000000000000000000000000187958198749169,0.00000000000000000000000000000000000717307140049133,-1.71541249332646,-3.09352179713318,-1.81987537371393,-3.42739827865743,-0.557957228773361,-1.60561779366691,-1.36441503193792,-2.70884595648584,0.243732324914329,TRUE,0,6,lower,TRUE,TRUE,TRUE,2.03663049421188,423,TRUE
ENSMUSG00000048782,Insc,6.96440390951603,220.411360377545,0.0000000000000000000000000000000000122672629903477,0.000000000000000000000000000000000378643262816794,2.62827664055807,33.5992240832549,0.000000000000000000000000000000000000209496276352956,0.00000000000000000000000000000000000792013674277698,3.22571933136289,3.48240538280182,2.88947082881529,3.62090521006746,0.932564739145377,1.61859435115557,2.34925163310785,2.90730164800828,6.18286986503536,TRUE,6,0,higher,TRUE,TRUE,TRUE,2.62827664055807,426,TRUE
ENSMUSG00000000142,Axin2,6.89592023937211,194.661178975765,0.00000000000000000000000000000000000788275559040289,0.000000000000000000000000000000000249024116430281,2.24605901785066,31.362650766107,0.000000000000000000000000000000000000212338325164667,0.00000000000000000000000000000000000800882612881594,3.15133624731936,3.0821773833943,2.49021824368176,2.82800455453614,0.72383808134233,1.20077959683006,2.12179752411448,2.37032051158683,4.74385205544377,TRUE,6,0,higher,TRUE,TRUE,TRUE,2.24605901785066,428,TRUE
ENSMUSG00000032006,Pdgfd,7.35019671610579,219.509570535083,0.00000000000000000000000000000000000047464468780167,0.0000000000000000000000000000000000169893330270119,-2.08886424875523,-31.4266747204267,0.000000000000000000000000000000000000280477943123749,0.0000000000000000000000000000000000104567100135027,-1.46392883208956,-2.6716978213537,-1.43619348739391,-2.90997221509689,-1.28823283831964,-2.7631602982777,-1.39611838593437,-2.7816101115761,0.235065668230025,TRUE,0,6,lower,TRUE,TRUE,TRUE,2.08886424875523,433,TRUE
ENSMUSG00000043587,Pxylp1,8.95689140837737,189.192014272885,0.0000000000000000000000000000000000169228687662105,0.000000000000000000000000000000000512543847078681,1.12331810244612,31.1946508662209,0.000000000000000000000000000000000000282885784883206,0.0000000000000000000000000000000000105221779386396,1.01387690407918,1.39228072513622,1.0522745700541,1.58537482448079,0.59672949784299,1.09937209308344,0.887626990658756,1.35900921423348,2.17847431347344,TRUE,6,0,higher,TRUE,TRUE,TRUE,1.12331810244612,434,TRUE
ENSMUSG00000038146,Notch3,10.0079659594953,315.908754085229,0.0000000000000000000000000000000000274760760465022,0.00000000000000000000000000000000081384641397924,-1.35557042867448,-40.4858074225965,0.000000000000000000000000000000000000291918385223229,0.0000000000000000000000000000000000108331919371462,-1.03347104562298,-1.82931437478429,-1.25327454914945,-1.79026740662838,-0.951339621865367,-1.27575557399639,-1.07936173887927,-1.63177911846969,0.390780279997731,TRUE,0,6,lower,TRUE,TRUE,TRUE,1.35557042867448,435,TRUE
ENSMUSG00000038319,Kcnh2,6.59859749332584,189.564782130258,0.0000000000000000000000000000000000160535815493112,0.000000000000000000000000000000000488967862170813,2.24281393920311,31.0530744348031,0.000000000000000000000000000000000000360632555759149,0.0000000000000000000000000000000000132311166991362,2.172443965588,2.49827203779077,1.78149665763385,2.9389507293742,1.31220895603807,2.7535112887938,1.75538319308664,2.73024468531959,4.73319361941838,TRUE,6,0,higher,TRUE,TRUE,TRUE,2.24281393920311,440,TRUE
ENSMUSG00000034684,Sema3f,7.30546094203916,170.669425273006,0.000000000000000000000000000000000265447792669495,0.00000000000000000000000000000000732499780694643,1.76573536152858,30.6651480991836,0.000000000000000000000000000000000000705056194817642,0.0000000000000000000000000000000000254056298056723,2.12034570396859,2.4657576823268,1.905434490295,1.86718889539729,1.01909339535882,1.216592001825,1.68162452987414,1.84984619318303,3.40047282271744,TRUE,6,0,higher,TRUE,TRUE,TRUE,1.76573536152858,448,TRUE
ENSMUSG00000042942,Greb1l,6.65643271399812,201.342816168506,0.00000000000000000000000000000000000318528894105298,0.000000000000000000000000000000000106239916064914,2.36128638024954,30.4134282666582,0.00000000000000000000000000000000000109372827889895,0.0000000000000000000000000000000000390620699253667,1.54139603436982,2.74073687465651,1.74069066287848,3.45708790472239,1.5854922353826,3.10231456948745,1.62252631087697,3.10004644962212,5.13828310274576,TRUE,6,0,higher,TRUE,TRUE,TRUE,2.36128638024954,452,TRUE
ENSMUSG00000027386,Fbln7,8.09951794846054,418.183381956194,0.000000000000000000000000000000000000967125625649368,0.0000000000000000000000000000000000335028089589222,2.51213131951805,41.6390170160727,0.00000000000000000000000000000000000117572230500204,0.000000000000000000000000000000000041897759756397,1.5431816288985,3.6264387582439,1.00861177069121,3.34626216854111,2.21842838469915,3.3298652060344,1.59007392809629,3.4341887109398,5.70462210194204,TRUE,6,0,higher,TRUE,TRUE,TRUE,2.51213131951805,453,TRUE
ENSMUSG00000025464,Paox,8.10170334971269,161.556810395284,0.00000000000000000000000000000000114258318327862,0.0000000000000000000000000000000294644094691164,1.29810060530291,30.2922391137841,0.00000000000000000000000000000000000135273886495852,0.0000000000000000000000000000000000479939857077482,0.9520133905539,1.31729342394736,1.38382025978465,1.71086371043893,1.15924633869624,1.26536650839638,1.1650266630116,1.43117454759422,2.45904920856139,TRUE,6,0,higher,TRUE,TRUE,TRUE,1.29810060530291,455,TRUE
ENSMUSG00000029869,Ephb6,10.0318867993472,364.603559306632,0.000000000000000000000000000000000134303224319665,0.00000000000000000000000000000000380360868454799,1.50539417719308,43.2639885120672,0.0000000000000000000000000000000000016853190529454,0.0000000000000000000000000000000000591437075471686,1.33592560569348,1.79110994539432,1.2603407084071,2.10547392026484,0.920603071804869,1.61891181159389,1.17228979530182,1.83849855908435,2.83902229209128,TRUE,6,0,higher,TRUE,TRUE,TRUE,1.50539417719308,459,TRUE
ENSMUSG00000014782,Plekhg4,7.63573220220523,251.331959865924,0.00000000000000000000000000000000000383636177569465,0.000000000000000000000000000000000127428782191438,2.15478459085919,33.535387290261,0.00000000000000000000000000000000000172535046447602,0.000000000000000000000000000000000060286434086659,1.56669150410874,2.70668830209212,1.82523249155156,3.25169892937149,0.979603977781712,2.59879234024951,1.45717599114734,2.85239319057104,4.45302154156649,TRUE,6,0,higher,TRUE,TRUE,TRUE,2.15478459085919,462,TRUE
ENSMUSG00000033685,Ucp2,9.54588902404236,190.126283517869,0.0000000000000000000000000000000000212890682176548,0.000000000000000000000000000000000641174306413437,1.0147405937402,30.2488471824708,0.00000000000000000000000000000000000205266993155597,0.0000000000000000000000000000000000711078341311332,1.07126672167679,1.40022188195243,0.813706477290191,1.46078416682621,0.422794844967022,0.919669469728555,0.769256014644666,1.26022517283573,2.02053955372415,TRUE,6,0,higher,TRUE,TRUE,TRUE,1.0147405937402,466,TRUE
ENSMUSG00000025150,Cbr2,9.04461830294173,221.268996225554,0.000000000000000000000000000000000000452251817453888,0.0000000000000000000000000000000000162599133388822,1.18543781161571,30.3258750289148,0.00000000000000000000000000000000000214812540870157,0.0000000000000000000000000000000000742552215688852,1.16038505298985,1.51119054410367,0.485164062422129,1.44230962206475,0.675451862994574,1.8381257251193,0.773666992802184,1.59720863042924,2.27432402606489,TRUE,6,0,higher,TRUE,TRUE,TRUE,1.18543781161571,467,TRUE
ENSMUSG00000024544,Ldlrad4,8.68587456600126,162.554531484611,0.000000000000000000000000000000000970202995713961,0.0000000000000000000000000000000252205909175692,1.15983272112429,30.013138878673,0.0000000000000000000000000000000000022133140598784,0.0000000000000000000000000000000000763451471551645,1.30118145980222,1.39365375696365,1.31721736063139,1.38978340782976,0.591025402516413,0.966134939002284,1.06980807431667,1.2498573679319,2.23431519477784,TRUE,6,0,higher,TRUE,TRUE,TRUE,1.15983272112429,468,TRUE
ENSMUSG00000055148,Klf2,7.63086839495396,223.674034634017,0.000000000000000000000000000000000000187362050950966,0.00000000000000000000000000000000000700135552893852,-1.66367070047547,-29.9933544918169,0.00000000000000000000000000000000000229227803104842,0.000000000000000000000000000000000078732434585563,-1.2281764726057,-2.11482878824431,-1.21395260629364,-2.34793109828871,-0.625645901292964,-2.45148933612749,-1.0225916600641,-2.30474974088683,0.315635044463928,TRUE,0,6,lower,TRUE,TRUE,TRUE,1.66367070047547,469,TRUE
ENSMUSG00000030730,Atp2a1,7.50065753746602,240.323875990455,0.0000000000000000000000000000000000000268840022142645,0.00000000000000000000000000000000000108226545572287,-1.82684271955755,-29.864177868274,0.00000000000000000000000000000000000288329113916576,0.0000000000000000000000000000000000984037396607883,-1.54355034698873,-2.96881459869319,-2.15998791460983,-3.45791616247358,-0.128433358049232,-0.702353936530722,-1.27732387321593,-2.37636156589916,0.281880831585432,TRUE,0,6,lower,TRUE,TRUE,TRUE,1.82684271955755,473,TRUE
ENSMUSG00000078249,Hmga1b,8.63222460252203,236.865473959779,0.000000000000000000000000000000000000730610680815266,0.0000000000000000000000000000000000258079829768071,-1.41587872992699,-31.1654367582997,0.00000000000000000000000000000000000388500059954725,0.000000000000000000000000000000000131204110206049,-0.874988836629788,-1.6930096411025,-0.890731299769357,-2.27691931360844,-0.864738341519802,-1.89488494693206,-0.876819492639649,-1.95493796721433,0.374781402493445,TRUE,0,6,lower,TRUE,TRUE,TRUE,1.41587872992699,478,TRUE
ENSMUSG00000054793,Cadm4,7.49239439899247,275.923011764192,0.000000000000000000000000000000000000000631694542707593,0.0000000000000000000000000000000000000288879461839339,-1.82603534704354,-29.6678574374775,0.00000000000000000000000000000000000409281450700611,0.000000000000000000000000000000000137646467888749,-1.12953685405939,-2.55660848838172,-0.871401270847101,-2.58238292208724,-0.607881664528123,-3.20840088235768,-0.869606596478206,-2.78246409760888,0.282038624134749,TRUE,0,6,lower,TRUE,TRUE,TRUE,1.82603534704354,480,TRUE
ENSMUSG00000020173,Cobl,8.60112342487471,160.708131949451,0.00000000000000000000000000000000181893139209549,0.0000000000000000000000000000000463138950514157,-1.31679407120728,-29.6917101605975,0.00000000000000000000000000000000000542899748960475,0.000000000000000000000000000000000181075013377458,-1.26956584670608,-1.40309147461974,-1.46178401962058,-1.79854106005191,-0.739044892150838,-1.22873713409457,-1.15679825282583,-1.47678988958874,0.401425989397835,TRUE,0,6,lower,TRUE,TRUE,TRUE,1.31679407120728,484,TRUE
ENSMUSG00000021403,Serpinb9b,7.8107793051284,426.046321095263,0.000000000000000000000000000000000000602136337811366,0.0000000000000000000000000000000000213632679149206,-2.63171156876081,-39.9198524740676,0.00000000000000000000000000000000000655623680971181,0.000000000000000000000000000000000217772285636168,-1.61005118460006,-3.76351442888534,-1.4248481624192,-4.00112109578896,-1.33095646847193,-3.65977807239939,-1.4552852718304,-3.80813786569123,0.161352566542355,TRUE,0,6,lower,TRUE,TRUE,TRUE,2.63171156876081,486,TRUE
ENSMUSG00000035095,Fam167a,7.05634850569857,201.415911298174,0.00000000000000000000000000000000000315437159433602,0.000000000000000000000000000000000105426543783367,-2.00872692399347,-29.3364856621004,0.00000000000000000000000000000000000742736331095215,0.000000000000000000000000000000000245696569526026,-1.76302439839015,-3.25190199723176,-1.72712906234555,-3.14228634813579,-0.699758317518551,-1.46826142033902,-1.39663725941808,-2.62081658856885,0.248492303965961,TRUE,0,6,lower,TRUE,TRUE,TRUE,2.00872692399347,488,TRUE
ENSMUSG00000008489,Elavl2,3.81809434658002,167.125309650777,0.000000000000000000000000000000000464131486751889,0.0000000000000000000000000000000125502086945322,4.98285724766914,29.2572073224781,0.00000000000000000000000000000000000857304030372483,0.000000000000000000000000000000000282437938006183,3.54877319062272,5.88926423360962,3.75959159883211,6.22744980389506,4.08689668879368,6.38516797026167,3.7984204927495,6.16729400258878,31.6220117465191,TRUE,6,0,higher,TRUE,TRUE,TRUE,4.98285724766914,490,TRUE
ENSMUSG00000031438,Rnf128,8.22736316347004,184.167394088991,0.00000000000000000000000000000000003478771394224,0.00000000000000000000000000000000102291086733985,-1.22088135482666,-29.2321543110603,0.00000000000000000000000000000000000897125917245791,0.000000000000000000000000000000000294355765896317,-0.858373709938263,-1.4853299448003,-0.719913907800272,-1.50135726216711,-0.964602598706907,-1.79571070554712,-0.847630072148481,-1.59413263750484,0.429020545798679,TRUE,0,6,lower,TRUE,TRUE,TRUE,1.22088135482666,492,TRUE
ENSMUSG00000047261,Gap43,7.34071902306227,281.805871607425,0.000000000000000000000000000000000000000355625682386662,0.0000000000000000000000000000000000000166401895384576,-1.60069924231363,-29.1791664766259,0.00000000000000000000000000000000000987660340760047,0.000000000000000000000000000000000322749005686021,-1.06319776192134,-2.79972975480701,-0.708494227522523,-2.7219299751643,-0.348085507280326,-1.96275822718625,-0.706592498908062,-2.49480598571919,0.329717132372669,TRUE,0,6,lower,TRUE,TRUE,TRUE,1.60069924231363,494,TRUE
ENSMUSG00000024798,Htr7,6.8892605485762,157.307394627888,0.00000000000000000000000000000000231786769556577,0.0000000000000000000000000000000585560848349269,1.902467831374,29.1723329275848,0.00000000000000000000000000000000000999993717482407,0.00000000000000000000000000000000032611916325896,2.24048484694154,2.32283437972415,2.24099341201864,2.52530832926324,1.00458316475781,1.08060285553861,1.82868714123933,1.97624852150867,3.73852150378318,TRUE,6,0,higher,TRUE,TRUE,TRUE,1.902467831374,495,TRUE
ENSMUSG00000025931,Paqr8,7.86328836927018,193.19818773894,0.00000000000000000000000000000000000965064996791752,0.000000000000000000000000000000000300174262874937,-1.50778364011605,-28.9471176634645,0.0000000000000000000000000000000000150746943122568,0.000000000000000000000000000000000483798787838493,-1.22177981366916,-2.39738022946779,-1.21978420536654,-2.24478305431083,-0.629433825689131,-1.33354071219284,-1.02366594824161,-1.99190133199049,0.351651032863416,TRUE,0,6,lower,TRUE,TRUE,TRUE,1.50778364011605,503,TRUE
ENSMUSG00000049538,Adamts16,7.80715915995607,290.292024924034,0.00000000000000000000000000000000114816461124758,0.0000000000000000000000000000000295611185316902,2.52296823119142,38.5223960620451,0.0000000000000000000000000000000000163194806190154,0.000000000000000000000000000000000520643034847364,2.47641186543843,2.43483341590653,4.0732855404973,3.36218801312814,1.11655897535051,1.67453157682761,2.55541879376208,2.49051766862076,5.74763413923451,TRUE,6,0,higher,TRUE,TRUE,TRUE,2.52296823119142,506,TRUE
ENSMUSG00000056486,Chn1,8.8390191599152,166.962781323539,0.000000000000000000000000000000000476305086254088,0.0000000000000000000000000000000128363823161932,-1.04620457104024,-28.869729728845,0.0000000000000000000000000000000000173691852483201,0.000000000000000000000000000000000550865928219314,-0.926325470977343,-1.24136503020099,-0.784972601652539,-1.27381373319197,-0.656898173505194,-1.39385241671343,-0.789398748711692,-1.3030103933688,0.484240425498598,TRUE,0,6,lower,TRUE,TRUE,TRUE,1.04620457104024,509,TRUE
ENSMUSG00000045672,Col27a1,7.00978188345162,175.434270972521,0.000000000000000000000000000000000127387491584837,0.0000000000000000000000000000000036204511912923,2.01952745900532,28.7988457241917,0.0000000000000000000000000000000000197818071093522,0.000000000000000000000000000000000624927029679594,1.51594878421192,2.44044479069371,1.33774824246698,2.41462453430918,1.4456601485502,2.96273825379995,1.4331190584097,2.60593585960095,4.05450968568683,TRUE,6,0,higher,TRUE,TRUE,TRUE,2.01952745900532,511,TRUE
ENSMUSG00000026748,Plxdc2,5.83465045390292,156.406823434822,0.00000000000000000000000000000000269894351047967,0.0000000000000000000000000000000676537967230951,-2.59573561229107,-28.79247782615,0.0000000000000000000000000000000000200145767044796,0.000000000000000000000000000000000631045530742997,-2.31609141574355,-3.03915557182764,-2.2808571549237,-3.41827277536402,-1.64844355139808,-2.8715932044894,-2.08179737402177,-3.10967385056036,0.165426743248806,TRUE,0,6,lower,TRUE,TRUE,TRUE,2.59573561229107,512,TRUE
ENSMUSG00000031075,Ano1,7.11297056634037,155.644251226994,0.00000000000000000000000000000000400957252544246,0.0000000000000000000000000000000991217906251419,2.04948227539776,28.822151796419,0.0000000000000000000000000000000000246530281906179,0.000000000000000000000000000000000771267120312296,1.55346254619989,1.85401844914593,1.77718423375263,2.31008347354557,1.81207789138081,2.99006705836171,1.71424155711111,2.3847229936844,4.13957390399275,TRUE,6,0,higher,TRUE,TRUE,TRUE,2.04948227539776,516,TRUE
ENSMUSG00000041559,Fmod,7.3471867241286,729.586266866153,0.0000000000000000000000000000000011132316282271,0.0000000000000000000000000000000287534370791522,5.28918562115481,59.3016942026327,0.0000000000000000000000000000000000348615956838424,0.00000000000000000000000000000000107810486422274,4.92964496923334,7.41248251543074,4.25919452144098,7.06114096757848,2.45021419327215,5.62243655997319,3.87968456131549,6.69868668099414,39.1024099546868,TRUE,6,0,higher,TRUE,TRUE,TRUE,5.28918562115481,522,TRUE
ENSMUSG00000015189,Casd1,8.13047191521979,195.122539638991,0.00000000000000000000000000000000000739767700839323,0.000000000000000000000000000000000235080118004905,-1.4326394846899,-28.466806818027,0.0000000000000000000000000000000000365167754974829,0.00000000000000000000000000000000112713251788885,-1.00479634156317,-1.8795680595689,-0.903950790222135,-1.95037188208303,-0.759508728029667,-2.09764110667248,-0.889418619938323,-1.97586034944147,0.370452510380645,TRUE,0,6,lower,TRUE,TRUE,TRUE,1.4326394846899,523,TRUE
ENSMUSG00000038068,Rnf144b,7.3719062876543,222.349666444316,0.0000000000000000000000000000000000443672613923656,0.00000000000000000000000000000000129048774893145,-2.16357682527037,-31.0888836711141,0.0000000000000000000000000000000000414964006375058,0.00000000000000000000000000000000127595503903096,-1.44528432180633,-3.02486045777868,-1.36385152595206,-3.05815959199982,-1.38764029946989,-2.70166475461543,-1.39892538240942,-2.92822826813131,0.223202203466719,TRUE,0,6,lower,TRUE,TRUE,TRUE,2.16357682527037,525,TRUE
ENSMUSG00000016756,Cmah,9.74984777042416,1378.79173590979,0.00000000000000000000000000000000000801943309436566,0.000000000000000000000000000000000252847086801455,-3.06461928495218,-68.2362873077733,0.0000000000000000000000000000000000519800666029484,0.00000000000000000000000000000000158923146812764,-1.74403908232115,-5.00642363298529,-1.70823740366663,-5.26724607127687,-1.23719427631994,-3.42457524314318,-1.56315692076924,-4.56608164913511,0.119524702098142,TRUE,0,6,lower,TRUE,TRUE,TRUE,3.06461928495218,528,TRUE
ENSMUSG00000021732,Fgf10,7.3739533999689,298.794395984519,0.0000000000000000000000000000000940237702771766,0.00000000000000000000000000000206506901167954,3.33215733073588,42.1960161197229,0.0000000000000000000000000000000000606779013709263,0.00000000000000000000000000000000184120932674974,3.23314670772643,3.27182510971293,3.66474820794063,3.71401234049678,2.98277981535775,3.12643180318075,3.29355824367494,3.37075641779682,10.071155621474,TRUE,6,0,higher,TRUE,TRUE,TRUE,3.33215733073588,532,TRUE
ENSMUSG00000031520,Vegfc,8.17869960156082,153.834916755412,0.00000000000000000000000000000000418762557742545,0.000000000000000000000000000000103365198312506,1.25949742479908,28.1263999449512,0.0000000000000000000000000000000000689056180023796,0.00000000000000000000000000000000208304005882474,0.977606164112865,0.871031853938153,1.26572165918803,1.70683050256714,0.974794421206407,1.76099994778186,1.07270741483577,1.44628743476239,2.39412325056874,TRUE,6,0,higher,TRUE,TRUE,TRUE,1.25949742479908,534,TRUE
ENSMUSG00000034614,Pik3ip1,8.4413755274032,204.121317501677,0.00000000000000000000000000000000859131927647503,0.000000000000000000000000000000205466173452054,1.66673710598553,32.6771883621942,0.0000000000000000000000000000000000793371450181263,0.00000000000000000000000000000000238498981755608,1.85543854586421,2.09491187337878,1.84863432178591,2.34612999639949,0.690066410154431,1.16524148833035,1.46471309260151,1.86876111936954,3.17495711684685,TRUE,6,0,higher,TRUE,TRUE,TRUE,1.66673710598553,537,TRUE
ENSMUSG00000029380,Cxcl1,7.16390864937262,202.881154567776,0.00000000000000000000000000000000000390502886431654,0.000000000000000000000000000000000129178034747258,1.98878260237408,28.1474190033088,0.0000000000000000000000000000000000939431615460068,0.00000000000000000000000000000000281358897372391,0.600598538255761,2.60079568697393,1.24583093533533,2.80603564079526,1.69065013805471,2.98878467482948,1.17902653721527,2.79853866753289,3.96901936789938,TRUE,6,0,higher,TRUE,TRUE,TRUE,1.98878260237408,539,TRUE
ENSMUSG00000020882,Cacnb1,8.4054515163621,181.337838042387,0.0000000000000000000000000000000000526311544279632,0.0000000000000000000000000000000015253585743817,-1.28319092932779,-27.7382305588836,0.000000000000000000000000000000000143308282459394,0.00000000000000000000000000000000422157956887227,-0.824848221902186,-1.76273083789643,-1.44217590592091,-2.15034131580054,-0.362805015263639,-1.15624427918304,-0.876609714362244,-1.68977214429334,0.410885712560618,TRUE,0,6,lower,TRUE,TRUE,TRUE,1.28319092932779,548,TRUE
ENSMUSG00000031791,Tmem38a,8.54414893523758,171.498569630408,0.000000000000000000000000000000000329422695644506,0.00000000000000000000000000000000901333995896484,-1.25261821542259,-27.7344904087668,0.000000000000000000000000000000000197509846867544,0.00000000000000000000000000000000573453499637188,-0.692004390274208,-0.910495139026685,-1.73642433028464,-2.35449407772285,-0.585290295630639,-1.23700105959649,-1.0045730053965,-1.50066342544867,0.419685866548534,TRUE,0,6,lower,TRUE,TRUE,TRUE,1.25261821542259,556,TRUE
ENSMUSG00000017446,C1qtnf1,9.15296297361292,163.099781375284,0.0000000000000000000000000000000262022215872243,0.000000000000000000000000000000596590215913345,1.15127502890988,29.3624776202982,0.000000000000000000000000000000000198360415251004,0.00000000000000000000000000000000574889081399814,1.06559290625568,1.50274870773487,1.16667080172654,1.52849910266188,0.613143695013701,1.03099496006663,0.948469134331974,1.35408092348779,2.22110104763899,TRUE,6,0,higher,TRUE,TRUE,TRUE,1.15127502890988,557,TRUE
ENSMUSG00000030672,Mylpf,9.35878383087502,649.878332198729,0.0000000000000000000000000000000010612391236419,0.000000000000000000000000000000027498528367498,-2.469500203783,-52.8472724355923,0.000000000000000000000000000000000240246259851706,0.00000000000000000000000000000000692552745140373,-2.5225672402392,-3.84099466447045,-2.46225160389918,-4.09324609467495,-0.550380389089865,-1.34756123032436,-1.84506641107608,-3.09393399648992,0.180553688243428,TRUE,0,6,lower,TRUE,TRUE,TRUE,2.469500203783,560,TRUE
ENSMUSG00000050069,Grem2,5.87679818635707,182.837976924854,0.0000000000000000000000000000000000422261310076402,0.00000000000000000000000000000000123042677410891,2.68828136568349,27.4556983737631,0.000000000000000000000000000000000245569882904783,0.00000000000000000000000000000000706637187117987,2.5962964546508,3.37410083123397,3.07189805629162,4.71084513601358,0.0902119706841491,2.28633574522684,1.91946882720886,3.45709390415813,6.44545124819057,TRUE,6,0,higher,TRUE,TRUE,TRUE,2.68828136568349,561,TRUE
ENSMUSG00000032744,Heyl,7.10082654343611,214.447251725868,0.00000000000000000000000000000000235422196431716,0.0000000000000000000000000000000593815705780812,-2.48544244944141,-31.7171905141438,0.000000000000000000000000000000000279551514981284,0.00000000000000000000000000000000801563073950775,-2.3638086738258,-4.04040861558346,-2.34249093648271,-3.45759939020298,-1.11963107514035,-1.58871600541317,-1.94197689514962,-3.0289080037332,0.178569494915252,TRUE,0,6,lower,TRUE,TRUE,TRUE,2.48544244944141,563,TRUE
ENSMUSG00000061601,Pclo,7.09297855857796,171.358780552366,0.00000000000000000000000000000000023841452037759,0.00000000000000000000000000000000659028356584834,-1.78894806090186,-27.3613777494102,0.000000000000000000000000000000000294255528075993,0.00000000000000000000000000000000840737520306328,-1.38639147185648,-2.02066719534297,-1.26532076854331,-2.35878320240126,-0.961625921703009,-2.74089980556411,-1.20444605403427,-2.37345006776945,0.289382972263549,TRUE,0,6,lower,TRUE,TRUE,TRUE,1.78894806090186,565,TRUE
ENSMUSG00000037887,Dusp8,7.84777690435541,196.868808796676,0.00000000000000000000000000000000000653060365101248,0.000000000000000000000000000000000210007041311343,-1.52618954636079,-27.298514744671,0.000000000000000000000000000000000365601050750387,0.0000000000000000000000000000000103542066004623,-0.991637086067317,-2.16307822862726,-0.915761304487038,-2.39125295655485,-0.670534217272266,-2.02487348515599,-0.85931086927554,-2.19306822344603,0.347193165482453,TRUE,0,6,lower,TRUE,TRUE,TRUE,1.52618954636079,570,TRUE
ENSMUSG00000026308,Klhl30,9.9711685176222,388.544139087205,0.000000000000000000000000000000000000216250891244104,0.00000000000000000000000000000000000802514514334155,-1.15210794887874,-34.1763725297763,0.000000000000000000000000000000000406670338067359,0.0000000000000000000000000000000114570318803165,-0.372509128540244,-2.12305801505212,-0.616319524687036,-1.81745976805799,-0.564925977323254,-1.41837527961178,-0.517918210183511,-1.78629768757396,0.449967295076814,TRUE,0,6,lower,TRUE,TRUE,TRUE,1.15210794887874,573,TRUE
ENSMUSG00000026479,Lamc2,7.60909806558378,208.035094040974,0.00000000000000000000000000000000000894559546243584,0.000000000000000000000000000000000279861913856786,-1.7302510844689,-27.8360472276773,0.000000000000000000000000000000000591386715098388,0.0000000000000000000000000000000166030534640579,-1.127557109199,-2.64731044645356,-1.1504408174126,-2.92588569649866,-0.672254442874095,-1.8580579943755,-0.983417456495231,-2.47708471244257,0.301399497243921,TRUE,0,6,lower,TRUE,TRUE,TRUE,1.7302510844689,575,TRUE
ENSMUSG00000001510,Dlx3,7.60050338046454,222.409032279574,0.000000000000000000000000000000000000218363261620317,0.00000000000000000000000000000000000808494984480911,-1.49653267057186,-26.8906846767881,0.000000000000000000000000000000000731535104587879,0.0000000000000000000000000000000203255958577662,-0.784973306933132,-1.73137101496192,-0.413688049543671,-1.88831420187674,-1.10393655815057,-3.05691289196511,-0.767532638209124,-2.22553270293459,0.354404131983782,TRUE,0,6,lower,TRUE,TRUE,TRUE,1.49653267057186,581,TRUE
ENSMUSG00000022788,Fgd4,5.78994880640297,196.80042006197,0.00000000000000000000000000000000000587898749362022,0.000000000000000000000000000000000189430129959104,-2.64571220360293,-26.7375472388447,0.000000000000000000000000000000000986721552606864,0.000000000000000000000000000000027089534053967,-1.522814701562,-4.54855913569043,-1.64141375511594,-4.00429469553733,-1.23663345362445,-2.9205574800874,-1.4669539701008,-3.82447043710505,0.15979429382758,TRUE,0,6,lower,TRUE,TRUE,TRUE,2.64571220360293,588,TRUE
ENSMUSG00000004698,Hdac9,7.54648517330813,365.890125281989,0.0000000000000000000000000000000000161428671663698,0.000000000000000000000000000000000490761402385515,-2.54667293546559,-35.4380451417273,0.00000000000000000000000000000000103899138277648,0.0000000000000000000000000000000284761254535836,-1.11381878689779,-3.32052897166096,-1.30863534542338,-4.04333892451934,-1.43935291403496,-4.05436267025709,-1.28726901545204,-3.80607685547913,0.171149272439414,TRUE,0,6,lower,TRUE,TRUE,TRUE,2.54667293546559,589,TRUE
ENSMUSG00000035305,Ror1,6.17134186849095,150.672353545863,0.00000000000000000000000000000000725603325118863,0.000000000000000000000000000000175088407733839,2.47865797954324,26.5007937082908,0.00000000000000000000000000000000157171615876302,0.0000000000000000000000000000000424995208557981,1.42450210204237,2.48278448232925,2.46856477618601,4.12250371820074,1.50982209052415,2.8637707079769,1.80096298958418,3.1563529695023,5.57378741745208,TRUE,6,0,higher,TRUE,TRUE,TRUE,2.47865797954324,597,TRUE
ENSMUSG00000031962,Cdh15,11.0667671483314,490.546376433924,0.0000000000000000000000000000000144909092074467,0.000000000000000000000000000000338533643033012,-1.41280184951898,-46.7036014626067,0.00000000000000000000000000000000202218260483222,0.0000000000000000000000000000000537793966883138,-1.18974721521507,-2.20183978409366,-1.10549479989296,-1.89892034277926,-0.584013111502427,-1.4967958436305,-0.959751708870151,-1.86585199016781,0.375581563361809,TRUE,0,6,lower,TRUE,TRUE,TRUE,1.41280184951898,607,TRUE
ENSMUSG00000020205,Phlda1,9.57318074547543,204.99897043645,0.000000000000000000000000000000000276435848802414,0.000000000000000000000000000000007615194380917,-1.00586549796689,-28.6109707316112,0.00000000000000000000000000000000205140799233332,0.0000000000000000000000000000000544669066122316,-0.794378017530747,-1.53917773118978,-0.700406475928107,-1.662192589614,-0.383242717554795,-0.955795455983894,-0.626009070337883,-1.38572192559589,0.497971300100591,TRUE,0,6,lower,TRUE,TRUE,TRUE,1.00586549796689,608,TRUE
ENSMUSG00000051022,Hs3st1,6.77549873282979,349.058092770656,0.000000000000000000000000000000127896422128095,0.00000000000000000000000000000277504293335193,4.1412046588675,41.7348436873642,0.00000000000000000000000000000000253379775797295,0.0000000000000000000000000000000667260965855748,4.22375069900206,5.95271908539358,4.09123239499276,5.80548647171267,1.71818062706198,3.05585867504196,3.34438790701893,4.93802141071607,17.6452095583547,TRUE,6,0,higher,TRUE,TRUE,TRUE,4.1412046588675,613,TRUE
ENSMUSG00000000184,Ccnd2,9.55603399552953,541.876671675232,0.000000000000000000000000000000000019044686390744,0.000000000000000000000000000000000574651163375289,-1.69870447732527,-41.1619193970252,0.0000000000000000000000000000000025452599097854,0.0000000000000000000000000000000669187796802373,-0.815145423698064,-2.62840651001405,-1.00979115337794,-2.99152220253259,-0.489315158368189,-2.25804641596077,-0.771417245148064,-2.62599170950247,0.308062615663312,TRUE,0,6,lower,TRUE,TRUE,TRUE,1.69870447732527,614,TRUE
ENSMUSG00000016552,Foxred2,8.19282161362006,169.296476651308,0.000000000000000000000000000000000329165480826694,0.00000000000000000000000000000000901333995896484,1.23300045911659,26.0822273207063,0.00000000000000000000000000000000361091811098285,0.0000000000000000000000000000000944749612084217,0.933407293826806,1.79668497675951,1.08070897128666,2.17524432155347,0.369003326608214,1.04295386466489,0.794373197240559,1.67162772099262,2.35055340486866,TRUE,6,0,higher,TRUE,TRUE,TRUE,1.23300045911659,617,TRUE
ENSMUSG00000019806,Aig1,6.80535770857582,183.977881279834,0.0000000000000000000000000000000000357591563904095,0.00000000000000000000000000000000104956374838251,-1.94574515967561,-26.052260137135,0.00000000000000000000000000000000383415443581135,0.0000000000000000000000000000000999915267484694,-1.40733437441024,-3.02029418600091,-1.01404002166722,-3.27279963254836,-0.900095185366181,-2.05990755806076,-1.10715652714788,-2.78433379220335,0.259580666395985,TRUE,0,6,lower,TRUE,TRUE,TRUE,1.94574515967561,619,TRUE
ENSMUSG00000029859,Epha1,7.77765808423876,140.266600667786,0.0000000000000000000000000000000479425352286284,0.00000000000000000000000000000107193399750104,-1.25363904392011,-25.9727836460493,0.00000000000000000000000000000000449661703619624,0.000000000000000000000000000000116890320153488,-0.955896718768201,-1.77146751477794,-1.46825130502365,-1.91773614116782,-0.64672100549506,-0.761761578288017,-1.0236230097623,-1.48365507807793,0.419389008417081,TRUE,0,6,lower,TRUE,TRUE,TRUE,1.25363904392011,621,TRUE
ENSMUSG00000066607,6030419C18Rik,8.6615955849415,133.695373928266,0.000000000000000000000000000000229760716139839,0.00000000000000000000000000000490612068868443,1.14171309496725,26.1183157895107,0.0000000000000000000000000000000045138413440005,0.000000000000000000000000000000117149422534084,1.58174839096588,1.32216631173353,1.55035429046083,1.31831194896512,0.407583833202855,0.67011379447526,1.17989550487652,1.10353068505797,2.2064286496899,TRUE,6,0,higher,TRUE,TRUE,TRUE,1.14171309496725,622,TRUE
ENSMUSG00000035954,Dock4,8.09252184800516,122.970282715548,0.000000000000000000000000000001507401539084,0.0000000000000000000000000000301910459620756,1.07682190888933,25.7859808264786,0.00000000000000000000000000000000655062857472244,0.000000000000000000000000000000167320881458456,1.03880255962576,0.902428146759875,1.13315345173526,1.48265003522373,0.69661546026215,1.20728179972923,0.956190490541056,1.19745332723761,2.10938422860555,TRUE,6,0,higher,TRUE,TRUE,TRUE,1.07682190888933,632,TRUE
ENSMUSG00000033207,Mamdc2,7.88667852956572,110.099744582006,0.000000000000000000000000000026591818253513,0.000000000000000000000000000480169711483736,-1.38706514219771,-25.6018782545812,0.00000000000000000000000000000000951264715035481,0.000000000000000000000000000000241071684377045,-1.39864086307448,-1.48943498704288,-1.52342636412569,-1.42031360290416,-1.2592730758868,-1.23130196015225,-1.39378010102899,-1.38035018336643,0.382341805151434,TRUE,0,6,lower,TRUE,TRUE,TRUE,1.38706514219771,637,TRUE
ENSMUSG00000103047,Gm37310,5.44311417636203,124.489043205172,0.0000000000000000000000000000010943558506423,0.0000000000000000000000000000221380783169407,3.12714050912062,25.5902767098842,0.0000000000000000000000000000000097396690379327,0.000000000000000000000000000000246438052161987,2.85620509373172,4.38099220661002,2.77513064421309,4.01333978336708,2.03053646953955,2.70663885726228,2.55395740249479,3.70032361574646,8.73701525303117,TRUE,6,0,higher,TRUE,TRUE,TRUE,3.12714050912062,638,TRUE
ENSMUSG00000039942,Ptger4,7.26010518622768,151.26164967123,0.00000000000000000000000000000000654427211543824,0.000000000000000000000000000000158387083597481,-1.69946388106139,-25.4031047445042,0.000000000000000000000000000000014267209495483,0.000000000000000000000000000000355974594877251,-1.46289704911037,-2.76489374582845,-1.49181929759578,-2.626128785885,-0.567368328614004,-1.28367607933477,-1.17402822510672,-2.22489953701607,0.307900500778363,TRUE,0,6,lower,TRUE,TRUE,TRUE,1.69946388106139,646,TRUE
ENSMUSG00000051177,Plcb1,7.4415383780661,134.524565614858,0.00000000000000000000000000000014383521276057,0.00000000000000000000000000000311250916835642,1.53898825573484,25.4034757804922,0.0000000000000000000000000000000142563832470529,0.000000000000000000000000000000355974594877251,0.9191945043585,1.60964078854799,1.07488500897271,2.09241491786616,1.35364310784754,2.18415120681612,1.11590754039292,1.96206897107676,2.9059064435026,TRUE,6,0,higher,TRUE,TRUE,TRUE,1.53898825573484,646,TRUE
ENSMUSG00000091898,Tnnc1,9.23398118551082,394.557133128365,0.0000000000000000000000000000000110910059751268,0.000000000000000000000000000000262525087179578,-1.79789323113405,-39.5711223903486,0.0000000000000000000000000000000157593902699515,0.000000000000000000000000000000391390518658196,-1.39333040429455,-1.34721822437633,-2.48053735784997,-3.88052059774145,-0.440698369668585,-1.24505443287341,-1.43818871060437,-2.15759775166373,0.287594256405481,TRUE,0,6,lower,TRUE,TRUE,TRUE,1.79789323113405,650,TRUE
ENSMUSG00000028736,Pax7,7.40438131676906,183.808143664367,0.0000000000000000000000000000000000366530751858533,0.00000000000000000000000000000000107190324769063,-1.48608969899306,-25.269047320408,0.0000000000000000000000000000000187810202846342,0.000000000000000000000000000000464290980788439,-0.61562237002568,-2.02597294079475,-0.631188747841531,-2.13977254273799,-1.04228791619743,-2.46169367636098,-0.763033011354882,-2.20914638663124,0.356978799215741,TRUE,0,6,lower,TRUE,TRUE,TRUE,1.48608969899306,653,TRUE
ENSMUSG00000038415,Foxq1,6.12896954149788,127.029145830309,0.000000000000000000000000000000645705347944742,0.0000000000000000000000000000133979709921233,2.42777995349146,25.2544135872003,0.000000000000000000000000000000019354544974578,0.000000000000000000000000000000477737644533048,1.90624832574488,3.17979354590069,2.40821882509503,3.65687363558377,1.47295138545375,1.94259400317065,1.92913951209789,2.92642039488504,5.38064809020798,TRUE,6,0,higher,TRUE,TRUE,TRUE,2.42777995349146,654,TRUE
ENSMUSG00000066842,Hmcn1,6.63955603680973,171.749183556556,0.000000000000000000000000000000000224385057123937,0.00000000000000000000000000000000622379377517475,-1.91179384082883,-25.1783587101152,0.0000000000000000000000000000000226350290618705,0.000000000000000000000000000000552794665878631,-1.53641319949056,-3.66603623983376,-1.39056076142419,-2.96126728910019,-0.732743610139562,-1.18374194498474,-1.2199058570181,-2.60368182463956,0.265761892891583,TRUE,0,6,lower,TRUE,TRUE,TRUE,1.91179384082883,661,TRUE
ENSMUSG00000028128,F3,8.44044905704134,166.444975130648,0.000000000000000000000000000000000517341727427249,0.0000000000000000000000000000000139190791764301,1.06238917948749,25.1080413530114,0.0000000000000000000000000000000261699576458231,0.000000000000000000000000000000638159556308947,0.804330653482735,1.82588168649124,0.223560397327406,1.04984546512949,0.866481533509916,1.60423534098417,0.631457528106685,1.4933208308683,2.08838713939023,TRUE,6,0,higher,TRUE,TRUE,TRUE,1.06238917948749,662,TRUE
ENSMUSG00000034463,Scara3,7.75246753945251,110.129892861036,0.0000000000000000000000000000264043175267799,0.000000000000000000000000000477317914708632,1.32909732760871,24.9250002046943,0.0000000000000000000000000000000382428544178702,0.000000000000000000000000000000924183231837842,1.74782915679921,1.68427890150385,1.39120574321995,1.31529902203135,0.858917353811046,0.977053788286847,1.33265075127674,1.32554390394068,2.51245425265705,TRUE,6,0,higher,TRUE,TRUE,TRUE,1.32909732760871,668,TRUE
ENSMUSG00000015850,Adamtsl4,8.48000297583347,173.027556707761,0.000000000000000000000000000000000184137269774806,0.00000000000000000000000000000000516961381908643,1.05294641190341,24.7657089288354,0.0000000000000000000000000000000533024463263319,0.00000000000000000000000000000126911709593802,0.729896135961503,1.79988242537917,0.682510447435843,1.71090187423045,0.305737575761109,1.08875001265236,0.572714719719485,1.53317810408733,2.07476280580138,TRUE,6,0,higher,TRUE,TRUE,TRUE,1.05294641190341,678,TRUE
ENSMUSG00000025348,Itga7,12.9684294131422,840.755551661954,0.0000000000000000000000000000000149429845888971,0.000000000000000000000000000000348590462743592,-1.33909370659961,-54.2967864716322,0.0000000000000000000000000000000536048522570825,0.0000000000000000000000000000012744375993904,-0.985736606249695,-2.47421901989099,-0.906116346264938,-2.13618560364095,-0.351973309096834,-1.18033135445422,-0.747942087203822,-1.93024532599539,0.395268883779705,TRUE,0,6,lower,TRUE,TRUE,TRUE,1.33909370659961,679,TRUE
ENSMUSG00000006651,Aplp1,6.80348420795717,115.526038768523,0.0000000000000000000000000000076503237992232,0.000000000000000000000000000143938434837832,1.72967597754983,24.5614644178254,0.0000000000000000000000000000000818039138160408,0.00000000000000000000000000000192221336351142,1.91692341212789,2.5025905524673,1.71502664725188,2.23414682924997,0.860988035387333,1.1483803888146,1.49764603158904,1.96170592351062,3.31653322200277,TRUE,6,0,higher,TRUE,TRUE,TRUE,1.72967597754983,687,TRUE
ENSMUSG00000078956,Gm14221,7.43538560930083,147.295482881578,0.0000000000000000000000000000000132083222758446,0.000000000000000000000000000000309465814947692,-1.50691816528307,-24.443045394333,0.000000000000000000000000000000105007728967957,0.00000000000000000000000000000244962394325104,-1.30950113784696,-2.28738128585891,-1.23776396865469,-2.41280852371548,-0.333250181815691,-1.46080389380671,-0.960171762772448,-2.0536645677937,0.35186205211357,TRUE,0,6,lower,TRUE,TRUE,TRUE,1.50691816528307,692,TRUE
ENSMUSG00000051920,Rspo2,2.96496202413129,157.35027251529,0.00000000000000000000000000000000230117753542918,0.0000000000000000000000000000000582255626245035,5.12873613636892,24.386587841593,0.000000000000000000000000000000118325508394178,0.00000000000000000000000000000274443776150461,1.8142354031518,6.42289751098403,3.64353227434043,7.82073116097495,3.24095361610768,7.83006685265463,2.89957376453331,7.35789850820454,34.9867351087829,TRUE,6,0,higher,TRUE,TRUE,TRUE,5.12873613636892,696,TRUE
ENSMUSG00000017724,Etv4,7.9794100667535,163.255851890375,0.00000000000000000000000000000000086533164062111,0.0000000000000000000000000000000227508936067534,-1.14481944644026,-24.3477132255608,0.000000000000000000000000000000128482286040944,0.00000000000000000000000000000295875826470607,-0.73639192960691,-1.99220980041487,-0.752694264964537,-1.75097229681008,-0.423142784102184,-1.21350560274299,-0.637409659557877,-1.65222923332265,0.45224628394778,TRUE,0,6,lower,TRUE,TRUE,TRUE,1.14481944644026,701,TRUE
ENSMUSG00000031070,Mrgprf,7.99186113621407,118.923996594536,0.00000000000000000000000000000360271867137875,0.0000000000000000000000000000701552322220353,1.05401626302045,24.3468741378939,0.00000000000000000000000000000012871102325627,0.00000000000000000000000000000295980348778628,0.826891007358322,1.00667391073309,0.929139194734079,1.28154186838762,0.718491653689494,1.56135994322012,0.824840618593965,1.28319190744694,2.07630194641416,TRUE,6,0,higher,TRUE,TRUE,TRUE,1.05401626302045,702,TRUE
ENSMUSG00000034780,B3galt1,7.05447405453666,166.812333018527,0.0000000000000000000000000000323627838451288,0.000000000000000000000000000581126161970984,2.47514059963225,30.0512781767937,0.000000000000000000000000000000134636698617116,0.00000000000000000000000000000308727304797741,1.92577308838929,2.58103180947175,2.33118018399203,3.32685760537442,1.84875000136005,2.83725090920596,2.03523442458046,2.91504677468405,5.56021473057944,TRUE,6,0,higher,TRUE,TRUE,TRUE,2.47514059963225,704,TRUE
ENSMUSG00000020435,Osbp2,8.62980533340142,221.860073697781,0.000000000000000000000000000000000000233426179631628,0.00000000000000000000000000000000000858359639588466,-1.04201182364064,-24.2537063970399,0.000000000000000000000000000000156865045343068,0.00000000000000000000000000000359187578294064,-0.711070963381266,-2.16177258053997,-0.320307945462888,-1.92757040721552,-0.301832675435091,-0.829516369809127,-0.444403861426415,-1.63961978585487,0.485649767600581,TRUE,0,6,lower,TRUE,TRUE,TRUE,1.04201182364064,705,TRUE
ENSMUSG00000040631,Dok4,7.75376494480851,121.4244038847,0.00000000000000000000000000000209614564837013,0.0000000000000000000000000000414174776029853,1.22444724368549,24.2378745265396,0.000000000000000000000000000000162237779980273,0.00000000000000000000000000000370963807680106,1.04489762004393,1.6067717424514,0.984465548679275,1.65501549901768,0.641319575387836,1.41421347653281,0.890227581370347,1.55866690600063,2.33665905458223,TRUE,6,0,higher,TRUE,TRUE,TRUE,1.22444724368549,706,TRUE
ENSMUSG00000019230,Lhx9,7.26399618981581,111.194693369002,0.0000000000000000000000000000205886717110962,0.00000000000000000000000000037512745759845,1.41210691565281,24.2308980252128,0.000000000000000000000000000000164664335114782,0.00000000000000000000000000000375979683416962,1.50838764369313,1.93852573724649,1.41161002138256,1.72251967140197,0.648163751812358,1.24343466838033,1.18938713896268,1.63482669234293,2.6612552959151,TRUE,6,0,higher,TRUE,TRUE,TRUE,1.41210691565281,707,TRUE
ENSMUSG00000051497,Kcnj16,5.97808357882315,128.396562330978,0.000000000000000000000000000000658704913616853,0.0000000000000000000000000000136501584345531,2.54212871232435,24.2633258024289,0.000000000000000000000000000000201992005156918,0.00000000000000000000000000000457329163989919,1.54780896905526,2.91426736419987,1.87300581370224,3.74388940259817,1.81500490510882,3.35879581928175,1.74527322928878,3.33898419535993,5.82447781283506,TRUE,6,0,higher,TRUE,TRUE,TRUE,2.54212871232435,713,TRUE
ENSMUSG00000030468,Siglecg,6.80884093437888,156.488223116943,0.00000000000000000000000000000000266197571717508,0.000000000000000000000000000000066830908246279,-1.70801179374805,-24.1086686020552,0.00000000000000000000000000000021370348089472,0.00000000000000000000000000000482491649242442,-1.26384680386973,-2.75165481695298,-1.28438357713972,-3.12868065961637,-0.652007432608729,-1.16749747230079,-1.06674593787273,-2.34927764962338,0.306081595933011,TRUE,0,6,lower,TRUE,TRUE,TRUE,1.70801179374805,715,TRUE
ENSMUSG00000002980,Bcam,6.21176041286853,162.976775163974,0.000000000000000000000000000000000905581755109642,0.0000000000000000000000000000000236933651097811,-2.1518149559631,-24.0925545559297,0.000000000000000000000000000000221193431337079,0.00000000000000000000000000000498704687440567,-1.06482602366737,-3.29560593003378,-1.24566523117346,-2.98459329664992,-1.07872748931613,-3.24147176493794,-1.12973958138565,-3.17389033054055,0.225029343480419,TRUE,0,6,lower,TRUE,TRUE,TRUE,2.1518149559631,716,TRUE
ENSMUSG00000056174,Col8a2,6.03128902752261,151.943941676891,0.000000000000000000000000000000343297492184884,0.00000000000000000000000000000720656881188632,2.78779377390218,25.8224118053671,0.000000000000000000000000000000237289720416728,0.0000000000000000000000000000053276327631255,2.45418500802907,3.36267898590479,2.64643041984029,4.7680988722174,0.812246838051628,2.68312251936987,1.97095408864033,3.60463345916402,6.90572925830549,TRUE,6,0,higher,TRUE,TRUE,TRUE,2.78779377390218,719,TRUE
ENSMUSG00000064179,Tnnt1,8.45026649940191,126.039241962871,0.000000000000000000000000000000792169058702919,0.0000000000000000000000000000162904268976321,-1.08582126241767,-24.0441170175626,0.000000000000000000000000000000245353636592096,0.00000000000000000000000000000550103299375861,-0.865943294267872,-1.36661580790938,-1.20998745421302,-1.69638819116118,-0.309338425569738,-1.0666544013848,-0.795089724683543,-1.37655280015179,0.471124001573167,TRUE,0,6,lower,TRUE,TRUE,TRUE,1.08582126241767,720,TRUE
ENSMUSG00000048720,Tbc1d12,8.08701623713354,114.282746477646,0.000000000000000000000000000010128833366821,0.000000000000000000000000000189028620856175,1.07537416569807,23.9814275806645,0.000000000000000000000000000000280653504878922,0.00000000000000000000000000000626637555914308,1.00487057437264,1.45809251732648,0.818238052262778,1.4444990204227,0.642359642443994,1.08418518735984,0.821822756359803,1.32892557503634,2.10726852513779,TRUE,6,0,higher,TRUE,TRUE,TRUE,1.07537416569807,723,TRUE
ENSMUSG00000036036,Zfp57,8.46862060511697,144.867822950003,0.0000000000000000000000000000000204805534837424,0.000000000000000000000000000000470965206393239,-1.03645127119989,-23.8514949823745,0.00000000000000000000000000000037116638013692,0.00000000000000000000000000000821912054122125,-0.580264894787254,-1.37401599704261,-0.837473037505333,-1.67105594008707,-0.419158022527469,-1.33673973524961,-0.612298651606685,-1.4606038907931,0.487525210312411,TRUE,0,6,lower,TRUE,TRUE,TRUE,1.03645127119989,729,TRUE
ENSMUSG00000022514,Il1rap,7.48624027313365,125.628766522968,0.000000000000000000000000000000862625782152108,0.0000000000000000000000000000176493891017509,-1.26961803145264,-23.8119924970346,0.00000000000000000000000000000040418888941036,0.00000000000000000000000000000892588405164355,-1.02488166697182,-1.88229806775051,-1.245590459861,-1.94044170066818,-0.454857788613436,-1.06963850485091,-0.908443305148755,-1.63079275775653,0.414769572938252,TRUE,0,6,lower,TRUE,TRUE,TRUE,1.26961803145264,731,TRUE
ENSMUSG00000026890,Lhx6,7.93422181331115,108.851288948836,0.0000000000000000000000000000357015673557995,0.000000000000000000000000000638947230404292,1.04982055517422,23.7733153653478,0.000000000000000000000000000000439415804156722,0.00000000000000000000000000000969055918921034,0.683958275364287,1.06063015777318,1.15596610812186,1.57394763452765,0.706260773728359,1.11816038152996,0.84872838573817,1.25091272461026,2.07027232772776,TRUE,6,0,higher,TRUE,TRUE,TRUE,1.04982055517422,732,TRUE
ENSMUSG00000071714,Csf2rb2,4.27852881024301,117.922388132605,0.00000000000000000000000000000448880256665111,0.0000000000000000000000000000866779184610632,3.65081615188165,23.6975929879492,0.000000000000000000000000000000517687578532267,0.0000000000000000000000000000113701096329883,3.06711282739198,4.11799724741796,4.97315492201957,6.35044314086884,1.39203666949585,2.00415210409568,3.14410147296913,4.15753083079416,12.560449170957,TRUE,6,0,higher,TRUE,TRUE,TRUE,3.65081615188165,735,TRUE
ENSMUSG00000033715,Akr1c14,6.18972941978354,132.968786407613,0.000000000000000000000000000000195167851834555,0.00000000000000000000000000000419350638034648,2.1776777439381,23.5372935524933,0.000000000000000000000000000000733490806468099,0.000000000000000000000000000015936395812671,1.13191112376672,2.44889017185502,0.923569514317215,2.95722723439123,2.15364470367019,3.4508237156282,1.40304178058471,2.95231370729148,4.52424715343627,TRUE,6,0,higher,TRUE,TRUE,TRUE,2.1776777439381,743,TRUE
ENSMUSG00000003585,Sec14l2,8.40344421127271,134.046701022566,0.000000000000000000000000000000157915276320564,0.00000000000000000000000000000341261888305605,-1.02340852603332,-23.3202086934365,0.00000000000000000000000000000117944765396759,0.0000000000000000000000000000253189141994665,-0.911890679211787,-1.87448719084393,-0.652622373890692,-1.40017576789237,-0.454837333915045,-0.846437810446118,-0.673116795672508,-1.37370025639414,0.49195268570473,TRUE,0,6,lower,TRUE,TRUE,TRUE,1.02340852603332,752,TRUE
ENSMUSG00000021367,Edn1,6.38219263625797,112.726432058307,0.000000000000000000000000000113118060888584,0.00000000000000000000000000194055776506313,2.26487920441006,24.034356993785,0.00000000000000000000000000000183085293247099,0.0000000000000000000000000000383339285199472,1.72003108304027,2.69161559681138,2.06145472839572,2.92440780441814,1.44291328425446,2.7488527295404,1.74146636523015,2.78829204358997,4.80614176722683,TRUE,6,0,higher,TRUE,TRUE,TRUE,2.26487920441006,771,TRUE
ENSMUSG00000024885,Aldh3b1,7.74731167134449,116.947533324948,0.00000000000000000000000000000556928778202634,0.000000000000000000000000000106270700549942,-1.20122213674694,-23.0413355934326,0.00000000000000000000000000000218266103526469,0.0000000000000000000000000000453471005048621,-0.807217098190683,-1.26529973010174,-0.900851330508342,-1.26519587059616,-0.902951088482254,-2.06581770260246,-0.870339839060426,-1.53210443443345,0.434906707108314,TRUE,0,6,lower,TRUE,TRUE,TRUE,1.20122213674694,777,TRUE
ENSMUSG00000067586,S1pr3,5.77691626014782,141.504037257482,0.0000000000000000000000000000000380436493377938,0.000000000000000000000000000000854156649874834,-2.345951134176,-22.9207638422381,0.00000000000000000000000000000285346106717478,0.0000000000000000000000000000587543648053604,-1.52247561330448,-3.19171531858142,-1.64221098968723,-4.07970655748638,-0.805944512816012,-2.83365381318046,-1.32354370526924,-3.36835856308275,0.196697273599855,TRUE,0,6,lower,TRUE,TRUE,TRUE,2.345951134176,784,TRUE
ENSMUSG00000041912,Tdrkh,8.36135403815618,117.693583179291,0.00000000000000000000000000000472118584859244,0.0000000000000000000000000000909476171286726,1.07025385422282,22.7573652680459,0.00000000000000000000000000000411046519560462,0.0000000000000000000000000000836762164598303,0.927585367618051,1.46142365607988,0.54478059287451,0.929863503231187,0.777478660125729,1.78039134540757,0.749948206872763,1.39055950157288,2.09980281255644,TRUE,6,0,higher,TRUE,TRUE,TRUE,1.07025385422282,793,TRUE
ENSMUSG00000008206,Cers4,6.93841237416019,150.112776194419,0.00000000000000000000000000221086079704424,0.0000000000000000000000000338935668059688,2.54211517988533,28.9095884915351,0.00000000000000000000000000000519988576002518,0.000000000000000000000000000104927194780108,2.47486555453996,2.99913934816091,2.55714410834575,3.23843349928109,1.58993573606477,2.39317283291949,2.20731513298349,2.87691522678717,5.82442317965276,TRUE,6,0,higher,TRUE,TRUE,TRUE,2.54211517988533,800,TRUE
ENSMUSG00000068246,Apol9b,7.70549675068418,187.356004992942,0.0000000000000000000000000000000000219736961611203,0.000000000000000000000000000000000658110161649286,-1.0936399994344,-22.5772355575482,0.00000000000000000000000000000616182808936664,0.000000000000000000000000000123719391600306,-0.285354124750769,-1.62190987991418,-0.536686311571945,-1.90418138064486,-0.38880214211313,-1.8249061576115,-0.403614192811948,-1.78366580605685,0.468577634608559,TRUE,0,6,lower,TRUE,TRUE,TRUE,1.0936399994344,804,TRUE
ENSMUSG00000040289,Hey1,6.31937093940157,111.42368714148,0.000000000000000000000000000303205952600786,0.0000000000000000000000000050201576336764,-2.30464938797355,-23.7511226590703,0.00000000000000000000000000000642646185854782,0.000000000000000000000000000128712622558979,-2.41809847314107,-2.91258039645882,-2.14090909784554,-3.52019078426594,-1.19688404808783,-1.63923352804212,-1.91863053969148,-2.69066823625563,0.202409738936127,TRUE,0,6,lower,TRUE,TRUE,TRUE,2.30464938797355,806,TRUE
ENSMUSG00000027805,Pfn2,7.65587064964263,93.8151497252956,0.00000000000000000000000000161648082509994,0.0000000000000000000000000251153512604316,1.19970104083892,22.4595989344922,0.0000000000000000000000000000080378708258261,0.000000000000000000000000000159209016860504,1.19140778272293,1.37754605618555,1.61611812198732,1.54373448494377,0.549872780869573,0.919527018324401,1.11913289519327,1.28026918648457,2.2969206865689,TRUE,6,0,higher,TRUE,TRUE,TRUE,1.19970104083892,815,TRUE
ENSMUSG00000027508,Pag1,6.76261511385917,112.682013675406,0.0000000000000000000000000000145976991999253,0.000000000000000000000000000269932025411677,-1.70754348191629,-22.4372971495714,0.00000000000000000000000000000845433532674581,0.000000000000000000000000000167048145874734,-1.66559047347084,-2.67168977564886,-1.39711231712423,-2.41215792182989,-0.538351608892048,-1.56035879453184,-1.20035146649571,-2.21473549733686,0.306180968909495,TRUE,0,6,lower,TRUE,TRUE,TRUE,1.70754348191629,817,TRUE
ENSMUSG00000026399,Cd55,7.91627605995419,159.286685174745,0.000000000000000000000000000648829437652677,0.0000000000000000000000000104115841073829,-1.82211946288322,-28.5071932191174,0.0000000000000000000000000000092797298279807,0.000000000000000000000000000182909253495839,-1.32200732312015,-2.26335881620463,-1.51307294325686,-2.23296853245084,-1.31892115709737,-2.28238800516948,-1.38466714115813,-2.25957178460832,0.282805196955551,TRUE,0,6,lower,TRUE,TRUE,TRUE,1.82211946288322,819,TRUE
ENSMUSG00000027536,Chmp4c,7.69705045183875,97.7062353964301,0.000000000000000000000000000572995695425858,0.0000000000000000000000000092314066978639,-1.14658568439021,-22.3472508679394,0.0000000000000000000000000000103713895104252,0.000000000000000000000000000203680463341599,-1.20214614132913,-1.78936525610285,-0.843217405580659,-1.35336315418708,-0.769966042670792,-0.921456106470741,-0.938443196526861,-1.35472817225356,0.451692954400456,TRUE,0,6,lower,TRUE,TRUE,TRUE,1.14658568439021,822,TRUE
ENSMUSG00000027022,Xirp2,9.54138150970984,585.059339829515,0.00000000000000000000000000000000100212716877432,0.000000000000000000000000000000026008583417241,-1.60269245659777,-36.7542311511071,0.0000000000000000000000000000114137123808566,0.000000000000000000000000000222795113620518,-0.457750452654588,-2.88713854073062,-0.237002256181547,-3.2524195562755,-0.812826152761188,-1.9690177809832,-0.502526287199108,-2.70285862599644,0.329261912731823,TRUE,0,6,lower,TRUE,TRUE,TRUE,1.60269245659777,827,TRUE
ENSMUSG00000022584,Ly6c2,6.41041294742383,132.964086068223,0.000000000000000000000000000000195348869356411,0.00000000000000000000000000000419350638034648,-1.85428754928876,-22.2903423403925,0.0000000000000000000000000000118053478532378,0.000000000000000000000000000229606904090143,-1.16116580338545,-2.18534320580825,-0.933778137434519,-2.29028438503849,-1.15063488610556,-3.40451887796032,-1.08185960897518,-2.62671548960235,0.276569208669812,TRUE,0,6,lower,TRUE,TRUE,TRUE,1.85428754928876,830,TRUE
ENSMUSG00000021596,Mctp1,4.64261173146428,127.140792432322,0.000000000000000000000000000000631046178340573,0.0000000000000000000000000000131106543847514,-3.31239412999815,-22.2614005948992,0.0000000000000000000000000000126103040507485,0.000000000000000000000000000244967675440713,-2.41963929493558,-4.05183429143445,-2.52828567378905,-4.4752901808175,-1.12948624022922,-5.26982909878311,-2.02580373631795,-4.59898452367835,0.100663032480761,TRUE,0,6,lower,TRUE,TRUE,TRUE,3.31239412999815,831,TRUE
ENSMUSG00000063605,Ccdc102a,9.31503924187624,139.084618809609,0.00000000000000000000000000076737089541375,0.0000000000000000000000000122286953254335,1.06440017773446,26.5453353227689,0.0000000000000000000000000000134677439186638,0.000000000000000000000000000260996146553409,1.02846919187834,1.46320027681517,0.808426500055505,1.30070677743652,0.609736086948717,1.1758622332725,0.815543926294187,1.31325642917473,2.09130020914218,TRUE,6,0,higher,TRUE,TRUE,TRUE,1.06440017773446,833,TRUE
ENSMUSG00000001270,Ckb,8.81077510441504,158.385195807747,0.000000000000000000000000000000159233054393432,0.00000000000000000000000000000343649625277161,-1.04779369827061,-23.7969424786317,0.0000000000000000000000000000147708369184765,0.000000000000000000000000000284881266875706,-0.642306817880693,-1.41125154515267,-1.06776924498989,-1.95755780832226,-0.0931645782757542,-1.11471219500237,-0.601080213715447,-1.49450718282577,0.483707328782114,TRUE,0,6,lower,TRUE,TRUE,TRUE,1.04779369827061,837,TRUE
ENSMUSG00000079243,Xirp1,8.27794309847519,293.098533849654,0.00000000000000000000000000000184337405433415,0.0000000000000000000000000000366472750728033,-1.96467688707501,-32.4611982934804,0.0000000000000000000000000000164731827986434,0.000000000000000000000000000316579273712501,-1.5595291902656,-2.94518068805306,-1.76963724850506,-3.87664197380924,-0.288430285646376,-1.34864193617073,-1.20586557480568,-2.72348819934434,0.256196578351991,TRUE,0,6,lower,TRUE,TRUE,TRUE,1.96467688707501,840,TRUE
ENSMUSG00000047996,Prrg1,7.91095313573403,97.1451424883446,0.000000000000000000000000000663880108894759,0.0000000000000000000000000106319609106033,1.13383728102383,22.1206881746718,0.0000000000000000000000000000173951935395462,0.000000000000000000000000000332320247702834,1.03170905909649,1.14502701935371,0.952933517116811,1.66648681796106,0.689423169226945,1.31744410338795,0.891355248480081,1.37631931356757,2.1944163569302,TRUE,6,0,higher,TRUE,TRUE,TRUE,1.13383728102383,845,TRUE
ENSMUSG00000021390,Ogn,14.0079833679082,970.518578477464,0.000000000000000000000000000372977238720252,0.00000000000000000000000000611887354132219,1.83305474425711,66.4366187032891,0.0000000000000000000000000000189162702083691,0.000000000000000000000000000360100648553894,1.735126670989,2.96340384408461,1.19021555694767,2.33416887425345,0.92737260316793,1.8480409161,1.28423827703487,2.38187121147935,3.56290679730828,TRUE,6,0,higher,TRUE,TRUE,TRUE,1.83305474425711,848,TRUE
ENSMUSG00000063727,Tnfrsf11b,5.03422066970307,87.7131056596741,0.00000000000000000000000000891301149969447,0.000000000000000000000000130565104028646,2.67179195981291,22.010206173914,0.0000000000000000000000000000224190215390647,0.000000000000000000000000000425776782006025,2.54283411644856,2.96079706770595,2.87139075343116,3.82155046325264,1.85991255261395,1.97426680542518,2.42471247416455,2.91887144546126,6.37220181679281,TRUE,6,0,higher,TRUE,TRUE,TRUE,2.67179195981291,850,TRUE
ENSMUSG00000036052,Dnajb5,8.21748925912341,115.510439602718,0.00000000000000000000000000000767717636807669,0.0000000000000000000000000001442755042024,-1.01649383734918,-21.7971214967248,0.0000000000000000000000000000366758743729001,0.000000000000000000000000000689241722935654,-0.603190615522259,-1.41442759842139,-1.0259058219935,-1.63801556639181,-0.320099582547041,-1.09732383921907,-0.649732006687601,-1.38325566801076,0.494316223812133,TRUE,0,6,lower,TRUE,TRUE,TRUE,1.01649383734918,859,TRUE
ENSMUSG00000024534,Sncaip,7.19318698070459,151.342394920648,0.00000000000000000000000000188037227093866,0.0000000000000000000000000290199326670772,2.22005211958062,27.4364653503012,0.000000000000000000000000000045234830450463,0.000000000000000000000000000846148166815555,2.20054277128151,3.00606969938448,1.64983496999301,3.0569142646684,1.23897971102414,2.16797130113218,1.69645248409955,2.74365175506169,4.65910266009379,TRUE,6,0,higher,TRUE,TRUE,TRUE,2.22005211958062,863,TRUE
ENSMUSG00000006457,Actn3,10.6861518446248,496.819841161129,0.000000000000000000000000000058131783541043,0.0000000000000000000000000010178106092224,-1.56230445972878,-43.4591273713267,0.0000000000000000000000000000583107808992903,0.00000000000000000000000000108445960375258,-1.20999910974723,-2.47642466310847,-1.3956438903643,-2.7776553481152,-0.311003147992954,-1.20310059904454,-0.972215382701496,-2.15239353675607,0.338609778179797,TRUE,0,6,lower,TRUE,TRUE,TRUE,1.56230445972878,868,TRUE
ENSMUSG00000000435,Myf5,7.97918037932455,162.214757012334,0.0000000000000000000000000000820691793206661,0.00000000000000000000000000142456210943388,-1.60842602722267,-26.219126312884,0.0000000000000000000000000000632585490947727,0.00000000000000000000000000116840132498503,-0.806790237916561,-2.11767728316685,-1.07176796380005,-2.16608665802363,-1.16668414419971,-2.32154987622924,-1.01508078197211,-2.20177127247324,0.327955954095757,TRUE,0,6,lower,TRUE,TRUE,TRUE,1.60842602722267,874,TRUE
ENSMUSG00000027966,Col11a1,5.31089872130622,153.047131651633,0.00000000000000000000000000438510132122325,0.0000000000000000000000000659112575684422,4.26853370054104,27.8555777894736,0.0000000000000000000000000000694836231921542,0.00000000000000000000000000128191329050394,4.34293284051772,5.88804645485658,3.84161349892368,5.88662794684416,2.02021398565062,3.63176747645346,3.40158677503067,5.1354806260514,19.2733266211078,TRUE,6,0,higher,TRUE,TRUE,TRUE,4.26853370054104,875,TRUE
ENSMUSG00000057346,Apol9a,7.59785786594753,119.513895744608,0.00000000000000000000000000000316760838400933,0.0000000000000000000000000000619064190593978,-1.09232562093062,-21.5045415793253,0.0000000000000000000000000000725442648398799,0.00000000000000000000000000133380645479519,-0.666707197264873,-1.31649303079763,-0.716672703225624,-1.73015462348662,-0.527880928704072,-1.59604524210492,-0.637086943064856,-1.54756429879639,0.469004730420892,TRUE,0,6,lower,TRUE,TRUE,TRUE,1.09232562093062,878,TRUE
ENSMUSG00000037206,Islr,8.75410287836025,284.118732107058,0.00000000000000000000000000537457965643162,0.0000000000000000000000000801865428777963,2.16087269306253,37.883021056895,0.0000000000000000000000000000775380891797906,0.00000000000000000000000000142400156271827,1.97138005286731,3.07041932840115,2.17510236166874,3.03990263478286,1.10601055365585,1.60242122699926,1.7508309893973,2.57091439672776,4.47185277923047,TRUE,6,0,higher,TRUE,TRUE,TRUE,2.16087269306253,879,TRUE
ENSMUSG00000028278,Rragd,7.52801102815865,85.634596353703,0.0000000000000000000000000163371391770673,0.000000000000000000000000233596490465366,-1.16684373702426,-21.4182726990807,0.0000000000000000000000000000888284202085583,0.00000000000000000000000000162580179980358,-1.15696033784418,-1.30649190538756,-1.22451133177748,-1.39190932410042,-0.601999004650976,-1.31919051838493,-0.994490224757548,-1.33919724929097,0.445394689833211,TRUE,0,6,lower,TRUE,TRUE,TRUE,1.16684373702426,882,TRUE
ENSMUSG00000036334,Igsf10,9.29721555823235,339.18739670601,0.00000000000000000000000000725125233110957,0.000000000000000000000000107096950028456,2.08278483798228,41.2643602596906,0.000000000000000000000000000112325678540515,0.00000000000000000000000000203054135350452,2.34131970045261,2.90778185152821,2.14193226193813,2.64681832456251,0.655066345740096,1.80379054367211,1.71277276937694,2.45279690658761,4.23624150302848,TRUE,6,0,higher,TRUE,TRUE,TRUE,2.08278483798228,893,TRUE
ENSMUSG00000073177,Gm773,6.49099323278794,103.470623691417,0.000000000000000000000000000131793390056658,0.00000000000000000000000000224898593624168,1.6584406332133,21.2539397382781,0.000000000000000000000000000130875081987136,0.00000000000000000000000000235794246486421,1.18145847136571,2.30593043369984,1.47980341802099,2.61876035027351,0.672207768002449,1.69248335791732,1.11115655246305,2.20572471396356,3.15675136277305,TRUE,6,0,higher,TRUE,TRUE,TRUE,1.6584406332133,896,TRUE
ENSMUSG00000004151,Etv1,6.4919156481341,91.8293550644811,0.00000000000000000000000000278597603804539,0.0000000000000000000000000424683769425559,-1.56316396874521,-21.2322327157621,0.000000000000000000000000000137773209996087,0.00000000000000000000000000247945699996303,-1.39863183334393,-2.51882431483849,-1.30639774269698,-1.81857031661261,-0.924327003481889,-1.41223260149739,-1.2097855265076,-1.91654241098283,0.338408105982271,TRUE,0,6,lower,TRUE,TRUE,TRUE,1.56316396874521,897,TRUE
ENSMUSG00000015568,Lpl,7.58575475867878,88.0725658859212,0.00000000000000000000000000803677639182975,0.000000000000000000000000118265889966552,-1.18467555784784,-21.2036631571195,0.000000000000000000000000000147418588243183,0.00000000000000000000000000265008716036715,-1.25516809495826,-1.33513156279566,-0.967261846587706,-1.55981278220307,-0.62299732062123,-1.3676817399211,-0.948475754055733,-1.42087536163994,0.439923459536595,TRUE,0,6,lower,TRUE,TRUE,TRUE,1.18467555784784,898,TRUE
ENSMUSG00000026208,Des,13.5464797228473,610.409226668339,0.000000000000000000000000000945463189419608,0.000000000000000000000000015022256168111,-1.26626552014344,-50.305256680245,0.000000000000000000000000000188720618491498,0.00000000000000000000000000337751324202688,-0.797067019464723,-1.68099929703985,-0.955720328982329,-1.94944059813411,-0.602518544450867,-1.61184733278874,-0.785101964299306,-1.74742907598757,0.415734528476501,TRUE,0,6,lower,TRUE,TRUE,TRUE,1.26626552014344,902,TRUE
ENSMUSG00000038527,C1rl,7.14819364218781,80.987974269034,0.0000000000000000000000000664845177539274,0.00000000000000000000000090265733397952,1.37767427024384,21.0297332695938,0.000000000000000000000000000222910870575789,0.00000000000000000000000000396742026869346,1.21762776026624,1.59352009406192,1.33935049212669,1.663851624597,0.890079406972858,1.56161624343836,1.1490192197886,1.60632932069909,2.59849137476946,TRUE,6,0,higher,TRUE,TRUE,TRUE,1.37767427024384,907,TRUE
ENSMUSG00000112854,Gm38403,6.1146848618759,101.658775544021,0.00000000000000000000000000152804491077232,0.0000000000000000000000000238330714923648,-2.2229732125118,-21.5376512930857,0.000000000000000000000000000407778399004025,0.00000000000000000000000000707824375819567,-1.47967271468224,-3.09855332249201,-2.55777181714863,-3.52380673417109,-0.911401319528338,-1.76663336704851,-1.6496152837864,-2.7963311412372,0.214199465840626,TRUE,0,6,lower,TRUE,TRUE,TRUE,2.2229732125118,930,TRUE
ENSMUSG00000030554,Synm,6.63485178274438,118.957163641515,0.000000000000000000000000000524692146052918,0.00000000000000000000000000849559209000226,2.0381294246339,22.6503383550838,0.000000000000000000000000000426645515551557,0.00000000000000000000000000737402415155117,1.93477698822449,2.83585273257982,1.8018990588727,3.26279663944152,0.468063073212334,1.92538805547251,1.40157970676984,2.67467914249795,4.10712661799704,TRUE,6,0,higher,TRUE,TRUE,TRUE,2.0381294246339,934,TRUE
ENSMUSG00000031586,Rbpms,5.2876049727704,99.0058753148168,0.000000000000000000000000000408621608660124,0.00000000000000000000000000667416083806319,-2.24733640136776,-20.6971338724003,0.000000000000000000000000000495189559392962,0.00000000000000000000000000851314702585791,-1.73649902930702,-3.23130810829895,-1.62131543811753,-3.20003509215366,-1.01639033653357,-2.67847040379585,-1.45806826798604,-3.03660453474949,0.210612591919705,TRUE,0,6,lower,TRUE,TRUE,TRUE,2.24733640136776,939,TRUE
ENSMUSG00000078866,Zfp970,7.21626382770058,116.926117590837,0.00000000000000000000000000000559584208945231,0.000000000000000000000000000106525564681638,-1.19733107708246,-20.6548546596291,0.000000000000000000000000000548458240863466,0.00000000000000000000000000939889743339589,-0.745414832204349,-1.63044002985705,-0.687195069824751,-1.87371370509369,-0.5137306027971,-1.7334922227178,-0.6487801682754,-1.74588198588951,0.436081267228344,TRUE,0,6,lower,TRUE,TRUE,TRUE,1.19733107708246,942,TRUE
ENSMUSG00000038402,Foxf2,7.0051639699617,82.6289716793517,0.0000000000000000000000000401770308584966,0.000000000000000000000000553866617548002,1.28394611166673,20.6520955485423,0.000000000000000000000000000552130438934296,0.00000000000000000000000000945179392970981,1.21366147243422,1.70836592522909,1.08485757515955,1.76215848112487,0.763627337924416,1.17100587812824,1.0207154618394,1.54717676149407,2.43504108064262,TRUE,6,0,higher,TRUE,TRUE,TRUE,1.28394611166673,943,TRUE
ENSMUSG00000028707,Dmbx1,6.07197018274861,113.024217986911,0.0000000000000000000000000000134951930629718,0.000000000000000000000000000250405634040866,-1.76921124112289,-20.5626076106193,0.000000000000000000000000000685804640772386,0.0000000000000000000000000116659054962999,-1.11700715230326,-2.46050649929052,-0.928762023517744,-2.80173536317095,-0.909157485779809,-2.39809892267506,-0.984975553866936,-2.55344692837884,0.29336908597508,TRUE,0,6,lower,TRUE,TRUE,TRUE,1.76921124112289,949,TRUE
ENSMUSG00000047686,Rtl3,3.27561725998946,117.650428532439,0.00000000000000000000000000000476639370233382,0.0000000000000000000000000000917090506993741,4.19255743753502,20.4842999350715,0.000000000000000000000000000829572292953974,0.0000000000000000000000000140375110326583,1.8576507036603,5.7876021965846,3.0905459970734,7.44910888422007,1.8168468012669,5.15359004240488,2.25501450066687,6.13010037440318,18.2846035043443,TRUE,6,0,higher,TRUE,TRUE,TRUE,4.19255743753502,954,TRUE
ENSMUSG00000043004,Gng2,7.92796694496865,77.1520429293542,0.000000000000000000000000223766251053293,0.00000000000000000000000289908394121454,1.01211302258148,20.451830197561,0.000000000000000000000000000897836450832926,0.0000000000000000000000000151450092223573,1.01293513605914,0.66329363725505,1.47289361657541,1.22736358039774,0.767258698210746,0.928933466990786,1.0843624836151,0.939863561547858,2.01686290722943,TRUE,6,0,higher,TRUE,TRUE,TRUE,1.01211302258148,957,TRUE
ENSMUSG00000031673,Cdh11,3.35116743112617,75.5713086023016,0.000000000000000000000000374766114572849,0.00000000000000000000000477494032166496,-4.75819003601667,-20.3079541227614,0.000000000000000000000000001276081399877,0.0000000000000000000000000213469243919321,-3.61247964408687,-5.33483847305651,-4.02075703156088,-6.12882322126407,-4.14452879704648,-5.30771304908522,-3.92592182423141,-5.59045824780193,0.036952350965128,TRUE,0,6,lower,TRUE,TRUE,TRUE,4.75819003601667,965,TRUE
ENSMUSG00000028527,Ak4,7.0862765826217,147.641733974372,0.0000000000000000000000000000000165434669032922,0.000000000000000000000000000000383708600890583,-1.46531346900396,-20.3574537831654,0.00000000000000000000000000137972987960506,0.0000000000000000000000000230330707822798,-0.925798499730521,-2.90112002032922,-0.727981389312176,-2.65124035663703,-0.238066570179043,-1.3476739778358,-0.630615486407247,-2.30001145160068,0.362156840594342,TRUE,0,6,lower,TRUE,TRUE,TRUE,1.46531346900396,967,TRUE
ENSMUSG00000031214,Ophn1,7.72073745529822,103.794956537352,0.000000000000000000000000000121604759027674,0.00000000000000000000000000207951867053362,-1.07744422047313,-20.2746921785063,0.00000000000000000000000000138450195684087,0.0000000000000000000000000230888585633081,-0.606433234332677,-1.69925015386507,-0.569453884985016,-1.36936110713556,-0.745095557199884,-1.47507138532058,-0.640327558839192,-1.51456088210707,0.473867551461025,TRUE,0,6,lower,TRUE,TRUE,TRUE,1.07744422047313,968,TRUE
ENSMUSG00000021768,Dusp13,6.21141645874543,96.7223348979147,0.000000000000000000000000000742149041717743,0.0000000000000000000000000118384505735667,-1.66067020101087,-20.272071846405,0.00000000000000000000000000139343084736275,0.0000000000000000000000000232137813921329,-1.22911811780597,-2.57613685460664,-1.4670610248787,-2.54722046906792,-0.607053281659483,-1.53743145804648,-1.10107747478138,-2.22026292724035,0.316292181476913,TRUE,0,6,lower,TRUE,TRUE,TRUE,1.66067020101087,969,TRUE
ENSMUSG00000046623,Gjb4,6.50668364260359,75.1575502040788,0.000000000000000000000000523558713123049,0.00000000000000000000000659267418560482,1.76628739796749,20.2906200400251,0.00000000000000000000000000162366737031872,0.0000000000000000000000000269105363029313,1.7140732627622,2.172830870027,1.34483687289795,1.95579996822972,1.33741247677614,2.07277093711191,1.4654408708121,2.06713392512288,3.40177423711591,TRUE,6,0,higher,TRUE,TRUE,TRUE,1.76628739796749,974,TRUE
ENSMUSG00000032503,Arpp21,5.61394454772341,101.581392675279,0.000000000000000000000000000211562952366625,0.00000000000000000000000000356871550684893,-2.16761047990826,-20.194628775162,0.00000000000000000000000000168547413154639,0.000000000000000000000000027890730038603,-1.64916831076252,-3.48119558400518,-2.29471229614169,-3.65835820570964,-0.447882166992132,-1.47434631583841,-1.46392092463211,-2.87130003518441,0.222579020368872,TRUE,0,6,lower,TRUE,TRUE,TRUE,2.16761047990826,975,TRUE
ENSMUSG00000038295,Atg9b,6.29745664285539,163.755476555102,0.000000000000000000000000000000000797834235536502,0.0000000000000000000000000000000210448334383427,-1.8574284939503,-20.1310404600523,0.0000000000000000000000000019713126521578,0.0000000000000000000000000324723470854933,-0.734473315010665,-3.45065150101202,-0.874405504660151,-3.96369894131059,-0.469975755056535,-1.65136594665182,-0.692951524909117,-3.02190546299148,0.275967734613407,TRUE,0,6,lower,TRUE,TRUE,TRUE,1.8574284939503,980,TRUE
ENSMUSG00000041112,Elmo1,5.82899062013718,83.1364300839147,0.0000000000000000000000000344442304583807,0.000000000000000000000000478513952056488,2.00517859100223,20.1254637559434,0.00000000000000000000000000199861821964392,0.0000000000000000000000000328885768804402,1.61623254043223,2.55971877573888,1.31158158815544,2.41654934221264,1.43647601744075,2.69051328203346,1.45476338200947,2.55559379999499,4.01438390326112,TRUE,6,0,higher,TRUE,TRUE,TRUE,2.00517859100223,981,TRUE
ENSMUSG00000021614,Vcan,13.9139223604627,366.925744347439,0.000000000000000000000000283302548109124,0.00000000000000000000000364410600328733,1.03112430921425,44.0303060319513,0.00000000000000000000000000210618557017361,0.0000000000000000000000000345530016862932,1.11493364264854,1.1711356836252,1.42679506792108,1.30417032349766,0.40652974107342,0.763181396519583,0.982752817214348,1.07949580121415,2.04361624518083,TRUE,6,0,higher,TRUE,TRUE,TRUE,1.03112430921425,984,TRUE
ENSMUSG00000026365,Cfh,11.6903579568167,366.350855725061,0.000000000000000000000000524763883031487,0.00000000000000000000000660269942617093,1.45608142184609,44.8353863654664,0.00000000000000000000000000234657932515703,0.0000000000000000000000000383409210992003,1.64677502531889,1.80866384394093,0.979417190027831,1.72603544336371,1.16670614010005,1.40889088832515,1.26429945181559,1.6478633918766,2.74362141545999,TRUE,6,0,higher,TRUE,TRUE,TRUE,1.45608142184609,988,TRUE
ENSMUSG00000034127,Tspan8,9.36269995712954,583.927444580466,0.000000000000000000000000296949040780527,0.00000000000000000000000381659901697456,3.68577113645583,55.2718051808512,0.00000000000000000000000000269506024022549,0.0000000000000000000000000438572151793952,4.42027585329497,4.9640866415722,4.09966222397978,4.71515026929203,1.39240909682308,2.5230427337729,3.30411572469928,4.06742654821238,12.8684923654376,TRUE,6,0,higher,TRUE,TRUE,TRUE,3.68577113645583,992,TRUE
ENSMUSG00000034898,Filip1,4.75699533655081,89.5972616248432,0.00000000000000000000000000520309959211652,0.000000000000000000000000077843963591786,-2.90312909863582,-19.9829822426744,0.00000000000000000000000000284314195550434,0.000000000000000000000000046173883891053,-2.49596783604535,-4.64190371896851,-3.03918814831237,-4.34467150684509,-0.918949550366772,-1.97809383127684,-2.15136851157483,-3.65488968569681,0.13368142305444,TRUE,0,6,lower,TRUE,TRUE,TRUE,2.90312909863582,994,TRUE
ENSMUSG00000039824,Myl6b,7.6449460998751,100.793959712657,0.000000000000000000000000000258308814636783,0.00000000000000000000000000432560082435849,-1.08702206345419,-19.8753177671988,0.00000000000000000000000000371545770736247,0.0000000000000000000000000600386724423948,-0.49342844582647,-0.527791774183431,-1.88534451929084,-2.00063020176258,-0.314800869887405,-1.30013656977441,-0.897857945001571,-1.27618618190681,0.470732033206509,TRUE,0,6,lower,TRUE,TRUE,TRUE,1.08702206345419,999,TRUE
ENSMUSG00000096956,Snhg18,7.72508426838875,86.0517855975302,0.0000000000000000000000000144511546038446,0.000000000000000000000000207548922393116,1.04766619104144,19.869664346483,0.00000000000000000000000000376814663434723,0.0000000000000000000000000608291911182673,0.940762140446153,1.52823925302197,0.632045393957584,1.36582886077297,0.596305845739436,1.22281565231053,0.723037793381057,1.37229458870182,2.06718311493586,TRUE,6,0,higher,TRUE,TRUE,TRUE,1.04766619104144,1000,TRUE
ENSMUSG00000041439,Mfsd6,7.29116458990283,130.805400253109,0.0000000000000000000000000498613812836538,0.000000000000000000000000682707614980511,-1.9407201858798,-24.6802964736946,0.00000000000000000000000000445005006098157,0.0000000000000000000000000712670219587555,-1.47254120958412,-2.54814400195014,-1.25240512118981,-2.50461242091994,-1.29899654355181,-2.567621818083,-1.34131429144191,-2.5401260803177,0.260486374302203,TRUE,0,6,lower,TRUE,TRUE,TRUE,1.9407201858798,1008,TRUE
ENSMUSG00000069255,Dusp22,6.86679130678261,154.863869697629,0.000000000000000000000000000206111390247169,0.00000000000000000000000000348768990855351,-2.0744380094427,-23.5827523094195,0.00000000000000000000000000513827245659215,0.0000000000000000000000000818019055885277,-1.24871819104625,-3.48532731610557,-1.00071937644169,-2.89452402937231,-1.07430517206237,-2.74303397162803,-1.10791424651677,-3.04096177236864,0.237428000444519,TRUE,0,6,lower,TRUE,TRUE,TRUE,2.0744380094427,1014,TRUE
ENSMUSG00000018387,Shroom1,7.11986880127569,72.4206376782437,0.00000000000000000000000107830396858269,0.0000000000000000000000132373087185021,1.09670154905772,19.6313533545641,0.00000000000000000000000000684094216316618,0.000000000000000000000000107739833502431,0.994910960581439,1.20184581794784,1.35273481574519,1.63519144722971,0.567255083270786,0.828271169571342,0.971633619865803,1.22176947824963,2.13865170620881,TRUE,6,0,higher,TRUE,TRUE,TRUE,1.09670154905772,1025,TRUE
ENSMUSG00000039578,Ccser1,6.8905430466776,78.6402433138185,0.000000000000000000000000138871150846322,0.00000000000000000000000182556757989591,1.42616424045004,19.6060601724223,0.00000000000000000000000000729024349405884,0.000000000000000000000000114369680004462,1.19964896835303,1.85083849753779,0.738665595500748,1.73232027083759,1.21501685006464,1.82049526040645,1.05111047130614,1.80121800959394,2.68731276525201,TRUE,6,0,higher,TRUE,TRUE,TRUE,1.42616424045004,1029,TRUE
ENSMUSG00000041695,Kcnj2,10.0909544428102,295.79520446168,0.0000000000000000000000018070446848675,0.0000000000000000000000216885668013503,1.74764594401664,40.3301735979873,0.00000000000000000000000000755357473285218,0.000000000000000000000000118270957238053,1.72827259133194,2.04158250717717,1.88580473623871,2.41582607060845,1.04662963222601,1.36776012651758,1.55356898659888,1.9417229014344,3.35810174913226,TRUE,6,0,higher,TRUE,TRUE,TRUE,1.74764594401664,1031,TRUE
ENSMUSG00000000627,Sema4f,6.07994981983761,150.676033697219,0.0000000000000000000000000000000152461842579264,0.000000000000000000000000000000355150292172735,-2.01138687030233,-19.7317038457174,0.00000000000000000000000000869438879248743,0.000000000000000000000000135345726400313,-0.744202023618153,-3.09652925009941,-0.395060582454326,-3.65056284537956,-0.946159721677616,-3.2358067985849,-0.695140775916698,-3.32763296468796,0.248034572283187,TRUE,0,6,lower,TRUE,TRUE,TRUE,2.01138687030233,1037,TRUE
ENSMUSG00000058656,Samd12,5.22292894307121,104.162603187428,0.00000000000000000000000000011103528299305,0.0000000000000000000000000019068538014434,-2.4289203676788,-19.5181817240612,0.00000000000000000000000000909774663128881,0.000000000000000000000000141216272950861,-1.54830431913926,-4.05643112111751,-1.08725798314594,-3.46631457388278,-1.35865014634841,-3.05656406243887,-1.33140414954454,-3.52643658581305,0.185704365108501,TRUE,0,6,lower,TRUE,TRUE,TRUE,2.4289203676788,1040,TRUE
ENSMUSG00000048078,Tenm4,6.43464186546188,125.653281584553,0.000000000000000000000000000000858240985451706,0.0000000000000000000000000000175819596803895,-1.59084057352966,-19.5029463741038,0.00000000000000000000000000945460465823904,0.000000000000000000000000146473784067133,-0.401086334103298,-2.25699362006108,-0.75367858314097,-2.19138446340257,-0.955105091177446,-2.98679534929258,-0.703290002807238,-2.47839114425208,0.331977973129392,TRUE,0,6,lower,TRUE,TRUE,TRUE,1.59084057352966,1042,TRUE
ENSMUSG00000027339,Rassf2,7.77532400699842,99.7853365378777,0.000000000000000000000000000334268819211311,0.00000000000000000000000000550622606992673,1.11164996157056,19.4799213578246,0.000000000000000000000000010021086551978,0.000000000000000000000000154656214348547,0.797349728858157,1.77770909045369,0.52507416957152,1.69097635883265,0.602240120880419,1.27655030082692,0.641554673103365,1.58174525003775,2.16092643888326,TRUE,6,0,higher,TRUE,TRUE,TRUE,1.11164996157056,1046,TRUE
ENSMUSG00000021388,Aspn,7.99739008820787,306.241815281119,0.000000000000000000000000000355099541344284,0.00000000000000000000000000583744592252625,2.20189768973324,31.0255929448699,0.000000000000000000000000013716380206767,0.000000000000000000000000209482994964844,1.12648539974915,3.07507030431764,0.575300298946441,3.20063444333828,1.33613399839249,3.89776169365543,1.01263989902936,3.39115548043712,4.60084128823671,TRUE,6,0,higher,TRUE,TRUE,TRUE,2.20189768973324,1057,TRUE
ENSMUSG00000047842,Diras2,4.84445688249292,88.2874849750293,0.00000000000000000000000000755595648202441,0.000000000000000000000000111393429670612,-2.67239593812615,-19.3093023435044,0.0000000000000000000000000154481673565256,0.000000000000000000000000234820871597357,-1.96663370329241,-3.38037491582028,-1.8020505800856,-3.83676542386008,-1.31776808286514,-3.73078292283341,-1.69548412208105,-3.64930775417126,0.156865942180423,TRUE,0,6,lower,TRUE,TRUE,TRUE,2.67239593812615,1062,TRUE
ENSMUSG00000034330,Plcg2,6.20326112922309,84.1615698810525,0.0000000000000000000000000253016351565758,0.000000000000000000000000354860379090012,-1.81804131274891,-19.2396584157167,0.00000000000000000000000001844823445881,0.000000000000000000000000279109511591912,-1.17645790419993,-2.41246239010928,-1.31313280583775,-2.64807009604958,-1.07837305976968,-2.27975162052727,-1.18932125660245,-2.44676136889538,0.2836057498358,TRUE,0,6,lower,TRUE,TRUE,TRUE,1.81804131274891,1067,TRUE
ENSMUSG00000003665,Has1,7.4156399280697,75.8477205604489,0.000000000000000000000000342216422901234,0.00000000000000000000000437402986135758,-1.12490341349593,-19.2097009458281,0.0000000000000000000000000199146915754398,0.000000000000000000000000300451276731145,-0.720528674621416,-1.1142046534576,-0.800243302104203,-1.26928171564847,-1.02911677194921,-1.81604536319469,-0.849962916224944,-1.39984391076692,0.458532718727208,TRUE,0,6,lower,TRUE,TRUE,TRUE,1.12490341349593,1069,TRUE
ENSMUSG00000006542,Prkag3,6.27930620117665,93.428601642286,0.00000000000000000000000000395796517699526,0.0000000000000000000000000597693469150931,-1.86581158537839,-19.4461072711811,0.0000000000000000000000000211199954479968,0.000000000000000000000000318338082648938,-0.504412235113999,-1.1369945153074,-2.80852349973234,-3.67136734746606,-0.93378416068291,-2.13978775396762,-1.41557329850975,-2.31604987224703,0.274368814365357,TRUE,0,6,lower,TRUE,TRUE,TRUE,1.86581158537839,1071,TRUE
ENSMUSG00000026255,Efhd1,7.70907887615624,260.392738117292,0.000000000000000000000000000105024180863661,0.00000000000000000000000000180554350551871,-2.06228879870276,-27.7771729078524,0.000000000000000000000000022097163318483,0.000000000000000000000000332756070382715,-0.766897301320832,-2.7930031866471,-0.923249044640293,-3.2895279709666,-0.926951940876833,-3.67410334776489,-0.872366095612653,-3.25221150179286,0.239435869484087,TRUE,0,6,lower,TRUE,TRUE,TRUE,2.06228879870276,1072,TRUE
ENSMUSG00000051747,Ttn,13.6462662571569,729.109682757526,0.0000000000000000000000000384308556733095,0.00000000000000000000000053115522528616,-1.82574225660823,-51.99042156154,0.0000000000000000000000000221703780768119,0.000000000000000000000000333547449481803,-1.55527076628601,-3.34277801513919,-1.51460520513473,-2.96424456836436,-0.350201534021625,-1.22735345070347,-1.14002583514746,-2.511458678069,0.28209592745806,TRUE,0,6,lower,TRUE,TRUE,TRUE,1.82574225660823,1073,TRUE
ENSMUSG00000044788,Fads6,7.09682322708017,84.58216722824,0.00000000000000000000000387212602404664,0.0000000000000000000000451645450911741,1.65516969592465,21.135121597823,0.0000000000000000000000000277602273311892,0.000000000000000000000000415322845048552,1.30280328230138,1.68762890676729,1.87556098107874,2.29313687609375,0.940765632917794,1.83112249638893,1.37304329876597,1.93729609308332,3.14960235410969,TRUE,6,0,higher,TRUE,TRUE,TRUE,1.65516969592465,1079,TRUE
ENSMUSG00000039457,Ppl,6.31313208807591,131.41236508313,0.000000000000000000000000050554423887367,0.000000000000000000000000691024610341884,2.5712431522737,23.5975269828043,0.0000000000000000000000000298125605057826,0.000000000000000000000000445202742132145,1.16416874616994,2.51952549395771,1.76410301933361,3.54387297446662,2.13163582178838,4.3041528579259,1.68663586243065,3.45585044211675,5.94321326926147,TRUE,6,0,higher,TRUE,TRUE,TRUE,2.5712431522737,1081,TRUE
ENSMUSG00000031709,Tbc1d9,7.21813153360707,116.419272400751,0.00000000000000000000000000000626409454726932,0.00000000000000000000000000011896620973714,-1.23708216350914,-19.027414861924,0.0000000000000000000000000317784923933664,0.000000000000000000000000473247419470584,-0.823534310486369,-2.25898405202052,-0.472846486208052,-2.19483673346123,-0.556320462482981,-1.11597093639569,-0.617567086392467,-1.85659724062581,0.424229789682508,TRUE,0,6,lower,TRUE,TRUE,TRUE,1.23708216350914,1084,TRUE
ENSMUSG00000038963,Slco4a1,3.95953520586841,81.6921083351886,0.0000000000000000000000000535035040125422,0.000000000000000000000000729482318643977,-3.70163901076806,-18.9716662635896,0.0000000000000000000000000366851578345598,0.00000000000000000000000054281255996636,-2.57498011860647,-5.06177774773535,-2.89604445364077,-5.16601761817876,-1.83549080311556,-4.67552332333147,-2.43550512512093,-4.96777289641519,0.076859158393822,TRUE,0,6,lower,TRUE,TRUE,TRUE,3.70163901076806,1091,TRUE
ENSMUSG00000019838,Slc16a10,6.19855474521331,87.9171246110176,0.00000000000000000000000000840419624298296,0.000000000000000000000000123335399954976,-1.67728054445043,-18.8580899727347,0.0000000000000000000000000491979846201078,0.000000000000000000000000721347017004905,-1.1124528334885,-2.42952996247621,-1.18635944535767,-2.7200361983351,-0.793749026702018,-1.82155580034307,-1.03085376851606,-2.3237073203848,0.312671462462995,TRUE,0,6,lower,TRUE,TRUE,TRUE,1.67728054445043,1100,TRUE
ENSMUSG00000050447,Lypd6,6.90272760909145,78.6884614616187,0.00000000000000000000000013675947691893,0.00000000000000000000000179927321589429,-1.21831173165169,-18.7389155942097,0.0000000000000000000000000670334488021837,0.000000000000000000000000971383271107407,-1.33088853624707,-1.92126119317133,-1.38285874133241,-1.91385379066866,-0.328292872653369,-0.432715255837278,-1.01401338341095,-1.42261007989242,0.429785366821113,TRUE,0,6,lower,TRUE,TRUE,TRUE,1.21831173165169,1114,TRUE
ENSMUSG00000051043,Gprc5c,5.34693944581717,102.438334073281,0.000000000000000000000000283036726778157,0.00000000000000000000000364359001625182,-3.0545513049967,-21.3710541862249,0.0000000000000000000000000766562365701236,0.00000000000000000000000110487645263527,-2.26104413794846,-4.05152823353734,-2.99041915761307,-5.08671208171461,-1.18993016177179,-2.74767405739493,-2.14713115244444,-3.96197145754896,0.120361733471641,TRUE,0,6,lower,TRUE,TRUE,TRUE,3.0545513049967,1120,TRUE
ENSMUSG00000091345,Col6a5,3.59245255787209,62.1808424546045,0.0000000000000000000000452285239830861,0.000000000000000000000475031921053324,3.58458467594444,18.6538986584399,0.0000000000000000000000000836587656728643,0.0000000000000000000000012025854445744,3.54723352757461,3.28827861989209,4.7375940454,4.47802295081118,2.18861977358415,3.26775913840463,3.49114911551958,3.6780202363693,11.9968577533319,TRUE,6,0,higher,TRUE,TRUE,TRUE,3.58458467594444,1123,TRUE
ENSMUSG00000026628,Atf3,6.55175913169387,103.50843856872,0.000000000000000000000000000130561276629845,0.00000000000000000000000000223031818903236,-1.55780381726197,-18.5873662069101,0.0000000000000000000000000995482361759444,0.00000000000000000000000142718221721871,-0.820705625080634,-2.63340913937153,-0.772333941589381,-2.67679498970221,-0.833344003688711,-1.61023520413933,-0.808794523452909,-2.30681311107102,0.339667757211344,TRUE,0,6,lower,TRUE,TRUE,TRUE,1.55780381726197,1126,TRUE
ENSMUSG00000042258,Isl1,5.19394000541007,59.6191846799207,0.000000000000000000000125103203191303,0.00000000000000000000126379287178798,2.33801909917018,18.5659794457605,0.000000000000000000000000105281404905927,0.00000000000000000000000150670010584786,2.73310388072827,2.92178952793126,2.27926805688847,2.40323342375205,1.66377675512752,2.02694295059353,2.22538289758142,2.45065530075894,5.05607932845618,TRUE,6,0,higher,TRUE,TRUE,TRUE,2.33801909917018,1128,TRUE
ENSMUSG00000029757,Dync1i1,7.31358617232266,97.293284119075,0.0000000000000000000000762289612198578,0.000000000000000000000785800843532672,-1.87176867311819,-23.5599057847893,0.000000000000000000000000118478112586985,0.00000000000000000000000168956905608808,-1.9751875089258,-2.51540589497254,-1.98565911341461,-1.73977793026729,-1.46037723393607,-1.55420435719283,-1.80707461875883,-1.93646272747755,0.273238243259941,TRUE,0,6,lower,TRUE,TRUE,TRUE,1.87176867311819,1132,TRUE
ENSMUSG00000004951,Hspb1,10.7384871987541,368.458559548075,0.000000000000000000000000133942553713371,0.00000000000000000000000176653157238149,-1.38597405216924,-36.8028619034753,0.000000000000000000000000157260858611011,0.00000000000000000000000222689652680487,-0.808982925615096,-2.11883574029308,-0.798055735079437,-2.10631034216886,-0.652584928795585,-1.8310746410634,-0.753207863163373,-2.01874024117511,0.38263107426838,TRUE,0,6,lower,TRUE,TRUE,TRUE,1.38597405216924,1140,TRUE
ENSMUSG00000039167,Adgrl4,6.16633861221578,67.438872470088,0.00000000000000000000000624363460196754,0.0000000000000000000000713312055057056,1.70677398919299,18.3645084250848,0.000000000000000000000000178828407220031,0.00000000000000000000000251904622840573,1.47532498804982,2.03115269996478,1.45483147076614,2.38707064206697,0.947306815971739,1.94495731833847,1.29248775826257,2.12106022012341,3.2643007632562,TRUE,6,0,higher,TRUE,TRUE,TRUE,1.70677398919299,1146,TRUE
ENSMUSG00000030399,Ckm,4.71139497223178,78.182376864267,0.000000000000000000000000160687795129323,0.00000000000000000000000210379811579291,-2.83096889299591,-18.3584067908813,0.000000000000000000000000181732684873957,0.00000000000000000000000255772513680932,-2.73055688278353,-4.06543339342409,-2.90171669725595,-4.9115787794618,-0.647286557317441,-1.72924104773264,-2.09318671245231,-3.56875107353951,0.140537895680127,TRUE,0,6,lower,TRUE,TRUE,TRUE,2.83096889299591,1147,TRUE
ENSMUSG00000032358,Fam83b,5.71829072142124,99.5698870184085,0.0000000000000000000000000127481880863754,0.000000000000000000000000184238138118494,-2.34485099556108,-19.4534596628692,0.000000000000000000000000195154336032604,0.00000000000000000000000273470177654021,-1.59370992090579,-3.31281993203144,-1.60250196011134,-3.86552527596453,-0.834595111017441,-2.85995377333592,-1.34360233067819,-3.34609966044396,0.196847323879065,TRUE,0,6,lower,TRUE,TRUE,TRUE,2.34485099556108,1152,TRUE
ENSMUSG00000074207,Adh1,3.36764700502719,74.5230618434109,0.000000000000000000000000530356490117892,0.00000000000000000000000666268079375341,4.06988913586627,18.2649378186182,0.00000000000000000000000023271265184384,0.0000000000000000000000032385175333751,2.69104043203952,4.1815438780261,2.34145664329198,5.32496729696615,3.37452332716825,6.50580323770564,2.80234013416658,5.33743813756596,16.7941763371849,TRUE,6,0,higher,TRUE,TRUE,TRUE,4.06988913586627,1160,TRUE
ENSMUSG00000005360,Slc1a3,9.42483673767698,423.584126229027,0.0000000000000000000000261276688059264,0.000000000000000000000281749470630641,3.56875865883975,46.8763531965891,0.00000000000000000000000026505507876629,0.00000000000000000000000367277608285341,2.79299912244562,4.74294014681057,3.00634942029985,4.48672570509661,2.53993760009006,3.84359995829578,2.77976204761184,4.35775527006766,11.865974305833,TRUE,6,0,higher,TRUE,TRUE,TRUE,3.56875865883975,1164,TRUE
ENSMUSG00000037990,Sh3rf3,7.38214666633525,66.516553335371,0.000000000000000000000039508745430709,0.000000000000000000000417948674631674,1.2685095945393,18.7554608070102,0.000000000000000000000000282426726868789,0.00000000000000000000000390343720192025,1.91536905103082,1.89915535928581,0.975452247152882,0.887558063684317,0.865234018937906,1.06828882714405,1.25201843904054,1.28500075003806,2.40912557320577,TRUE,6,0,higher,TRUE,TRUE,TRUE,1.2685095945393,1168,TRUE
ENSMUSG00000041923,Nol4,7.29018252382375,85.4770514512879,0.0000000000000000000000000171141065324036,0.000000000000000000000000243842031555685,-1.015933209845,-18.188315180497,0.00000000000000000000000028519780764463,0.00000000000000000000000393499846906604,-0.931055475005308,-1.55585576948454,-0.771365895951731,-1.76045427806578,-0.204186244107226,-0.872681596455403,-0.635535871688088,-1.39633054800191,0.494508351126234,TRUE,0,6,lower,TRUE,TRUE,TRUE,1.015933209845,1170,TRUE
ENSMUSG00000104235,Gm37589,6.22978003337517,65.6134369418328,0.0000000000000000000000122240976792855,0.000000000000000000000136186065449762,1.63655292672064,18.1650478612243,0.000000000000000000000000303403125296983,0.00000000000000000000000417904151166313,2.1516952168616,2.62573630881687,1.34872759466611,1.82528706422369,0.709830417169834,1.15804095858571,1.40341774289918,1.86968811054209,3.10922048540357,TRUE,6,0,higher,TRUE,TRUE,TRUE,1.63655292672064,1172,TRUE
ENSMUSG00000032265,Fam46a,7.21661030285218,69.8619027714644,0.00000000000000000000000262152150066763,0.0000000000000000000000310030927364671,1.11003315252256,18.1120130806939,0.000000000000000000000000349435794085456,0.0000000000000000000000047845140152006,0.792361271779935,1.41079248055363,0.828492029216862,1.4994453084892,0.700632133965641,1.4284756911301,0.773828478320813,1.44623782672431,2.15850607399665,TRUE,6,0,higher,TRUE,TRUE,TRUE,1.11003315252256,1179,TRUE
ENSMUSG00000031375,Bgn,14.8136414582649,385.505109630897,0.0000000000000000000000690417202821916,0.000000000000000000000713534244888233,1.26327534228234,45.9724202141435,0.000000000000000000000000359754468458341,0.00000000000000000000000491329643343739,1.39085163226146,1.73865498724361,1.01919302148884,1.27276793593733,0.837876330809856,1.32030814595298,1.08264032818672,1.44391035637797,2.40040084407845,TRUE,6,0,higher,TRUE,TRUE,TRUE,1.26327534228234,1182,TRUE
ENSMUSG00000040270,Bach2,7.09409117547605,57.942612334316,0.00000000000000000000024849287927073,0.00000000000000000000244003683094124,1.25106686251454,18.0715887855903,0.000000000000000000000000389236626038214,0.00000000000000000000000528909667856472,1.17339571823435,1.38487953224529,1.15097465947988,1.53944366142746,0.919350786825731,1.33835681687452,1.08124038817999,1.42089333684909,2.38017370054842,TRUE,6,0,higher,TRUE,TRUE,TRUE,1.25106686251454,1188,TRUE
ENSMUSG00000040287,Stac3,6.73189632369514,86.2655845429269,0.0000000000000000000000000135734629196756,0.000000000000000000000000195639653493146,-1.3984365270328,-18.0547709888848,0.000000000000000000000000407122606009801,0.00000000000000000000000552748547419362,-1.3245783474221,-2.329057425447,-1.52484664067759,-2.51204047760329,-0.0369677980504832,-0.663128472996334,-0.962130928716724,-1.83474212534887,0.379340016129968,TRUE,0,6,lower,TRUE,TRUE,TRUE,1.3984365270328,1189,TRUE
ENSMUSG00000037621,Atoh8,7.2024221175537,63.1807669085529,0.0000000000000000000000307017320226538,0.000000000000000000000328441391677734,1.11198651866391,18.0294410731617,0.000000000000000000000000435648916875127,0.00000000000000000000000589495428760702,0.960616174021772,1.64575255170557,1.25916122862379,1.38125869110514,0.644690286519664,0.780440180007508,0.954822563055075,1.26915047427274,2.16143060638774,TRUE,6,0,higher,TRUE,TRUE,TRUE,1.11198651866391,1193,TRUE
ENSMUSG00000020340,Cyfip2,4.69175497878621,68.3789985628011,0.00000000000000000000000444457805043269,0.0000000000000000000000514328483642545,-2.60016900721928,-18.0287802022928,0.000000000000000000000000436419744613588,0.00000000000000000000000590043880845657,-1.36219586553624,-2.15577400180143,-2.76019826111007,-3.70631272384578,-1.80435541147894,-3.81217777954324,-1.97558317937508,-3.22475483506348,0.164919167949371,TRUE,0,6,lower,TRUE,TRUE,TRUE,2.60016900721928,1194,TRUE
ENSMUSG00000097248,Gm2694,5.89107270035372,70.9337644834426,0.0000000000000000000000018007628743385,0.0000000000000000000000216292522919988,1.59175418100931,18.0132179623369,0.000000000000000000000000454976806383951,0.00000000000000000000000614104564001348,1.87445467237903,2.69243056542974,0.755348085120057,1.8874574805027,0.927631097421253,1.41320318520306,1.18581128497345,1.99769707704517,3.01415619708273,TRUE,6,0,higher,TRUE,TRUE,TRUE,1.59175418100931,1196,TRUE
ENSMUSG00000022044,Stmn4,6.13571273851902,106.189657257558,0.000000000000000000000000000495901399190868,0.00000000000000000000000000806989545074413,-1.89486164206505,-18.5156713140297,0.000000000000000000000000515446948648435,0.00000000000000000000000692827651293229,-0.950106537945011,-2.42091558402619,-0.756669632413826,-3.29598412515805,-1.02033955351261,-2.92515441933462,-0.909038574623814,-2.88068470950629,0.26889938447751,TRUE,0,6,lower,TRUE,TRUE,TRUE,1.89486164206505,1201,TRUE
ENSMUSG00000028116,Myoz2,4.27943462244862,74.7025400564294,0.000000000000000000000000499591573749581,0.00000000000000000000000630070841799959,-3.06326392000022,-17.8881742999783,0.000000000000000000000000636364243383646,0.00000000000000000000000848292979433707,-2.19501100688963,-3.43947008692973,-3.38993971853776,-5.88295534155652,-1.11395028523912,-2.35825708084855,-2.2329670035555,-3.89356083644494,0.119637044421382,TRUE,0,6,lower,TRUE,TRUE,TRUE,3.06326392000022,1211,TRUE
ENSMUSG00000035835,Plppr3,6.39583815032015,79.5385589690457,0.000000000000000000000000104525964520488,0.00000000000000000000000139221340367511,-1.52122158874788,-17.8744899992602,0.000000000000000000000000660231296019285,0.00000000000000000000000878657362872161,-0.921549368864878,-2.19283523498661,-1.04106794833192,-1.95085415837543,-0.781942296356786,-2.23908052557169,-0.914853204517862,-2.12758997297791,0.34839079496029,TRUE,0,6,lower,TRUE,TRUE,TRUE,1.52122158874788,1213,TRUE
ENSMUSG00000040093,Bmf,8.0571028641996,77.2805349989188,0.000000000000000000000104767384664409,0.00000000000000000000106435487138927,1.1773545971286,20.1665985898168,0.000000000000000000000000794948768295055,0.0000000000000000000000105187360381861,1.22576430385291,0.699136548955277,1.45204941479882,1.5463196652666,0.807820960197343,1.33303668970067,1.16187822628303,1.19283096797418,2.261616944246,TRUE,6,0,higher,TRUE,TRUE,TRUE,1.1773545971286,1220,TRUE
ENSMUSG00000045288,Ush1g,5.15568333369844,63.3533888383366,0.000000000000000000000583999644533821,0.00000000000000000000555212382903973,2.77157430169222,18.9778748373989,0.0000000000000000000000008067279905603,0.0000000000000000000000106658558162284,2.5033562853325,3.07754708012925,2.33870942286623,3.2249387555245,2.35967265146315,3.1252216148377,2.40057945322062,3.14256915016381,6.82852651371043,TRUE,6,0,higher,TRUE,TRUE,TRUE,2.77157430169222,1221,TRUE
ENSMUSG00000018411,Mapt,5.91470979891862,71.5200394016542,0.00000000000000000000000146945532426008,0.0000000000000000000000177955118526111,-1.66755159631878,-17.7705121152037,0.000000000000000000000000873934326495259,0.0000000000000000000000115355043602723,-0.671914039319231,-1.30614435558663,-1.52032623014941,-2.14726226840045,-1.4389177824613,-2.92074490199569,-1.21038601730998,-2.12471717532759,0.314787117077487,TRUE,0,6,lower,TRUE,TRUE,TRUE,1.66755159631878,1223,TRUE
ENSMUSG00000045092,S1pr1,7.01991234834201,58.195672715853,0.000000000000000000000223800447162529,0.00000000000000000000220159087053304,-1.15950695340429,-17.7587360292092,0.000000000000000000000000902200287592708,0.0000000000000000000000118794610461738,-1.10171777507572,-0.965117104609819,-1.58881681545835,-1.39801787018132,-0.680632423122948,-1.22273973197756,-1.12372233788567,-1.1952915689229,0.447665500736099,TRUE,0,6,lower,TRUE,TRUE,TRUE,1.15950695340429,1226,TRUE
ENSMUSG00000054753,AU018091,6.67457257373004,75.4637164586295,0.000000000000000000000000388288138198635,0.00000000000000000000000493942901098547,-1.36592613181377,-17.7405930027828,0.000000000000000000000000947575886006284,0.0000000000000000000000124464747988604,-1.09518732954533,-2.16986804576332,-1.21782800973264,-2.21659875272045,-0.451066123337599,-1.04500852978328,-0.921360487538523,-1.81049177608902,0.387985292067505,TRUE,0,6,lower,TRUE,TRUE,TRUE,1.36592613181377,1229,TRUE
ENSMUSG00000027009,Itga4,7.3868508266838,135.399037443244,0.00000000000000000000000726417168940236,0.0000000000000000000000823765968248718,-2.01052535036709,-24.6071655477199,0.000000000000000000000000960996273976663,0.0000000000000000000000126022443954551,-1.8448742761692,-3.15784528751049,-1.73301846218944,-3.16170876892108,-0.987771625969926,-1.17793368144241,-1.52188812144286,-2.49916257929133,0.248182732870067,TRUE,0,6,lower,TRUE,TRUE,TRUE,2.01052535036709,1231,TRUE
ENSMUSG00000043496,Tril,5.60485754498232,60.2433144322558,0.000000000000000000000117858498156475,0.00000000000000000000119359456445419,2.11212019160381,17.7967912510564,0.000000000000000000000000981772672244752,0.0000000000000000000000128642502013369,2.14802193005576,2.69244672948947,2.22971020743058,2.88653126345088,0.957244701039998,1.7587663181562,1.77832561284211,2.44591477036551,4.32326176613006,TRUE,6,0,higher,TRUE,TRUE,TRUE,2.11212019160381,1232,TRUE
ENSMUSG00000029337,Fgf5,5.16526381868177,104.719985389995,0.0000000000000000000000000000967905893595906,0.00000000000000000000000000166576810664379,-2.37087980463887,-17.7141078273413,0.00000000000000000000000101800830147488,0.0000000000000000000000133282303412076,-0.982266596311298,-3.96696913706233,-0.550656898538357,-3.69542199252268,-1.56426864984702,-3.46569555355154,-1.03239738156556,-3.70936222771218,0.193327690417401,TRUE,0,6,lower,TRUE,TRUE,TRUE,2.37087980463887,1233,TRUE
ENSMUSG00000059674,Cdh24,7.66420862753521,65.1500247297982,0.0000000000000000000000145347143403214,0.000000000000000000000160378601227483,1.04422407225442,17.6997144999937,0.00000000000000000000000105848947042021,0.0000000000000000000000138469979910806,1.23332032488615,1.66788256479758,0.800129314793401,1.32196545956849,0.420936560776815,0.821110208704102,0.818128733485456,1.27031941102339,2.06225691225551,TRUE,6,0,higher,TRUE,TRUE,TRUE,1.04422407225442,1234,TRUE
ENSMUSG00000030222,Rerg,6.01626500514404,55.4854865389896,0.000000000000000000000700844708942226,0.0000000000000000000066162199628388,1.70197839621673,17.6784656938648,0.00000000000000000000000112125807894082,0.0000000000000000000000146207343847671,2.15409880011288,1.59757285388072,1.63664613694953,1.59677716389398,1.30355282114954,1.92322260131374,1.69809925273732,1.70585753969615,3.25346807277597,TRUE,6,0,higher,TRUE,TRUE,TRUE,1.70197839621673,1238,TRUE
ENSMUSG00000070509,Rgma,7.85450661596348,75.0499730293168,0.0000000000000000000000012002789641987,0.0000000000000000000000146677542157908,-1.02937040108475,-17.9493694699742,0.00000000000000000000000126372321963215,0.0000000000000000000000163726195301137,-0.833069092816611,-1.56400262504633,-1.05457346468838,-1.67685789696243,-0.281859518441767,-0.765859808552992,-0.723167358648921,-1.33557344352058,0.489923907249601,TRUE,0,6,lower,TRUE,TRUE,TRUE,1.02937040108475,1246,TRUE
ENSMUSG00000042367,Gjb3,7.01490593915281,63.4557771300751,0.0000000000000000000000276242551683069,0.000000000000000000000296698836448422,1.12982195133573,17.5569627359173,0.00000000000000000000000156017211132102,0.0000000000000000000000200524350263178,1.04714771584716,1.79792078424059,0.612752493710145,0.81961500018007,1.00970234032417,1.49179337371227,0.889867516627157,1.36977638604431,2.18831731701628,TRUE,6,0,higher,TRUE,TRUE,TRUE,1.12982195133573,1256,TRUE
ENSMUSG00000079092,Prl2c2,4.82664495216733,54.5225206381496,0.00000000000000000000106342130830334,0.00000000000000000000994600821549297,-2.58275705786611,-17.4314014550329,0.00000000000000000000000219866938539573,0.0000000000000000000000279033961387133,-2.42439390380985,-2.27724982597995,-2.93455236033045,-3.79249126125226,-2.04595098911039,-2.02190400671376,-2.4682990844169,-2.69721503131533,0.166921644258164,TRUE,0,6,lower,TRUE,TRUE,TRUE,2.58275705786611,1272,TRUE
ENSMUSG00000027562,Car2,6.71246526001076,70.0274211322404,0.0000000000000000000000030563164962694,0.0000000000000000000000360132242330489,1.42701456516874,17.4825112578053,0.00000000000000000000000229514742627428,0.0000000000000000000000290820760614958,0.743355177217222,1.57514621213667,1.2905701995818,2.38797164998342,0.833633669921121,1.7314104821722,0.955853015573382,1.8981761147641,2.6888971347511,TRUE,6,0,higher,TRUE,TRUE,TRUE,1.42701456516874,1274,TRUE
ENSMUSG00000067780,Pi15,9.50819137965745,202.024997086213,0.000000000000000000000522558775248433,0.00000000000000000000499447383590021,1.68614867173182,33.0848631451632,0.00000000000000000000000272729701066297,0.0000000000000000000000343959028461972,1.38270720283228,0.96247553283216,2.09176070984928,1.92584265732097,1.5313584982225,2.22274742933373,1.66860880363469,1.70368853982895,3.21796508246184,TRUE,6,0,higher,TRUE,TRUE,TRUE,1.68614867173182,1280,TRUE
ENSMUSG00000052852,Reep1,5.67046444110213,88.9088644545896,0.00000000000000000000000000632636299323582,0.0000000000000000000000000939526014717625,-1.65864285057254,-17.3024949286289,0.00000000000000000000000313250943747953,0.0000000000000000000000393832553342928,-0.658235064105136,-1.67448924026926,-0.99746100287814,-2.86572470762867,-0.930035381530105,-2.82591170702393,-0.861910482837793,-2.45537521830729,0.316736964216309,TRUE,0,6,lower,TRUE,TRUE,TRUE,1.65864285057254,1284,TRUE
ENSMUSG00000023960,Enpp5,6.67447498579712,71.769259606709,0.0000000000000000000000013483803624412,0.0000000000000000000000163660933766078,-1.37326319648696,-17.2672871907731,0.00000000000000000000000345158112508514,0.0000000000000000000000432599954210012,-0.753802129383086,-1.9430568448383,-0.747094118144845,-1.76499532322343,-1.05308188493532,-1.97754887839676,-0.851326044154416,-1.8952003488195,0.386017137508796,TRUE,0,6,lower,TRUE,TRUE,TRUE,1.37326319648696,1288,TRUE
ENSMUSG00000027750,Postn,11.5313088325182,255.968369961568,0.00000000000000000000014507543896357,0.00000000000000000000145372613978207,1.19517407081033,35.2110254140736,0.0000000000000000000000034977572512391,0.0000000000000000000000437707715556224,0.720301705556556,0.669449610167501,1.42875119333537,1.73998455936339,0.884230119663195,1.72832723677597,1.01109433951837,1.37925380210229,2.28972457512254,TRUE,6,0,higher,TRUE,TRUE,TRUE,1.19517407081033,1290,TRUE
ENSMUSG00000022519,Srl,8.96364475030404,235.308084281113,0.000000000000000000000020832284302515,0.000000000000000000000226309263455922,-1.8377951664471,-31.4989404693065,0.0000000000000000000000038079779891329,0.0000000000000000000000475790934044678,-1.49846188757633,-1.9772920324675,-2.44930274743887,-3.64945016276778,-0.399627463218772,-1.05263670521332,-1.44913069941132,-2.22645963348287,0.279748991145158,TRUE,0,6,lower,TRUE,TRUE,TRUE,1.8377951664471,1292,TRUE
ENSMUSG00000038540,Tmc3,4.6405257703788,62.5792473345147,0.00000000000000000000003873461711882,0.000000000000000000000410028146983024,-2.60430349422163,-17.2165384530456,0.00000000000000000000000397047551995042,0.0000000000000000000000495710644381745,-2.2877738576351,-4.14929628946974,-2.27696019131531,-3.38462058751266,-1.2559643423803,-2.27120569701668,-1.94023279711023,-3.26837419133303,0.164447217859246,TRUE,0,6,lower,TRUE,TRUE,TRUE,2.60430349422163,1293,TRUE
ENSMUSG00000034551,Hdx,6.11419321884357,90.4593620245953,0.0000000000000000000000000040810459405536,0.0000000000000000000000000614555266962283,-1.56947805015057,-17.1411207631844,0.00000000000000000000000489171809244205,0.0000000000000000000000607438501279169,-0.85709351072196,-1.88551999615581,-0.832511432354137,-2.18341442196739,-0.676114524404419,-2.98221441529973,-0.788573155826838,-2.35038294447431,0.336930269519341,TRUE,0,6,lower,TRUE,TRUE,TRUE,1.56947805015057,1300,TRUE
ENSMUSG00000022040,Ephx2,4.93090252698017,52.6390345777846,0.00000000000000000000244794021104743,0.0000000000000000000223766131522869,2.38961775411345,17.1260807481388,0.00000000000000000000000509994562355961,0.0000000000000000000000631837468926498,1.44323266385413,2.16802994347183,2.89721339203983,3.20246309157933,2.46544574345675,2.16132169027881,2.26863059978357,2.51060490844332,5.24018503053184,TRUE,6,0,higher,TRUE,TRUE,TRUE,2.38961775411345,1303,TRUE
ENSMUSG00000027955,Fam198b,6.94782030830836,62.2665196881257,0.0000000000000000000000437426901857683,0.000000000000000000000460925749131108,1.27182145163166,17.1096515969964,0.00000000000000000000000533770101214265,0.0000000000000000000000660279750490566,1.72116580341211,1.77396674930581,1.03081880721686,1.88332126033903,0.432288156627785,0.789367932888381,1.06142425575225,1.48221864751107,2.41466232515082,TRUE,6,0,higher,TRUE,TRUE,TRUE,1.27182145163166,1305,TRUE
ENSMUSG00000038271,Iffo1,9.56350861464855,134.727028230211,0.0000000000000000000000719926285763421,0.000000000000000000000743079925260799,-1.07324026598378,-24.852235969669,0.00000000000000000000000540170364793442,0.0000000000000000000000667685313848434,-1.10463986318489,-1.43059668173616,-1.14216939004121,-1.64408687261013,-0.19663017331229,-0.921318615017988,-0.81447980884613,-1.33200072312143,0.475250395970641,TRUE,0,6,lower,TRUE,TRUE,TRUE,1.07324026598378,1306,TRUE
ENSMUSG00000046180,4930550L24Rik,6.16929119257642,53.4879758784129,0.00000000000000000000167598934708954,0.0000000000000000000154426347203575,-1.46074584286936,-17.1042273484962,0.00000000000000000000000541864290008818,0.0000000000000000000000669266659036905,-1.22356754581986,-0.746948920718285,-1.73513819572513,-1.84247263199839,-1.43849845419774,-1.77784930875678,-1.46573473191424,-1.45575695382449,0.363305259624966,TRUE,0,6,lower,TRUE,TRUE,TRUE,1.46074584286936,1307,TRUE
ENSMUSG00000062184,Hs6st2,2.56035434018337,64.5613229673542,0.0000000000000000000000181381861244117,0.000000000000000000000198511687190765,-4.20340802945817,-17.0885611537905,0.00000000000000000000000565947890120765,0.0000000000000000000000698478347876109,-3.57111834454007,-5.95488537755547,-3.55424209607563,-6.160575106747,-1.60692427582867,-4.3727029760022,-2.91076157214813,-5.49605448676822,0.0542810323966099,TRUE,0,6,lower,TRUE,TRUE,TRUE,4.20340802945817,1308,TRUE
ENSMUSG00000020140,Lgr5,7.90720004404834,300.271060986926,0.00000000000000000000049822533291335,0.00000000000000000000476754685786616,3.86075827125295,39.1871815989817,0.00000000000000000000000594522751423246,0.0000000000000000000000732065657988213,4.68802235572657,5.03488048247259,4.50874028972973,5.18651671174636,1.19374529043694,2.55264449740552,3.46350264529775,4.25801389720816,14.5279402709172,TRUE,6,0,higher,TRUE,TRUE,TRUE,3.86075827125295,1311,TRUE
ENSMUSG00000040605,Bace2,4.62054613569318,79.2318889674929,0.000000000000000000000000115134999229491,0.00000000000000000000000152596411540367,-2.30991445182969,-17.0412922026315,0.0000000000000000000000064540423334453,0.0000000000000000000000792301181663936,-1.50248156368998,-3.55133050139705,-1.44605550193031,-2.92580886291181,-0.883402684151864,-3.55040759689711,-1.27731324992405,-3.34251565373532,0.201672398114572,TRUE,0,6,lower,TRUE,TRUE,TRUE,2.30991445182969,1315,TRUE
ENSMUSG00000085057,Gm13415,4.78909608230442,68.4544690807473,0.00000000000000000000000432571321882192,0.0000000000000000000000500932485591408,-2.38087115293787,-17.0342192335572,0.0000000000000000000000065823112982767,0.0000000000000000000000807433520426146,-1.64465676222063,-2.90832889190696,-1.61138487379773,-3.42721821609418,-1.28789392067801,-3.40574425292969,-1.51464518556546,-3.24709712031028,0.191993429876057,TRUE,0,6,lower,TRUE,TRUE,TRUE,2.38087115293787,1316,TRUE
ENSMUSG00000095799,Gm8332,6.21192755985899,61.189048550986,0.000000000000000000000605867024220214,0.00000000000000000000575324198352171,1.79824519513616,17.7721613656679,0.00000000000000000000000735041078201628,0.0000000000000000000000896206051768042,2.17150567788622,2.06412863258827,2.527299555882,2.22619881162175,0.608515814877198,1.1918226779615,1.76910701621514,1.82738337405717,3.47796929298487,TRUE,6,0,higher,TRUE,TRUE,TRUE,1.79824519513616,1324,TRUE
ENSMUSG00000032122,Slc37a2,7.19465930265084,81.2360490517358,0.00000000000000000000000321551543987638,0.0000000000000000000000377787960305127,-1.3588321239099,-18.2083269016545,0.00000000000000000000000740075185951952,0.0000000000000000000000901662922779046,-0.977565182880851,-1.93363126237806,-0.964288362882318,-2.10697236162665,-0.561194772673474,-1.60934080101802,-0.834349439478881,-1.88331480834091,0.38989778827948,TRUE,0,6,lower,TRUE,TRUE,TRUE,1.3588321239099,1325,TRUE
ENSMUSG00000036867,Smad6,6.13931007980712,56.3223741216174,0.000000000000000000000490215479597963,0.00000000000000000000469646794489609,1.51420588016094,16.948560268097,0.00000000000000000000000835749997718153,0.000000000000000000000101439941452362,1.27750695355326,2.21142371160284,1.28273064321133,1.854441523363,0.986469007218278,1.47266344201692,1.18223553466096,1.84617622566092,2.85641555579117,TRUE,6,0,higher,TRUE,TRUE,TRUE,1.51420588016094,1330,TRUE
ENSMUSG00000103807,Trbv6,5.2493164761407,63.381556800349,0.00000000000000000000127844715963138,0.0000000000000000000118950850132157,2.62113202640678,18.2642593981333,0.00000000000000000000000978775722204697,0.000000000000000000000117901272120491,1.74224686789917,2.6591063663646,2.32674207509112,3.2981584876876,2.19663335876346,3.50390500263471,2.08854076725125,3.1537232855623,6.15232632165955,TRUE,6,0,higher,TRUE,TRUE,TRUE,2.62113202640678,1340,TRUE
ENSMUSG00000032549,Rab6b,6.34036890226469,53.9656074709725,0.00000000000000000000135726096644683,0.0000000000000000000125921056214662,1.27447083409164,16.8291386550917,0.0000000000000000000000116745912508462,0.000000000000000000000139809292702084,1.106492395137,1.32361952872668,0.970572863843358,1.70690273060453,0.98187057932643,1.55736690691182,1.0196452794356,1.52929638874768,2.41910071408604,TRUE,6,0,higher,TRUE,TRUE,TRUE,1.27447083409164,1348,TRUE
ENSMUSG00000070780,Rbm47,4.56470391308529,58.4042774186646,0.000000000000000000000205361438718129,0.00000000000000000000202761449860963,-2.43173866948145,-16.7769410410936,0.0000000000000000000000135179233271819,0.000000000000000000000161047849646271,-2.02282506711387,-3.51266203096517,-2.04611107995759,-3.53615691615226,-1.4249804984287,-2.04769642427111,-1.83130554850005,-3.03217179046285,0.185341946119867,TRUE,0,6,lower,TRUE,TRUE,TRUE,2.43173866948145,1355,TRUE
ENSMUSG00000062077,Trim54,5.1172992994536,62.1423057144294,0.0000000000000000000000459137828476064,0.000000000000000000000481602466867388,-1.85735543114988,-16.7408300431335,0.0000000000000000000000149635483012463,0.000000000000000000000177484614421028,-1.3639241386871,-1.68838610423913,-2.53471293516068,-3.43010214595698,-0.568999579284952,-1.55800768357042,-1.48921221771091,-2.22549864458884,0.275981710876937,TRUE,0,6,lower,TRUE,TRUE,TRUE,1.85735543114988,1361,TRUE
ENSMUSG00000037280,Galnt6,3.3753043603363,58.7489323631826,0.000000000000000000000178266788180217,0.00000000000000000000177202017339485,-3.88778262405966,-16.7264374288779,0.0000000000000000000000155825661179317,0.000000000000000000000184555660192055,-2.97402837831335,-5.0123951330478,-3.5256712556592,-5.73390882799071,-1.9248702579448,-4.15582189140211,-2.80818996397245,-4.96737528414687,0.0675555156880135,TRUE,0,6,lower,TRUE,TRUE,TRUE,3.88778262405966,1363,TRUE
ENSMUSG00000033581,Igf2bp2,8.71311538152834,214.219429816221,0.000000000000000000000103667785499549,0.00000000000000000000105517595291249,-1.91259493987844,-30.2003899678946,0.0000000000000000000000161273160061582,0.00000000000000000000019086749434561,-1.30455776468248,-2.68841210338437,-1.37082375254716,-2.67058073656096,-0.960746395338147,-2.48044888675751,-1.2120426375226,-2.61314724223428,0.265614361712248,TRUE,0,6,lower,TRUE,TRUE,TRUE,1.91259493987844,1364,TRUE
ENSMUSG00000018500,Adora2b,7.18593453991854,65.484324108978,0.0000000000000000000000128268321486788,0.000000000000000000000142605751636448,-1.07692358467409,-16.7018218884398,0.0000000000000000000000167021028961549,0.000000000000000000000197525309196064,-0.741044165071125,-1.54155228899442,-0.725055764176569,-0.965136067417054,-0.724258203454692,-1.7644950189307,-0.730119377567462,-1.42372779178072,0.474038590333483,TRUE,0,6,lower,TRUE,TRUE,TRUE,1.07692358467409,1365,TRUE
ENSMUSG00000029153,Ociad2,6.78226346370025,80.9951342585854,0.0000000000000000000000000663372682003752,0.000000000000000000000000901416263096513,-1.28837943280018,-16.621826870756,0.0000000000000000000000209362963878532,0.000000000000000000000245442725191804,-0.722252395287927,-1.89594048300441,-0.425786983004288,-1.54439135939407,-0.832598803779947,-2.30930657233044,-0.660212727357388,-1.91654613824298,0.409410658629507,TRUE,0,6,lower,TRUE,TRUE,TRUE,1.28837943280018,1377,TRUE
ENSMUSG00000030638,Sh3gl3,6.31921429790361,48.730505332406,0.0000000000000000000149999703206799,0.00000000000000000012852681575729,1.51970592919671,16.6150292043637,0.0000000000000000000000213428786341592,0.00000000000000000000024984633052301,1.64664844729451,1.9080274159528,1.48079876859027,1.75143964023181,0.980815825227539,1.35050547788331,1.36942101370411,1.66999084468931,2.86732597693959,TRUE,6,0,higher,TRUE,TRUE,TRUE,1.51970592919671,1379,TRUE
ENSMUSG00000026068,Il18rap,5.54817266651723,56.4537992611972,0.000000000000000000000463645667878735,0.00000000000000000000444719668245182,-1.80238220494479,-16.5877868804593,0.000000000000000000000023054298919787,0.000000000000000000000269100178931397,-1.23753267598012,-2.86393491022475,-1.7749744377575,-2.05952055801057,-1.44540493187664,-1.43292571581918,-1.48597068187142,-2.11879372801817,0.286700791993763,TRUE,0,6,lower,TRUE,TRUE,TRUE,1.80238220494479,1383,TRUE
ENSMUSG00000118029,ENSMUSG00000118029,5.94979439577478,67.4464572773127,0.00000000000000000000000622643521672467,0.0000000000000000000000711850876087722,-1.54471197001917,-16.5254229983094,0.0000000000000000000000275154613586415,0.000000000000000000000320246642186409,-1.25399397486986,-2.57702294493881,-1.30201809917052,-2.29727493675811,-0.402720631064375,-1.43524123331333,-0.986244235034918,-2.10317970500342,0.34276412630176,TRUE,0,6,lower,TRUE,TRUE,TRUE,1.54471197001917,1387,TRUE
ENSMUSG00000020908,Myh3,9.00029967036397,331.977683780197,0.00000000000000000000044058383868844,0.00000000000000000000424111205005814,-3.06096614600413,-37.9423646885303,0.0000000000000000000000382013043932939,0.000000000000000000000440173916360416,-3.13869191367798,-4.38279651597942,-3.21063825939388,-5.40075973591585,-0.855677654493306,-1.37723279656437,-2.40166927585506,-3.72026301615321,0.119827741632665,TRUE,0,6,lower,TRUE,TRUE,TRUE,3.06096614600413,1401,TRUE
ENSMUSG00000028020,Glrb,7.5980626513075,48.8314011996812,0.0000000000000000000168555283848912,0.000000000000000000143891483192649,-1.00375953396009,-16.4456605986642,0.0000000000000000000000408223680293968,0.000000000000000000000469035933877973,-0.898636044594668,-1.10438564784972,-0.882797097584349,-1.19702481724103,-0.751140835125812,-1.18857276136494,-0.844191325768276,-1.1633277421519,0.498698741036163,TRUE,0,6,lower,TRUE,TRUE,TRUE,1.00375953396009,1405,TRUE
ENSMUSG00000022754,Tmem45a,6.85023983017638,55.8109730466856,0.000000000000000000000609556114526096,0.00000000000000000000578147141997342,1.20206946310021,16.3759607822707,0.000000000000000000000042119445705269,0.000000000000000000000483594745391292,1.16179828120914,1.81996705045527,0.85864524525566,1.37693101998266,0.623649054836391,1.3714261268621,0.881364193767065,1.52277473243335,2.3006945582259,TRUE,6,0,higher,TRUE,TRUE,TRUE,1.20206946310021,1406,TRUE
ENSMUSG00000037846,Rtkn2,7.02572487772294,56.9548328820794,0.000000000000000000000375284157780312,0.0000000000000000000036276719515255,-1.07049005631569,-16.337623957277,0.0000000000000000000000469991751831597,0.000000000000000000000537328388797271,-0.684026143009969,-0.889634925526877,-0.767139978996472,-1.65132485879517,-0.941671429727884,-1.48914300183778,-0.797612517244775,-1.34336759538661,0.476157229911444,TRUE,0,6,lower,TRUE,TRUE,TRUE,1.07049005631569,1412,TRUE
ENSMUSG00000037010,Apln,6.25462578066783,69.0673105687371,0.00000000000000000000000347436288158888,0.0000000000000000000000407310384876466,1.48866642622165,16.3259291095802,0.0000000000000000000000485990541617134,0.000000000000000000000554441364899322,1.4712422572916,2.55857784231931,0.452374250355579,1.69793462725819,0.749451302300181,2.00241827780501,0.891022603315786,2.0863102491275,2.80629451764053,TRUE,6,0,higher,TRUE,TRUE,TRUE,1.48866642622165,1415,TRUE
ENSMUSG00000027796,Smad9,6.79071764411268,58.2720972514214,0.000000000000000000000823468914258607,0.00000000000000000000774665424410064,1.37410111385292,16.7407439386018,0.0000000000000000000000510622619651466,0.000000000000000000000581310363119437,0.786473167498472,1.73944803068877,1.2245034891627,2.01980417373723,1.01048494568195,1.4638928763484,1.00715386744771,1.74104836025814,2.59206359389672,TRUE,6,0,higher,TRUE,TRUE,TRUE,1.37410111385292,1418,TRUE
ENSMUSG00000027460,Angpt4,5.95796165771295,82.3568683605549,0.000000000000000000000288442144599528,0.00000000000000000000281348733551068,2.30800686762972,19.1332663030033,0.00000000000000000000006114561736023,0.000000000000000000000692197546315703,0.913572993193582,2.79826809899582,2.0739080508009,3.34347250716938,1.68865386843019,3.03016568718841,1.55871163747489,3.05730209778454,4.95198473611853,TRUE,6,0,higher,TRUE,TRUE,TRUE,2.30800686762972,1426,TRUE
ENSMUSG00000003282,Plag1,6.52631903427808,66.9709086172666,0.000000000000000000000060004872248833,0.000000000000000000000623332466353224,-1.52995108536199,-16.8651784899861,0.0000000000000000000000621690570330889,0.000000000000000000000702797680451788,-0.996742176236323,-1.87010004558668,-1.0139106565949,-2.18041492885014,-0.90329640181824,-2.21524230308565,-0.971316411549821,-2.08858575917416,0.346289107775932,TRUE,0,6,lower,TRUE,TRUE,TRUE,1.52995108536199,1428,TRUE
ENSMUSG00000045083,Lingo2,5.78070723713217,70.1113936144352,0.00000000000000000000000240102287473825,0.000000000000000000000028478848102057,-1.63929457337472,-16.2297200052117,0.0000000000000000000000640447237361924,0.00000000000000000000072298879389745,-0.89921913581638,-2.65531448972126,-1.23166436560803,-2.57228890635031,-0.689734868673192,-1.78754567407915,-0.940206123365868,-2.33838302338357,0.321013400171167,TRUE,0,6,lower,TRUE,TRUE,TRUE,1.63929457337472,1430,TRUE
ENSMUSG00000057836,Xlr3a,6.67378260703225,50.2208528307801,0.00000000000000000000741158523824342,0.0000000000000000000653799019130948,1.08892824213605,16.1292320422167,0.0000000000000000000000855395143816316,0.000000000000000000000956277271927063,1.20114300380549,1.5739846315259,0.716601601731492,1.09922779828474,0.704753499897242,1.23785891757142,0.874166035144743,1.30369044912736,2.1271595408749,TRUE,6,0,higher,TRUE,TRUE,TRUE,1.08892824213605,1444,TRUE
ENSMUSG00000020303,Stc2,7.00560626353099,85.4849733757394,0.0000000000000000000000000170741386751417,0.000000000000000000000000243487474057255,-1.14872383796255,-16.0633415473888,0.000000000000000000000103479684320389,0.00000000000000000000115205003033382,-0.863365013611607,-1.58645377711424,-0.438228265616424,-1.84551028101658,-0.258375625043469,-1.90041006537296,-0.519989634757167,-1.77745804116793,0.451024016368557,TRUE,0,6,lower,TRUE,TRUE,TRUE,1.14872383796255,1450,TRUE
ENSMUSG00000040170,Fmo2,2.68735467750005,59.6351788212068,0.000000000000000000000124296728098949,0.00000000000000000000125643211127197,4.09729761414452,16.0025756192429,0.000000000000000000000123397851070323,0.0000000000000000000013672007617215,0.955766259063897,3.7148112579439,2.90758858612271,5.91650899242664,4.68642717872673,6.40268341058325,2.84992734130444,5.3446678869846,17.1162839671455,TRUE,6,0,higher,TRUE,TRUE,TRUE,4.09729761414452,1457,TRUE
ENSMUSG00000031877,Ces2g,5.63632295427866,48.4441119111873,0.0000000000000000000172112193524216,0.000000000000000000146772696252584,1.70402196973255,15.9735777187929,0.000000000000000000000134232416499869,0.00000000000000000000148418760243656,2.0255363555167,2.44483936328819,0.893984089745174,1.40024591403045,1.41603703498861,2.04348906082615,1.44518582675016,1.96285811271493,3.25807986678445,TRUE,6,0,higher,TRUE,TRUE,TRUE,1.70402196973255,1460,TRUE
ENSMUSG00000026950,Neb,10.0886751197405,297.102428980712,0.00000000000000000000184234606975538,0.0000000000000000000169464345322285,-2.35157171406463,-36.0284032342257,0.000000000000000000000145112685002171,0.00000000000000000000160010524179648,-2.27890928452503,-2.97641636166389,-2.56572342258784,-4.20372129548698,-0.477197829645252,-1.60746209047881,-1.77394351225271,-2.92919991587656,0.195932453629324,TRUE,0,6,lower,TRUE,TRUE,TRUE,2.35157171406463,1464,TRUE
ENSMUSG00000040483,Xaf1,6.46204244414788,52.412026458256,0.00000000000000000000271126702314614,0.0000000000000000000246719185764645,-1.32892893564917,-15.9381093114211,0.000000000000000000000148806219552971,0.00000000000000000000163524765299088,-0.706408149120561,-1.50929781258124,-0.874292738650918,-1.637907172252,-1.36501194269007,-1.88065579860021,-0.981904276820516,-1.67595359447782,0.398063656747742,TRUE,0,6,lower,TRUE,TRUE,TRUE,1.32892893564917,1469,TRUE
ENSMUSG00000037138,Aff3,3.61969583146869,68.0201072410677,0.00000000000000000000000598201504834001,0.0000000000000000000000685363157738486,3.5073098477202,15.9113370000049,0.000000000000000000000182989158605221,0.00000000000000000000199324830456416,1.42504414797826,3.78314191751958,1.47233706059601,4.57612295084768,3.23832514156098,6.54888786781867,2.04523545004508,4.96938424539531,11.3711782720102,TRUE,6,0,higher,TRUE,TRUE,TRUE,3.5073098477202,1482,TRUE
ENSMUSG00000045573,Penk,3.19976239888252,52.0412189881559,0.00000000000000000000339686810602747,0.0000000000000000000307892430295348,3.93003422550546,15.8797573966594,0.00000000000000000000018599337422632,0.00000000000000000000202460623070498,3.52907818107849,4.40858089985242,4.99218617470998,6.25236664948202,1.13333261707079,3.26466083083907,3.21819899095309,4.64186946005784,15.2425695686567,TRUE,6,0,higher,TRUE,TRUE,TRUE,3.93003422550546,1483,TRUE
ENSMUSG00000044716,Dok7,6.16523923563709,60.2403046402969,0.000000000000000000000097423299886775,0.000000000000000000000994752896946369,-1.49228213657804,-15.8158627008955,0.000000000000000000000212518932999442,0.0000000000000000000023009343631187,-1.36761946139331,-2.16345865202689,-1.42527238810602,-2.61596923033739,-0.308641360215182,-1.07273172738948,-1.03384440323817,-1.95071986991792,0.355449833307355,TRUE,0,6,lower,TRUE,TRUE,TRUE,1.49228213657804,1490,TRUE
ENSMUSG00000049641,Vgll2,6.29933811238274,128.95949865617,0.0000000000000000000000000150200483282513,0.000000000000000000000000215336270126963,-1.95376871011651,-18.2951930656986,0.000000000000000000000216363896060639,0.00000000000000000000234099354832902,-1.31843530732098,-3.81421218655411,-0.704182955042488,-3.45855645646494,-0.100042651216709,-2.3271827040998,-0.707553637860058,-3.19998378237295,0.258141015187006,TRUE,0,6,lower,TRUE,TRUE,TRUE,1.95376871011651,1492,TRUE
ENSMUSG00000036894,Rap2b,8.93878767755581,110.316509455342,0.000000000000000000000228428949481632,0.00000000000000000000224575428226674,-1.04050643381437,-20.8363650325025,0.000000000000000000000275872138524705,0.00000000000000000000296695798281433,-0.674966909399126,-1.67184652025116,-0.593538258982344,-1.59329759620385,-0.628247892371084,-1.08114142567866,-0.632251020250851,-1.44876184737789,0.486156786591284,TRUE,0,6,lower,TRUE,TRUE,TRUE,1.04050643381437,1501,TRUE
ENSMUSG00000026407,Cacna1s,5.29060938044217,86.1774079199369,0.000000000000000000000408352065431801,0.00000000000000000000393788972058875,-2.91754545436991,-18.8977090703112,0.000000000000000000000296557312897209,0.00000000000000000000318094664591338,-2.29045980409527,-3.9058476188456,-3.16735996581954,-5.3791403879479,-0.655576201416723,-2.10688874809443,-2.03779865711051,-3.79729225162931,0.132352242617889,TRUE,0,6,lower,TRUE,TRUE,TRUE,2.91754545436991,1505,TRUE
ENSMUSG00000001027,Scn4a,3.92502327932563,55.0344377171892,0.000000000000000000000851350048665563,0.00000000000000000000799496441862023,-2.77688585678724,-15.5987874945478,0.000000000000000000000401910455730683,0.00000000000000000000427125772670205,-2.45443682530744,-2.55676536445027,-3.45688319197857,-5.35277136681482,-0.84508207929709,-1.99537631287524,-2.25213403219436,-3.30163768138011,0.145906306092511,TRUE,0,6,lower,TRUE,TRUE,TRUE,2.77688585678724,1519,TRUE
ENSMUSG00000033389,Arhgap44,7.2946504409543,50.0339166145751,0.00000000000000000000808908976102075,0.0000000000000000000710457976127083,-1.01281934799958,-15.5136043392422,0.000000000000000000000516878193339628,0.00000000000000000000544645213778173,-0.796793349769033,-1.41459602514893,-0.881272099044559,-1.30377110472132,-0.525962513088202,-1.15452099622543,-0.734675987300598,-1.29096270869856,0.49557683309735,TRUE,0,6,lower,TRUE,TRUE,TRUE,1.01281934799958,1532,TRUE
ENSMUSG00000022790,Igsf11,6.87082014488705,77.9022610617041,0.000000000000000000000000175757656239456,0.00000000000000000000000228995629110051,-1.08137325843998,-15.5131978353081,0.000000000000000000000517500185637482,0.00000000000000000000544944911725106,-0.67914065568644,-1.5893357992658,-0.208192192453307,-1.19441540116288,-0.655742917752736,-2.1614125843187,-0.514358588630828,-1.64838792824912,0.47257877554214,TRUE,0,6,lower,TRUE,TRUE,TRUE,1.08137325843998,1533,TRUE
ENSMUSG00000041476,Smpx,4.08159338729171,51.4676103762965,0.00000000000000000000416399269772477,0.0000000000000000000373233393222493,-2.5869391664245,-15.4830037273481,0.000000000000000000000565886969313851,0.00000000000000000000594346997113436,-2.24429734850185,-2.38128399465872,-3.25840407129143,-4.73075078619031,-0.935669307630526,-1.97122949027416,-2.14612357580794,-3.02775475704106,0.16643846965451,TRUE,0,6,lower,TRUE,TRUE,TRUE,2.5869391664245,1537,TRUE
ENSMUSG00000070866,Zfp804a,3.65850367717496,43.9530387145206,0.000000000000000000163080700713086,0.00000000000000000129749223834961,3.16520581129372,15.4612800562579,0.000000000000000000000603515166920997,0.00000000000000000000632222280311853,3.34502134438646,3.95517085084471,2.50922992076584,3.57028370932618,2.0759899137766,3.53553912866253,2.64341372630963,3.68699789627781,8.97060825765994,TRUE,6,0,higher,TRUE,TRUE,TRUE,3.16520581129372,1541,TRUE
ENSMUSG00000097289,2010300F17Rik,5.80082598571025,44.2969843129012,0.000000000000000000136397113670027,0.00000000000000000109056889845233,1.43983992707783,15.4304128920458,0.000000000000000000000661388638744468,0.00000000000000000000691054808754171,1.69073543809516,2.00881152031362,1.61527354758452,1.72480220365393,0.749818600182886,0.849598252636846,1.35194252862086,1.5277373255348,2.71290762998562,TRUE,6,0,higher,TRUE,TRUE,TRUE,1.43983992707783,1545,TRUE
ENSMUSG00000033152,Podxl2,5.77951141903668,46.7930399440932,0.0000000000000000000385376287979888,0.000000000000000000320346519920666,1.43713841495995,15.3737179620725,0.000000000000000000000782763878797319,0.00000000000000000000814710334972606,1.10117518578248,1.88374999491287,1.34943956988135,2.0650220335215,0.896554077516096,1.32688962814539,1.11572294439331,1.75855388552658,2.70783234032856,TRUE,6,0,higher,TRUE,TRUE,TRUE,1.43713841495995,1551,TRUE
ENSMUSG00000023094,Msrb2,4.44139658017405,53.9948178743767,0.00000000000000000000133993282906035,0.0000000000000000000124384908910415,-2.13555834211679,-15.3691903670463,0.000000000000000000000793380682837675,0.00000000000000000000824696996976728,-1.38508239259456,-2.67687704892286,-1.54831547988196,-3.5927216165686,-1.44577351421431,-2.16458000051845,-1.45972379556361,-2.81139288866997,0.227579365119537,TRUE,0,6,lower,TRUE,TRUE,TRUE,2.13555834211679,1553,TRUE
ENSMUSG00000057766,Ankrd29,6.92434209036846,52.4642025748813,0.00000000000000000000264825402900424,0.0000000000000000000241393364145767,1.05547303520024,15.3151519355913,0.000000000000000000000931958082569969,0.00000000000000000000963779585325241,0.510412008869496,1.17365039111988,0.920176728828637,1.51609307958038,0.709457444493142,1.50304855830993,0.713348727397092,1.39759734300339,2.07839956680308,TRUE,6,0,higher,TRUE,TRUE,TRUE,1.05547303520024,1561,TRUE
ENSMUSG00000038515,Grtp1,6.52487859559729,43.9048504238564,0.00000000000000000016722974400651,0.00000000000000000132984717118083,-1.02999297450859,-15.2786105869427,0.00000000000000000000103934623300652,0.0000000000000000000107071896869332,-0.654816656018881,-1.01075285364894,-1.1444267974404,-1.39006384465108,-0.750594713627923,-1.22930298166434,-0.849946055695736,-1.21003989332145,0.489712533540566,TRUE,0,6,lower,TRUE,TRUE,TRUE,1.02999297450859,1567,TRUE
ENSMUSG00000023224,Serping1,4.8684725847231,83.0788696050709,0.0000000000000000000019762004011951,0.0000000000000000000181569738625455,-3.34135081144245,-18.6180729614171,0.00000000000000000000111227896509035,0.0000000000000000000114366365181233,-2.60384563041018,-4.01257274308783,-2.14504687449137,-5.30572577850081,-1.64642036532597,-4.33449347683857,-2.13177095674251,-4.5509306661424,0.0986627416972354,TRUE,0,6,lower,TRUE,TRUE,TRUE,3.34135081144245,1570,TRUE
ENSMUSG00000029868,Trpv6,5.67674980036108,49.0803153249555,0.0000000000000000000126921911614306,0.000000000000000000109274689023453,1.52926060785375,15.1524005244045,0.00000000000000000000151666737501155,0.0000000000000000000154627798807685,1.4496549721127,2.16752035860712,1.04274264294065,2.07567877141801,0.764827341220797,1.67513956082325,1.08574165209138,1.97277956361613,2.88637872092875,TRUE,6,0,higher,TRUE,TRUE,TRUE,1.52926060785375,1583,TRUE
ENSMUSG00000047496,Rnf152,5.64036465316062,41.5315061394674,0.00000000000000000059297948637707,0.00000000000000000451318616152053,1.53344906427641,15.1236153197698,0.00000000000000000000165364296486892,0.0000000000000000000168071771758078,1.99340475964846,1.37133541304356,1.8713943948591,1.38499818624095,1.13378157875291,1.44578005311352,1.66619357775349,1.40070455079934,2.89477067995145,TRUE,6,0,higher,TRUE,TRUE,TRUE,1.53344906427641,1588,TRUE
ENSMUSG00000074657,Kif5a,5.83661134168028,44.9589865245963,0.0000000000000000000970098557512575,0.000000000000000000783798849545821,1.54208537565774,15.1118424990677,0.00000000000000000000171321733780014,0.0000000000000000000173830719573272,1.17614053104303,1.6814519812699,1.54996671383603,2.39283423872551,0.925206472278341,1.52691231679364,1.2171045723858,1.86706617892968,2.91215142789472,TRUE,6,0,higher,TRUE,TRUE,TRUE,1.54208537565774,1591,TRUE
ENSMUSG00000023959,Clic5,4.91438731711575,49.5846042076627,0.00000000000000000000999288226791386,0.0000000000000000000873389812944956,-1.8615992940474,-15.1107024207562,0.00000000000000000000171910082117345,0.0000000000000000000174208691501588,-0.521166826104422,-1.75237620984914,-2.08106600865476,-2.68685266877173,-1.51685273097107,-2.61128131993327,-1.37302852191008,-2.35017006618471,0.275171069998346,TRUE,0,6,lower,TRUE,TRUE,TRUE,1.8615992940474,1592,TRUE
ENSMUSG00000022415,Syngr1,6.1701059535797,42.7382962127539,0.000000000000000000309347685023022,0.00000000000000000240317597657683,1.33015980834442,15.103477478011,0.00000000000000000000175686491823719,0.0000000000000000000177812353448922,1.58089786262982,1.29573366300935,1.54188373791048,1.94636512500741,0.888629749554601,0.727448711954859,1.3371371166983,1.32318249999054,2.51430524497924,TRUE,6,0,higher,TRUE,TRUE,TRUE,1.33015980834442,1595,TRUE
ENSMUSG00000032243,Itga11,7.10444066564731,184.360141752331,0.000000000000000000135547462179015,0.00000000000000000108431252822391,3.7821686064348,30.3958332496681,0.00000000000000000000207412578541233,0.0000000000000000000208874688421156,3.93150937738778,5.6079536184563,3.30026627644552,5.00827157149153,1.78813902779771,3.05687176702996,3.00663822721034,4.55769898565927,13.7577115369579,TRUE,6,0,higher,TRUE,TRUE,TRUE,3.7821686064348,1603,TRUE
ENSMUSG00000029061,Mmp23,6.28379694573891,42.5884087847275,0.000000000000000000335115648615041,0.00000000000000000259585984433426,1.39418351158945,15.0052823805199,0.00000000000000000000236195857722642,0.0000000000000000000236973880125334,1.62666686407865,1.85250404918366,1.45010421617979,1.7125099650206,0.567952259801707,1.15536371527227,1.21490778002005,1.57345924315884,2.62839756662792,TRUE,6,0,higher,TRUE,TRUE,TRUE,1.39418351158945,1609,TRUE
ENSMUSG00000090394,4930523C07Rik,6.29246686607739,68.3387101379662,0.000000000000000000000101623309287324,0.00000000000000000000103567240014222,-1.57900492167922,-15.7990205479482,0.00000000000000000000240576645344953,0.0000000000000000000240919899863746,-0.931402130765688,-2.55678589959208,-0.822982371884854,-2.30560329650987,-0.815678712680358,-2.04157711864246,-0.856687738443634,-2.30132210491481,0.334712672387761,TRUE,0,6,lower,TRUE,TRUE,TRUE,1.57900492167922,1612,TRUE
ENSMUSG00000033308,Dpyd,5.35852467559037,41.8165034698395,0.000000000000000000507825039019051,0.00000000000000000388706477234924,1.70822518479934,14.9870724993564,0.00000000000000000000249554034190953,0.00000000000000000002494458683557,1.13449977427091,1.37003514886174,1.8203201917648,2.53869961962621,1.4579494216398,1.9278469526326,1.47092312922517,1.94552724037352,3.26758594974095,TRUE,6,0,higher,TRUE,TRUE,TRUE,1.70822518479934,1615,TRUE
ENSMUSG00000026475,Rgs16,6.10130303995686,61.1687632800117,0.0000000000000000000000673113865301598,0.000000000000000000000696543405613057,-1.40292272315655,-14.9762792330939,0.00000000000000000000257830471611076,0.0000000000000000000257240871645093,-1.51540615057401,-2.3710690683875,-1.30105240701364,-2.59690837244356,-0.0726701818079683,-0.560430158712617,-0.963042913131871,-1.84280253318122,0.378162254747042,TRUE,0,6,lower,TRUE,TRUE,TRUE,1.40292272315655,1618,TRUE
ENSMUSG00000039316,Rftn1,2.97269952780116,48.5575333122144,0.0000000000000000000162976617217108,0.000000000000000000139202726546867,-3.38496577055201,-14.9576405434892,0.00000000000000000000272783519025111,0.0000000000000000000271488554107421,-2.12250282729464,-4.83378452652586,-2.44680317178124,-4.66381979766985,-2.52104637608719,-3.72183792395326,-2.36345079172102,-4.40648074938299,0.0957246459587492,TRUE,0,6,lower,TRUE,TRUE,TRUE,3.38496577055201,1622,TRUE
ENSMUSG00000022197,Pdzd2,5.37415845335362,40.9526765906993,0.000000000000000000814559373531827,0.00000000000000000612741470965717,1.59060417462378,14.9088156054889,0.00000000000000000000316258708180232,0.0000000000000000000312828696455483,1.23126721460859,1.51546420811677,1.75123299388475,2.34042271079266,1.11559759701978,1.58964032332012,1.36603260183771,1.81517574740985,3.01175449914382,TRUE,6,0,higher,TRUE,TRUE,TRUE,1.59060417462378,1632,TRUE
ENSMUSG00000049001,Ndnf,5.85807753592923,165.919118366777,0.000000000000000000567459364042459,0.00000000000000000432915714259802,5.71241998120883,29.9972220559319,0.00000000000000000000330559160203191,0.000000000000000000032657383862669,5.62179368240899,6.95737596996933,5.24158322165725,7.26495524863648,3.42173450646866,5.76707725811229,4.76170380351163,6.66313615890603,52.4336103264179,TRUE,6,0,higher,TRUE,TRUE,TRUE,5.71241998120883,1634,TRUE
ENSMUSG00000041577,Prelp,9.45291518556898,222.534969946689,0.0000000000000000000568950697284211,0.000000000000000000467408198791808,2.39389504345651,31.5719019398674,0.00000000000000000000330873074958757,0.0000000000000000000326684039697811,2.07884129914172,3.33415041190447,1.02988101994026,2.63504909059332,1.77709909059338,3.50834934856589,1.62860713655845,3.15918295035456,5.25574413755686,TRUE,6,0,higher,TRUE,TRUE,TRUE,2.39389504345651,1635,TRUE
ENSMUSG00000001622,Csn3,2.37662148332981,46.2896602517461,0.000000000000000000049502818539792,0.000000000000000000408759079124227,-3.82800804033982,-14.8492769126808,0.00000000000000000000378906202190878,0.0000000000000000000372514179169753,-3.15456117591512,-6.23563915146706,-3.65979217703854,-4.87424458824311,-2.09968843790283,-2.94412271147226,-2.97134726361883,-4.68466881706081,0.0704133093568346,TRUE,0,6,lower,TRUE,TRUE,TRUE,3.82800804033982,1642,TRUE
ENSMUSG00000025105,Bnc1,4.02521323335618,41.1768905622984,0.000000000000000000719994452991033,0.00000000000000000544396742605819,2.65212160237654,14.8450323195093,0.00000000000000000000383826134708696,0.0000000000000000000376892049428375,3.97805847403306,3.41160605532297,2.80920376109525,2.36215939403688,1.87581627789492,1.47588565187617,2.88769283767441,2.41655036707867,6.28590993995426,TRUE,6,0,higher,TRUE,TRUE,TRUE,2.65212160237654,1644,TRUE
ENSMUSG00000056145,AI504432,4.36361693460283,65.8435347264841,0.000000000000000000000013753149127159,0.00000000000000000000015227509352519,-2.64856028854447,-14.8854865293433,0.00000000000000000000392081563828998,0.0000000000000000000384764296953891,-1.37954839057605,-3.67197532144209,-0.891059212772844,-3.67499395345791,-1.68367643356811,-4.59010841944979,-1.31809467897234,-3.9790258981166,0.159479148366531,TRUE,0,6,lower,TRUE,TRUE,TRUE,2.64856028854447,1645,TRUE
ENSMUSG00000027070,Lrp2,7.53585322024496,66.4341569796878,0.00000000000000000371813831586727,0.0000000000000000264064702301123,1.56320866250374,19.7782113344361,0.00000000000000000000421437819425286,0.0000000000000000000412569479622946,1.42146351420128,1.81382863345188,1.5445495387078,1.62030159938501,1.5491838118768,1.42992487739968,1.50506562159529,1.62135170341219,2.95510350418429,TRUE,6,0,higher,TRUE,TRUE,TRUE,1.56320866250374,1649,TRUE
ENSMUSG00000025466,Fuom,6.19209064588596,38.6474361393766,0.00000000000000000299171955224126,0.0000000000000000213412853432747,1.30848030658307,14.6310095450382,0.00000000000000000000737724162109384,0.0000000000000000000708452180186304,1.21280548073303,1.59094970546961,1.25568754371381,1.71876074477142,0.914235311151016,1.15844305365952,1.12757611186595,1.48938450130018,2.47680503017042,TRUE,6,0,higher,TRUE,TRUE,TRUE,1.30848030658307,1681,TRUE
ENSMUSG00000006575,Rundc3a,5.86509891415023,47.3528992795831,0.0000000000000000000292454518124223,0.000000000000000000245762274132188,-1.41344661672122,-14.6090730879681,0.00000000000000000000789073064188897,0.0000000000000000000756863129839653,-0.920344617453599,-1.75684001208274,-0.916215759504233,-1.98453294742177,-1.0056381224337,-1.89710824143125,-0.947399499797178,-1.87949373364525,0.375413746490245,TRUE,0,6,lower,TRUE,TRUE,TRUE,1.41344661672122,1683,TRUE
ENSMUSG00000104876,Trdc,5.73936494292484,41.4872967894031,0.000000000000000000607458257532132,0.00000000000000000461685435562204,1.43660857130848,14.6044830201007,0.00000000000000000000800267673512961,0.0000000000000000000766234937931182,1.43314048558517,1.59853386930504,2.11595073270557,1.89881190939617,0.513396331448647,1.05981809941026,1.3541625165798,1.51905462603715,2.70683804540998,TRUE,6,0,higher,TRUE,TRUE,TRUE,1.43660857130848,1686,TRUE
ENSMUSG00000063458,Lrmda,4.16002281566604,38.0422370508082,0.00000000000000000425258329944519,0.0000000000000000300830202466888,2.5378476095728,14.5402047392529,0.00000000000000000000975058133121704,0.0000000000000000000928087467157056,2.42577710982968,3.05597596985986,2.35894003021112,3.26844834988588,1.75688277332022,2.36106142433008,2.18053330445367,2.89516191469194,5.80721967643955,TRUE,6,0,higher,TRUE,TRUE,TRUE,2.5378476095728,1696,TRUE
ENSMUSG00000079588,Tmem182,7.42496312172512,171.14135862354,0.000000000000000000011155703661353,0.0000000000000000000966129421701828,-2.48140776355673,-25.0856775681774,0.0000000000000000000110416061730818,0.000000000000000000104481036607303,-1.87771192004828,-4.3896691499634,-2.59823550809331,-4.36999422941987,-0.455307720673158,-1.19752805314234,-1.64375171627158,-3.31906381084187,0.179069586886804,TRUE,0,6,lower,TRUE,TRUE,TRUE,2.48140776355673,1706,TRUE
ENSMUSG00000025551,Fgf14,2.71915676630287,42.3889623648229,0.000000000000000000372893139474897,0.00000000000000000288157680734479,3.36835939465751,14.4750732819328,0.000000000000000000011917690983945,0.000000000000000000112375750907607,1.49008798422802,3.33693571446878,3.10063536220296,4.49349265181777,3.10011263482877,4.68889202039873,2.56361199375325,4.17310679556176,10.3270722152098,TRUE,6,0,higher,TRUE,TRUE,TRUE,3.36835939465751,1712,TRUE
ENSMUSG00000019851,Perp,6.87103358806331,139.591844059854,0.00000000000000000409044925414673,0.0000000000000000289614571533731,3.79528585286036,28.2464276434093,0.0000000000000000000125374122412714,0.000000000000000000118012504845973,3.64156813862834,4.24989284017085,3.8346314555737,4.41913849339683,2.66750851252462,3.95897567686781,3.38123603557555,4.20933567014516,13.8833695464515,TRUE,6,0,higher,TRUE,TRUE,TRUE,3.79528585286036,1715,TRUE
ENSMUSG00000022332,Khdrbs3,6.99148425723532,78.546393241894,0.0000000000000000000000928759372089623,0.000000000000000000000951330110637233,-1.32483998140267,-16.0091604833921,0.000000000000000000012757637092618,0.000000000000000000119806012557378,-0.776119169726343,-2.28623911145297,-0.711862351021179,-2.23719419837286,-0.462236973629622,-1.47538808421304,-0.650072831459048,-1.99960713134629,0.399193467841041,TRUE,0,6,lower,TRUE,TRUE,TRUE,1.32483998140267,1719,TRUE
ENSMUSG00000051527,Usp29,6.09630374172138,40.6948889826965,0.000000000000000000939358476632187,0.00000000000000000703016406503171,-1.31467355651352,-14.4453951139852,0.0000000000000000000130612513579965,0.000000000000000000122514689524775,-1.6231860818941,-1.6894145943674,-0.599751022409071,-1.4280798442526,-1.04621277444075,-1.5013970217172,-1.08971662624797,-1.53963048677907,0.402016450702829,TRUE,0,6,lower,TRUE,TRUE,TRUE,1.31467355651352,1721,TRUE
ENSMUSG00000018012,Rac3,5.51748388333995,43.2650329855277,0.000000000000000000233942137799638,0.00000000000000000183683265102119,1.51717331348716,14.3899075818296,0.0000000000000000000155063950923037,0.000000000000000000144359709328177,1.0804049863431,1.29763611239073,1.56170893789593,2.35112903165803,0.847587471483496,1.96457334115168,1.16323379857417,1.87111282840015,2.86229687213935,TRUE,6,0,higher,TRUE,TRUE,TRUE,1.51717331348716,1734,TRUE
ENSMUSG00000079034,Gm8300,5.57362805153398,130.307199036181,0.00000000000000000184221987952784,0.0000000000000000134019628279486,4.98915381090712,26.1029417722897,0.000000000000000000016317516806149,0.00000000000000000015138716885153,5.5858173408653,5.82061374443835,6.72332199990874,6.91407419694248,1.99222070531823,2.89887487796961,4.76712001536409,5.21118760645015,31.7603258920242,TRUE,6,0,higher,TRUE,TRUE,TRUE,4.98915381090712,1740,TRUE
ENSMUSG00000070643,Sox13,4.69100678260203,55.7692370698632,0.000000000000000000000620538247123867,0.00000000000000000000587872589396748,-2.12092697105071,-14.3176320307684,0.0000000000000000000194015189157507,0.000000000000000000179073024503696,-1.16601849960528,-2.89427430247605,-1.60609817167609,-3.30279869442147,-0.72993818951324,-3.02643396861216,-1.16735162026487,-3.07450232183656,0.229899148694671,TRUE,0,6,lower,TRUE,TRUE,TRUE,2.12092697105071,1749,TRUE
ENSMUSG00000002384,Bmp8b,5.14796903487966,124.862726018805,0.0000000000000000000000000209601919285122,0.000000000000000000000000297067935295849,-2.52910393670529,-16.2093595614656,0.0000000000000000000197728869856781,0.000000000000000000182292241353399,-0.771479926303617,-4.53187466070512,-0.584542927296879,-4.31795101351942,-0.290174996927423,-4.67860009547928,-0.54873261684264,-4.50947525656794,0.173246254001589,TRUE,0,6,lower,TRUE,TRUE,TRUE,2.52910393670529,1751,TRUE
ENSMUSG00000015243,Abca1,4.04169197124069,54.0349772399938,0.00000000000000000000131648268738557,0.000000000000000000012234876236307,-2.73745491632665,-14.3096135976837,0.0000000000000000000198907289566429,0.000000000000000000183273994033725,-2.59769590116673,-5.57745650899014,-2.18203520595108,-3.06511484298709,-0.587329233813936,-2.41509780505093,-1.78902011364392,-3.68588971900939,0.149949132785477,TRUE,0,6,lower,TRUE,TRUE,TRUE,2.73745491632665,1752,TRUE
ENSMUSG00000079428,Tceal7,3.46848601743477,39.0655166232615,0.00000000000000000235238047767479,0.000000000000000016937768979083,-2.96239861951719,-14.297482408482,0.0000000000000000000206547266304306,0.000000000000000000189988177774953,-2.51182023335779,-3.11065352699572,-3.87333259193548,-4.38077780760941,-1.3738584201907,-2.52394913701407,-2.58633708182799,-3.3384601572064,0.128300738567174,TRUE,0,6,lower,TRUE,TRUE,TRUE,2.96239861951719,1755,TRUE
ENSMUSG00000042254,Cilp,8.36884847613661,153.875010271112,0.00000000000000000451763597428039,0.0000000000000000318742122083953,3.19939379864317,29.1990388048251,0.000000000000000000021278195729949,0.000000000000000000195611568148387,4.03680763743615,3.77609325312783,3.28957031895943,3.66724148651286,1.6850603967446,2.74158969907815,3.00381278438006,3.39497481290628,9.18572630837288,TRUE,6,0,higher,TRUE,TRUE,TRUE,3.19939379864317,1756,TRUE
ENSMUSG00000020086,H2afy2,6.75140838594782,56.2355734180559,0.000000000000000000000508623968145046,0.00000000000000000000486416867166202,-1.06154119241462,-14.2377614374172,0.0000000000000000000248724441867746,0.000000000000000000227487743063515,-0.635665619735315,-1.59166047603622,-0.533696947656635,-1.84026085707938,-0.606735218068057,-1.16122803591214,-0.592032595153336,-1.53104978967591,0.479119955180957,TRUE,0,6,lower,TRUE,TRUE,TRUE,1.06154119241462,1765,TRUE
ENSMUSG00000039217,Il18,6.7972706258193,69.0079935933834,0.00000000000000000000425766004815004,0.0000000000000000000380994490894048,-1.4476688461617,-16.0929885856419,0.0000000000000000000250795475497482,0.000000000000000000229252058944273,-0.814794457717023,-2.41011069112662,-0.890700074646376,-2.31959935667875,-0.888404404137939,-1.36240409266347,-0.864632978833779,-2.03070471348961,0.36661333145896,TRUE,0,6,lower,TRUE,TRUE,TRUE,1.4476688461617,1766,TRUE
ENSMUSG00000027861,Casq2,8.01833477675088,194.215081380903,0.000000000000000000210149410241627,0.00000000000000000166214695224428,-2.93019165415554,-28.5277723785478,0.0000000000000000000271961782570658,0.000000000000000000248178578634151,-2.25281587973683,-3.67231123240168,-3.16659043168224,-5.59010114351594,-0.89671312168786,-2.00261811590866,-2.10537314436898,-3.75501016394209,0.131197155469724,TRUE,0,6,lower,TRUE,TRUE,TRUE,2.93019165415554,1769,TRUE
ENSMUSG00000058145,Adamts17,3.47626837468506,45.2148898621921,0.0000000000000000000851301164574891,0.000000000000000000689541128937906,2.50558736838118,14.1699978647024,0.000000000000000000030727038520088,0.00000000000000000027976682618713,2.19128880932934,1.6370476403646,3.83325276232063,4.10848186306889,0.620908372866219,2.64254476233738,2.21514998150539,2.79602475525696,5.67880498163149,TRUE,6,0,higher,TRUE,TRUE,TRUE,2.50558736838118,1773,TRUE
ENSMUSG00000086413,Gm12415,6.68568648818137,70.5221516542124,0.00000000000000000000000207889387862618,0.0000000000000000000000248038313988635,-1.05083704545597,-14.1538479429583,0.0000000000000000000323174212829312,0.000000000000000000293750074195022,-0.817191902688723,-2.46073663158701,-0.67144819785106,-1.6672980713146,-0.208383608329549,-0.479963860964878,-0.565674569623111,-1.53599952128883,0.482688029685579,TRUE,0,6,lower,TRUE,TRUE,TRUE,1.05083704545597,1776,TRUE
ENSMUSG00000042988,Notum,4.79625132928453,37.3468210907202,0.00000000000000000640508515247379,0.0000000000000000446255026397861,1.89977898768747,14.1527568358072,0.000000000000000000032427829676764,0.000000000000000000294422077880766,1.2233047285502,1.74586879232219,1.47620665410022,2.3884989072704,2.06899462797283,2.495800215909,1.58950200354108,2.21005597183386,3.73156026948542,TRUE,6,0,higher,TRUE,TRUE,TRUE,1.89977898768747,1778,TRUE
ENSMUSG00000052581,Lrrtm4,2.42673082286152,52.4979880768606,0.00000000000000000000260826185646027,0.000000000000000000023801679564069,3.66721317454839,14.1340613501788,0.0000000000000000000343801061117475,0.000000000000000000311796658967382,1.61901645394075,5.04883672160113,2.18096075817862,5.59111236273021,2.42127229929404,5.14208045154561,2.0737498371378,5.26067651195898,12.7040199191981,TRUE,6,0,higher,TRUE,TRUE,TRUE,3.66721317454839,1780,TRUE
ENSMUSG00000040747,Cd53,5.10590701899168,58.6132363762972,0.000000000000000000000188463370813816,0.00000000000000000000186992267673475,-1.79210352748561,-14.105648203604,0.0000000000000000000375776981397109,0.000000000000000000339271130351987,-1.49114913891709,-2.59769271076589,-0.958478530161514,-2.83454608686368,-0.334623672675001,-2.5361310255305,-0.928083780584535,-2.65612327438669,0.288750724705067,TRUE,0,6,lower,TRUE,TRUE,TRUE,1.79210352748561,1788,TRUE
ENSMUSG00000021763,BC067074,4.23507301855691,47.6468515659339,0.0000000000000000000253284387589164,0.000000000000000000213624340065406,-2.44802335788017,-14.0745835008965,0.0000000000000000000414198044720378,0.000000000000000000372501339048527,-1.40027935420231,-3.60174547170882,-1.65569300006895,-3.5748255460759,-1.52283794635753,-2.93275882886749,-1.5262701002096,-3.36977661555074,0.183261627536638,TRUE,0,6,lower,TRUE,TRUE,TRUE,2.44802335788017,1795,TRUE
ENSMUSG00000022686,B3gnt5,5.91884315554711,65.5529860011451,0.0000000000000000000353766181459624,0.000000000000000000295745596442399,-2.0005659992173,-16.25074161361,0.0000000000000000000426623833530552,0.00000000000000000038303607033836,-1.28687540853933,-2.97662677257262,-1.23021822902806,-2.86728002620322,-1.07455617607173,-2.56783938288883,-1.19721660454637,-2.80391539388822,0.249901939046515,TRUE,0,6,lower,TRUE,TRUE,TRUE,2.0005659992173,1798,TRUE
ENSMUSG00000042895,Abra,3.58024953989681,40.0945087887527,0.00000000000000000131290751080218,0.00000000000000000969989288186706,-2.81314173035991,-14.0193100829925,0.0000000000000000000492678683413898,0.000000000000000000440382723496709,-1.48600548819643,-2.10252405271475,-3.600826576811,-4.72376228622195,-1.87187426849368,-3.09385770972166,-2.3195687778337,-3.30671468288612,0.142285274842422,TRUE,0,6,lower,TRUE,TRUE,TRUE,2.81314173035991,1806,TRUE
ENSMUSG00000023927,Satb1,4.61013827334288,42.4709496211128,0.000000000000000000356856497489647,0.0000000000000000027602944125421,2.00703920816757,14.0139252265392,0.0000000000000000000501088049753147,0.000000000000000000447404003714881,2.47235587113567,3.34202891846927,1.99237143861969,2.76780404050739,0.685334522090661,0.782340458182748,1.716687277282,2.29739113905314,4.01956452003954,TRUE,6,0,higher,TRUE,TRUE,TRUE,2.00703920816757,1808,TRUE
ENSMUSG00000030513,Pcsk6,5.81464221065807,39.4489372880842,0.00000000000000000189026625098744,0.0000000000000000137329289332539,1.35222589571899,14.0029819491225,0.0000000000000000000518628534585825,0.00000000000000000046255361512812,1.26158266151135,2.06413371873077,1.68244486094836,1.62871192583883,0.569553471068049,0.906928736216601,1.17119366450925,1.53325812692873,2.55305726146664,TRUE,6,0,higher,TRUE,TRUE,TRUE,1.35222589571899,1810,TRUE
ENSMUSG00000061723,Tnnt3,8.44455557378857,175.992359220058,0.000000000000000000539925603697022,0.0000000000000000041249498440516,-2.38389903169149,-27.4204430747741,0.0000000000000000000559231255710488,0.000000000000000000497392295368287,-2.09034733735398,-3.22066143077254,-2.48902127837796,-4.31785033583,-0.62802207303252,-1.55749173478193,-1.73579689625482,-3.03200116712815,0.191590903218257,TRUE,0,6,lower,TRUE,TRUE,TRUE,2.38389903169149,1815,TRUE
ENSMUSG00000049511,Htr1b,6.75628760624619,59.7270110311676,0.00000000000000000046885318733011,0.0000000000000000035990000014598,-1.5562845931434,-16.4104114328675,0.0000000000000000000601622983182963,0.000000000000000000534213411304872,-0.845972471956021,-1.85819426364859,-1.17366303834059,-2.29862082906561,-1.12943692278571,-2.03182003306391,-1.04969081102744,-2.06287837525937,0.340025631351216,TRUE,0,6,lower,TRUE,TRUE,TRUE,1.5562845931434,1818,TRUE
ENSMUSG00000057614,Gnai1,5.2204176973131,38.7733205572456,0.00000000000000000278220173172388,0.0000000000000000199259461203277,1.5599931835804,13.9345971950724,0.0000000000000000000643250958251842,0.000000000000000000568363449319075,1.13936902459254,1.77593232744723,1.25517456769347,2.05016004288966,1.10445339215914,2.03486974670037,1.16633232814838,1.95365403901242,2.94852450341371,TRUE,6,0,higher,TRUE,TRUE,TRUE,1.5599931835804,1827,TRUE
ENSMUSG00000038916,Soga3,6.40343041274781,51.2979231054445,0.00000000000000000000450082041893715,0.0000000000000000000401640376024889,-1.08227021115184,-13.931787660432,0.0000000000000000000648975496195478,0.000000000000000000573107846558184,-0.999258996410567,-1.62950273297814,-0.511920067759979,-1.80919589689828,-0.434299229774359,-1.10944434308973,-0.648492764648302,-1.51604765765538,0.472285055066263,TRUE,0,6,lower,TRUE,TRUE,TRUE,1.08227021115184,1828,TRUE
ENSMUSG00000003134,Tbc1d8,5.84984434787392,44.8015252151716,0.000000000000000000105161045683084,0.00000000000000000084711315392317,-1.34921947848959,-13.9288204563085,0.0000000000000000000655077325411856,0.000000000000000000577548512513577,-0.557423589653632,-1.10320215307413,-1.51953129293505,-2.2574093079639,-0.777145959008437,-1.8806045683024,-0.951366947199039,-1.74707200978015,0.392504342757086,TRUE,0,6,lower,TRUE,TRUE,TRUE,1.34921947848959,1831,TRUE
ENSMUSG00000018845,Unc45b,4.67426236297967,51.686470550836,0.0000000000000000000808842432532052,0.000000000000000000655479085761291,-2.53722720754346,-14.7081578604711,0.0000000000000000000739115011081686,0.000000000000000000648452914341937,-2.60094790661929,-4.01677166204286,-2.78636586468789,-4.25653497611989,-0.333683359383686,-1.22905947640714,-1.90699904356362,-3.1674553715233,0.172273510928546,TRUE,0,6,lower,TRUE,TRUE,TRUE,2.53722720754346,1840,TRUE
ENSMUSG00000021835,Bmp4,8.4904880548183,148.031554111729,0.00000000000000000712621225513983,0.0000000000000000495428270606039,2.92842986780792,27.6547104944649,0.0000000000000000000765799233144486,0.000000000000000000671499023392256,4.02314594281911,4.70310872146059,2.31406776059978,2.74397086869716,1.5389878292839,2.24729808398699,2.62540051090093,3.23145922471492,7.61281419949987,TRUE,6,0,higher,TRUE,TRUE,TRUE,2.92842986780792,1841,TRUE
ENSMUSG00000024481,Lvrn,7.0595464292746,41.6805508983581,0.00000000000000000123216546253768,0.00000000000000000913681537057687,-1.04915714471942,-14.0784229542689,0.0000000000000000000853307572863708,0.000000000000000000747014324768917,-1.13482927852296,-1.65768250553575,-0.67971999364947,-1.06912815838142,-0.528031111349286,-1.22555182087765,-0.780860127840571,-1.31745416159827,0.483250407895602,TRUE,0,6,lower,TRUE,TRUE,TRUE,1.04915714471942,1844,TRUE
ENSMUSG00000033453,Adamts15,3.35777208574809,39.6555834945581,0.00000000000000000168125306241625,0.0000000000000000122918787076927,-3.06027495371161,-13.8093801403799,0.000000000000000000095564331100776,0.000000000000000000831756391398858,-2.05263167569771,-3.0683208475873,-2.96648924730771,-5.2262542642064,-2.02578988811495,-3.02216379935561,-2.34830360370679,-3.77224630371644,0.119885164617201,TRUE,0,6,lower,TRUE,TRUE,TRUE,3.06027495371161,1854,TRUE
ENSMUSG00000075307,Klhl41,8.17188869788494,153.256012337101,0.00000000000000000136843752694793,0.0000000000000000100778681558031,-2.29526613458071,-25.954364858216,0.000000000000000000103657859442573,0.0000000000000000008982011943003,-2.22514837806639,-3.51550738469296,-2.53486577009145,-3.74134458592006,-0.522630180318039,-1.23210050839535,-1.7608814428253,-2.82965082633612,0.203730497380711,TRUE,0,6,lower,TRUE,TRUE,TRUE,2.29526613458071,1863,TRUE
ENSMUSG00000052026,Slc6a7,4.63131558674047,40.7514052195339,0.000000000000000000910399671491813,0.00000000000000000682609470361929,2.10641101239611,13.7541793342407,0.00000000000000000011385643233443,0.00000000000000000098551441671566,1.55361378507337,2.7223406153332,2.97337027130854,3.43145512873178,0.697329637659095,1.26035663627066,1.74143789801367,2.47138412677855,4.30618712302076,TRUE,6,0,higher,TRUE,TRUE,TRUE,2.10641101239611,1865,TRUE
ENSMUSG00000021256,Vash1,6.95494644708442,59.0067939778726,0.000000000000000000000160434087133102,0.00000000000000000000160166200902267,-1.00810594152611,-13.7155409516541,0.000000000000000000128735360682053,0.00000000000000000110954347436753,-0.638558693656966,-1.8467896487109,-0.426082553243938,-1.62273953817267,-0.391131482062042,-1.12333373331012,-0.485257576320982,-1.53095430673123,0.497198572178407,TRUE,0,6,lower,TRUE,TRUE,TRUE,1.00810594152611,1873,TRUE
ENSMUSG00000116237,ENSMUSG00000116237,5.60789411520293,66.6735179620627,0.00000000000000000000000825902905377929,0.0000000000000000000000929745509171263,-1.39895447169483,-13.7076397081786,0.000000000000000000132012688536817,0.00000000000000000113657644322658,-0.929532866812736,-2.61182077903699,-0.463978576512459,-1.6342364584727,-0.341388345522158,-2.41276980381192,-0.578299929615784,-2.21960901377387,0.379203853000347,TRUE,0,6,lower,TRUE,TRUE,TRUE,1.39895447169483,1875,TRUE
ENSMUSG00000055805,Fmnl1,6.42341918804149,69.2223388202667,0.00000000000000000000000328786330140605,0.0000000000000000000000386007107451621,-1.09717722141734,-13.7061209188899,0.000000000000000000132652277818011,0.00000000000000000114147426482737,-0.230845801870785,-1.68899462902069,-0.827506254941916,-2.01283799056503,-0.188723873653969,-1.63415477845162,-0.415691976822224,-1.77866246601245,0.467430175980297,TRUE,0,6,lower,TRUE,TRUE,TRUE,1.09717722141734,1876,TRUE
ENSMUSG00000032735,Ablim3,4.57269156508951,41.5488897526277,0.000000000000000000927198447670988,0.00000000000000000694731094407381,-2.33049674525603,-13.8220659548316,0.000000000000000000137113339310733,0.00000000000000000117860523774929,-1.32285320071067,-1.4335855671527,-3.21431215660106,-3.33386659987989,-1.31446514728266,-3.36389779990922,-1.95054350153146,-2.7104499889806,0.198815653428725,TRUE,0,6,lower,TRUE,TRUE,TRUE,2.33049674525603,1878,TRUE
ENSMUSG00000040183,Ankrd6,5.73082691538454,51.1683203679328,0.00000000000000000000477700847680127,0.000000000000000000042558083797463,-1.36810927212186,-13.6836828351644,0.000000000000000000142475444140938,0.00000000000000000122274380370396,-0.948165519367835,-2.15556378894134,-0.750367075649256,-2.3762872967555,-0.672868620002588,-1.30540333201463,-0.790467071673226,-1.94575147257049,0.387398622152388,TRUE,0,6,lower,TRUE,TRUE,TRUE,1.36810927212186,1881,TRUE
ENSMUSG00000031712,Il15,6.30913506545168,33.7505250220683,0.0000000000000000588524986409975,0.000000000000000378810161707186,1.25264515940981,13.6261214911203,0.000000000000000000171181901979684,0.00000000000000000146288482988779,1.23076534429504,1.00110685113647,1.64002461039306,1.79887914910438,0.835563728838194,1.00953127269174,1.2354512278421,1.26983909097753,2.3827790164755,TRUE,6,0,higher,TRUE,TRUE,TRUE,1.25264515940981,1889,TRUE
ENSMUSG00000108322,5430431A17Rik,3.88902668799802,45.1671053255033,0.000000000000000000087228214933421,0.000000000000000000706181080075334,-2.51010813230521,-13.6173294046728,0.000000000000000000176055792849988,0.00000000000000000150294482494837,-3.20128138168247,-3.51361770831895,-2.38535422190633,-4.45627427454431,-0.237326732163993,-1.26679447521522,-1.94132077858427,-3.07889548602616,0.175542451786095,TRUE,0,6,lower,TRUE,TRUE,TRUE,2.51010813230521,1891,TRUE
ENSMUSG00000075224,Lrrc55,4.80780356571455,55.8212977809843,0.000000000000000000000606870508726463,0.00000000000000000000575938308193491,1.88630174712233,13.5875903253998,0.000000000000000000193607806914756,0.00000000000000000165016411141759,0.321300990752023,2.51964946682691,0.71075677252156,2.50197629268883,1.85578257082633,3.40834438911829,0.962613444699971,2.80999004954468,3.69686342701941,TRUE,6,0,higher,TRUE,TRUE,TRUE,1.88630174712233,1894,TRUE
ENSMUSG00000040367,Lrrd1,5.17050116336162,39.9212642911075,0.0000000000000000014471473284481,0.0000000000000000106381144458733,1.69295140833061,13.5823864651455,0.000000000000000000196856578348127,0.00000000000000000167608425330897,1.80626347028135,2.82865593948999,0.562891260839363,1.45663213556923,1.42384216559742,2.07942347820631,1.26433229890604,2.12157051775518,3.23317457625789,TRUE,6,0,higher,TRUE,TRUE,TRUE,1.69295140833061,1896,TRUE
ENSMUSG00000094786,Gm14403,5.93897317512076,55.3894900756244,0.000000000000000000000730389223749557,0.00000000000000000000688707549006373,-1.29483109018544,-13.581027588627,0.000000000000000000197713977302338,0.00000000000000000168249696130292,-0.700750907387124,-2.09776200989119,-0.569574438379383,-2.01799481057309,-0.621586453357686,-1.76131792152416,-0.630637266374731,-1.95902491399615,0.40758388306881,TRUE,0,6,lower,TRUE,TRUE,TRUE,1.29483109018544,1897,TRUE
ENSMUSG00000044951,Mylk4,6.42222286548387,40.099439795054,0.00000000000000000130928108328746,0.00000000000000000968196267865758,-1.08316388895879,-13.5777277310289,0.000000000000000000199811833965986,0.00000000000000000169945333809953,-1.05986361188425,-1.53198011581117,-1.10992991357332,-1.75205727051984,-0.325214467446028,-0.719937954518105,-0.831669330967866,-1.33465844694971,0.471992588563362,TRUE,0,6,lower,TRUE,TRUE,TRUE,1.08316388895879,1898,TRUE
ENSMUSG00000022548,Apod,3.9247092129982,39.7208517120981,0.00000000000000000162032972279206,0.0000000000000000118518272383472,-2.50548195695814,-13.57511223719,0.000000000000000000201490612911792,0.00000000000000000171282936505269,-2.05339557709465,-3.80280285622636,-2.04845223449293,-3.76415178343926,-1.70945640363875,-1.6546328868569,-1.93710140507544,-3.07386250884084,0.17610625325836,TRUE,0,6,lower,TRUE,TRUE,TRUE,2.50548195695814,1899,TRUE
ENSMUSG00000017493,Igfbp4,6.57223572924261,158.641802119826,0.000000000000000000736182485325705,0.00000000000000000556115763248145,-3.68131109212997,-25.0514879423607,0.000000000000000000204562003528626,0.00000000000000000173710911255266,-2.63269225375821,-5.53178537513501,-2.90563489584623,-6.06748279962438,-1.19167727239926,-3.75859395601675,-2.24333480733457,-5.11928737692538,0.0779497879142721,TRUE,0,6,lower,TRUE,TRUE,TRUE,3.68131109212997,1901,TRUE
ENSMUSG00000031698,Mylk3,3.70712106254094,45.8249234761199,0.0000000000000000000625011877216871,0.000000000000000000511641315107097,2.76859353336352,13.5207890985408,0.000000000000000000239778214114402,0.00000000000000000202550481970109,2.76083687172119,4.65793026257505,1.65097784801121,4.1657620696028,0.856330311851039,2.51972383641982,1.75604834386114,3.78113872286589,6.81443258368078,TRUE,6,0,higher,TRUE,TRUE,TRUE,2.76859353336352,1911,TRUE
ENSMUSG00000087591,Gm14635,3.97163632914906,43.4307008921214,0.000000000000000000214383620336576,0.0000000000000000016920956413009,-2.35142042659717,-13.5186123975481,0.000000000000000000241457432076033,0.00000000000000000203862307845367,-3.09972508497899,-3.38346597054531,-2.23496348460748,-3.84524830944239,-0.114354673074971,-1.43076503693385,-1.81634774755382,-2.88649310564052,0.195953001061818,TRUE,0,6,lower,TRUE,TRUE,TRUE,2.35142042659717,1912,TRUE
ENSMUSG00000033032,Afap1l1,4.12217539898766,39.3000581187869,0.00000000000000000205739513668231,0.0000000000000000149202738955357,-2.18663370380158,-13.5002991385666,0.000000000000000000256065173785413,0.00000000000000000215856924303808,-0.907952131685964,-1.80626428647544,-2.24350776508537,-3.34389903476179,-1.68007431466183,-3.13810469013909,-1.61051140381105,-2.76275600379211,0.219663381892618,TRUE,0,6,lower,TRUE,TRUE,TRUE,2.18663370380158,1915,TRUE
ENSMUSG00000090622,A930033H14Rik,6.61095549141923,37.7224241854179,0.00000000000000000513020624995486,0.0000000000000000359604513647509,-1.05677248534955,-13.4634715810784,0.000000000000000000288208491317142,0.00000000000000000242068141276411,-1.11218477675517,-1.40874207280769,-0.763424197073226,-1.39195111752203,-0.47701612129491,-1.18731662664427,-0.784208365041103,-1.32933660565799,0.48070626614265,TRUE,0,6,lower,TRUE,TRUE,TRUE,1.05677248534955,1922,TRUE
ENSMUSG00000022340,Sybu,4.32565259950661,43.077015993239,0.000000000000000000258394059982401,0.00000000000000000202095703018212,2.17268248755595,13.432608129453,0.000000000000000000318276102325315,0.00000000000000000266352053905524,0.74898866508171,1.65604471584147,1.90562823037952,3.48715968294996,1.75963324170585,3.47864038937719,1.47141671238903,2.87394826272287,4.50860927178078,TRUE,6,0,higher,TRUE,TRUE,TRUE,2.17268248755595,1929,TRUE
ENSMUSG00000064262,Gimap8,3.21230036126808,41.7418557869841,0.000000000000000000528825889632049,0.00000000000000000404397742128383,2.93568746612601,13.4023083236459,0.00000000000000000035088571451925,0.00000000000000000292882527894739,4.02043438309997,3.79325254575227,4.22171204308591,4.79367597715014,0.294072050909218,0.490977796758528,2.8454061590317,3.02596877322031,7.65120758898836,TRUE,6,0,higher,TRUE,TRUE,TRUE,2.93568746612601,1934,TRUE
ENSMUSG00000050359,Sprr1a,4.05031827684234,49.3917812279518,0.000000000000000000010946980030016,0.000000000000000000094907142118447,-2.54135945586029,-13.3328246317865,0.000000000000000000439038242155535,0.00000000000000000363829278394086,-1.82079120290567,-3.65766556782978,-2.61009026612311,-4.9560104427228,-0.168339968250964,-2.03525928732944,-1.53307381242658,-3.54964509929401,0.171780781433316,TRUE,0,6,lower,TRUE,TRUE,TRUE,2.54135945586029,1948,TRUE
ENSMUSG00000107134,Gm42528,5.20275278798396,96.3592799761333,0.0000000000000000451473871782377,0.000000000000000294232648856799,4.7036093259889,22.2703673657681,0.000000000000000000487710891830516,0.00000000000000000402716978353966,5.10170193353212,6.78560851927366,4.53993238751358,6.22415629548279,2.18910907326138,3.38114774686987,3.9435811314357,5.46363752054211,26.0571849180892,TRUE,6,0,higher,TRUE,TRUE,TRUE,4.7036093259889,1955,TRUE
ENSMUSG00000074151,Nlrc5,5.24219958219355,49.991817898886,0.00000000000000000000825032474756311,0.0000000000000000000724225081021813,-1.58975281465319,-13.2734885256842,0.000000000000000000531907693427319,0.00000000000000000437867715196186,-0.879840397250495,-2.45846833045345,-1.21191567115876,-2.96462896796215,-0.578153029146706,-1.44551049194757,-0.88996969918532,-2.28953593012105,0.332228371270449,TRUE,0,6,lower,TRUE,TRUE,TRUE,1.58975281465319,1961,TRUE
ENSMUSG00000033066,Gas7,4.95213475319754,68.9908149874745,0.00000000000000000000000357039053830869,0.000000000000000000000041796094604726,-1.70067557884925,-13.2255861559901,0.00000000000000000062123394787175,0.0000000000000000050880667785356,-1.23449215790673,-3.44691177910217,-0.660133050041367,-3.24509381289298,-0.0116457231415685,-1.60577695001067,-0.635423643696554,-2.76592751400194,0.307642008362546,TRUE,0,6,lower,TRUE,TRUE,TRUE,1.70067557884925,1971,TRUE
ENSMUSG00000032766,Gng11,4.68058052390546,42.2096273094772,0.00000000000000000041062583579747,0.00000000000000000316105525382859,-1.80762944360389,-13.2141236292578,0.000000000000000000644772868083944,0.00000000000000000527550350201678,-1.18933095204359,-2.82193228821405,-0.705592101153386,-2.09364470176682,-1.52733846430136,-2.50793815414413,-1.14075383916611,-2.47450504804167,0.285659924076289,TRUE,0,6,lower,TRUE,TRUE,TRUE,1.80762944360389,1973,TRUE
ENSMUSG00000089940,Gm4117,6.09245443980866,36.5554406975266,0.0000000000000000102829853172015,0.000000000000000070727836376474,1.10448378067957,13.2120964999143,0.000000000000000000649028690816139,0.00000000000000000530763432413624,0.958496248157144,1.27596594998262,0.71916799340267,1.60627518900286,0.736699120505933,1.33029818302621,0.804787787355249,1.4041797740039,2.15021926046673,TRUE,6,0,higher,TRUE,TRUE,TRUE,1.10448378067957,1974,TRUE
ENSMUSG00000041731,Pgm5,4.12394847197637,35.7224222457349,0.0000000000000000170727941804235,0.000000000000000115027594513597,-2.46713241024853,-13.1747912079524,0.000000000000000000732630147995849,0.00000000000000000596712839510443,-2.10017907040606,-1.53738971910677,-3.47899191075946,-4.20353189259971,-1.21812192949099,-2.26457993912819,-2.26576430355217,-2.66850051694489,0.180850261572984,TRUE,0,6,lower,TRUE,TRUE,TRUE,2.46713241024853,1982,TRUE
ENSMUSG00000024427,Spry4,5.8374371471767,35.2206232824653,0.0000000000000000232737587257142,0.000000000000000155187231354483,-1.30730051146202,-13.1299381562193,0.000000000000000000847724694929302,0.00000000000000000688025125703556,-1.42274346903301,-1.57834558123146,-1.89410006861945,-1.82101248601828,-0.279391395294341,-0.848210068575563,-1.19874497764894,-1.4158560452751,0.404076257088086,TRUE,0,6,lower,TRUE,TRUE,TRUE,1.30730051146202,1989,TRUE
ENSMUSG00000068735,Trp53i11,4.48359540009612,41.6733100871721,0.000000000000000000548902158836236,0.00000000000000000419154567175656,-2.04091123974629,-13.1191690140033,0.000000000000000000877983942319821,0.00000000000000000711868145699089,-0.684362385661247,-2.43366357448643,-0.961667787189007,-2.53750334998353,-2.37242385114884,-3.25584649000868,-1.33948467466637,-2.74233780482621,0.24301019747528,TRUE,0,6,lower,TRUE,TRUE,TRUE,2.04091123974629,1991,TRUE
ENSMUSG00000103912,Gm33819,2.45914967704391,41.1273550277591,0.000000000000000000739859901792805,0.0000000000000000055863229161091,3.35186090744969,13.1033876044388,0.000000000000000000924313466991578,0.00000000000000000747180385460443,2.73692600461251,4.30408891212748,2.9813542427158,6.01531368117442,1.05059351731855,3.0228890867494,2.25629125488229,4.4474305600171,10.2096457748025,TRUE,6,0,higher,TRUE,TRUE,TRUE,3.35186090744969,1996,TRUE
ENSMUSG00000086746,Gm15222,4.10478230797892,30.7311416354388,0.000000000000000437538409291068,0.00000000000000263256896801555,2.15761784336734,13.1033913952596,0.000000000000000000924302046202381,0.00000000000000000747180385460443,2.37535939081537,2.91259257566776,1.82575369649319,2.35752230211756,1.48832588625837,1.9861532088518,1.89647965785564,2.41875602887904,4.46177524956941,TRUE,6,0,higher,TRUE,TRUE,TRUE,2.15761784336734,1996,TRUE
ENSMUSG00000110397,Gm45540,2.94709676731308,43.2145170202805,0.000000000000000000240266641482013,0.00000000000000000188465713967159,3.11087708100994,13.0913283174314,0.000000000000000000961377760551014,0.00000000000000000776752812240992,2.05192479984109,4.10075569765958,1.49907566922468,4.27049344179214,1.97363914000653,4.76937373753561,1.84154653635743,4.38020762566244,8.63907638977816,TRUE,6,0,higher,TRUE,TRUE,TRUE,3.11087708100994,1998,TRUE
ENSMUSG00000022157,Mcpt8,4.21346232584864,36.128742443477,0.0000000000000000133172086963457,0.0000000000000000904035744260338,-2.21828735055845,-13.088254959551,0.000000000000000000971061973356209,0.00000000000000000783792671794465,-2.40673072837775,-3.1666445616199,-2.51224841427657,-3.47889160629103,-0.748134245759974,-0.997074547025458,-1.8890377961381,-2.5475369049788,0.214896315060125,TRUE,0,6,lower,TRUE,TRUE,TRUE,2.21828735055845,2000,TRUE
ENSMUSG00000035104,Eva1a,5.61651379656385,34.1307188363855,0.0000000000000000461634726353583,0.000000000000000300248565170261,1.35131960039634,13.08320521179,0.000000000000000000987188709348255,0.00000000000000000796013353397047,2.23634019095905,1.41538714516252,1.55332002923735,1.21800358621498,0.8572512954171,0.827615355387055,1.5489705052045,1.15366869558818,2.55145394463693,TRUE,6,0,higher,TRUE,TRUE,TRUE,1.35131960039634,2002,TRUE
ENSMUSG00000089901,Gm8113,5.22578808934424,42.2951657991211,0.000000000000000000392158282009939,0.00000000000000000302321449211387,-1.52539130404462,-13.0788446684107,0.00000000000000000100133238418928,0.00000000000000000806612209479418,-0.765264856492853,-1.52264866766066,-0.709312326061587,-1.79329998657131,-1.49446887134125,-2.86735311614004,-0.989682017965232,-2.061100590124,0.34738532041107,TRUE,0,6,lower,TRUE,TRUE,TRUE,1.52539130404462,2003,TRUE
ENSMUSG00000034275,Igsf9b,6.44379061526526,65.4572185882976,0.0000000000000000000000129572297497906,0.000000000000000000000143758460378604,-1.07139606617017,-13.0278632350006,0.00000000000000000118273706500744,0.00000000000000000948392563212003,-0.220402892845855,-1.47359883735296,-0.512035095295537,-2.12234730632157,-0.393989836848631,-1.70600242835647,-0.375475941663341,-1.767316190677,0.475858297913678,TRUE,0,6,lower,TRUE,TRUE,TRUE,1.07139606617017,2013,TRUE
ENSMUSG00000031312,Itgb1bp2,5.96014144678574,60.4201775940566,0.000000000000000000131638746636748,0.00000000000000000105408942805408,-1.77824525277244,-14.7426189954503,0.00000000000000000127776085503977,0.0000000000000000102163910266998,-1.04316583851416,-1.29136340074228,-3.03188243949549,-3.95492694949506,-0.0638668069580444,-1.2842660814296,-1.3796383616559,-2.17685214388898,0.291537777900194,TRUE,0,6,lower,TRUE,TRUE,TRUE,1.77824525277244,2019,TRUE
ENSMUSG00000044017,Adgrd1,3.31172222995005,50.5673450319879,0.00000000000000000000630677424563254,0.0000000000000000000558782967328463,-2.59584594282009,-12.9585807011176,0.00000000000000000148384366859815,0.0000000000000000117882324518602,-1.31140345673455,-3.95809565069093,-1.2602595100801,-4.23327186463966,-1.19962245636478,-3.61242271841052,-1.25709514105981,-3.93459674458037,0.165414092673529,TRUE,0,6,lower,TRUE,TRUE,TRUE,2.59584594282009,2032,TRUE
ENSMUSG00000062609,Kcnj15,2.24372164751607,35.9672790798208,0.000000000000000014695147182924,0.0000000000000000995066111467876,3.43347200977698,12.9483463230263,0.00000000000000000153447994842339,0.0000000000000000121845104807667,2.08807685049155,3.74866968230743,1.82747779323861,4.01833043424668,3.47434401215798,5.44393328621962,2.46329955196271,4.40364446759124,10.8038380187657,TRUE,6,0,higher,TRUE,TRUE,TRUE,3.43347200977698,2033,TRUE
ENSMUSG00000075225,Ccdc162,4.69032993422976,39.1305923468392,0.00000000000000000226639000721788,0.0000000000000000163624033481745,-1.85628635238979,-12.9133907274981,0.00000000000000000172099552993942,0.0000000000000000135720717341534,-1.32872213033596,-2.67419242492148,-1.41050676273804,-2.94376027860109,-0.888578292385247,-1.89195822535692,-1.20926906181975,-2.50330364295983,0.276186297101186,TRUE,0,6,lower,TRUE,TRUE,TRUE,1.85628635238979,2047,TRUE
ENSMUSG00000034810,Scn7a,7.44873563873906,79.2194745999092,0.000000000000000000291251748404663,0.00000000000000000226696093273697,-1.3639958242335,-16.6304297414995,0.00000000000000000174183137909299,0.0000000000000000137229789910679,-0.585118916780887,-1.60953557463749,-1.06280024087859,-2.70194078384582,-0.594111469759504,-1.63046795949872,-0.747343542472993,-1.98064810599401,0.388504758886643,TRUE,0,6,lower,TRUE,TRUE,TRUE,1.3639958242335,2049,TRUE
ENSMUSG00000026981,Il1rn,4.58129150092737,39.2004638967433,0.0000000000000000103778662406056,0.0000000000000000713196656969335,-2.3008491768433,-13.2884268211356,0.00000000000000000195528008577912,0.0000000000000000153896082031849,-1.20920333603604,-2.9156470464141,-1.73255147977315,-2.52727189217377,-1.82307912462255,-3.5973421820402,-1.58827798014391,-3.01342037354269,0.202943610397341,TRUE,0,6,lower,TRUE,TRUE,TRUE,2.3008491768433,2051,TRUE
ENSMUSG00000057880,Abat,3.96610900867688,37.3611512068011,0.00000000000000000635087440534017,0.0000000000000000442924037849428,2.34794620678565,12.8680361034,0.00000000000000000199765550382715,0.0000000000000000157078191905902,1.70866824650795,3.30631305854727,0.983522763719305,2.89863968953913,2.0373886649913,3.15314481740894,1.57652655840618,3.11936585516511,5.09098991178464,TRUE,6,0,higher,TRUE,TRUE,TRUE,2.34794620678565,2053,TRUE
ENSMUSG00000022750,Klhl22,7.40546713276572,107.051078904591,0.000000000000000000450132074993919,0.00000000000000000346187807843108,-1.75804755756644,-18.9943783669741,0.00000000000000000199899602894922,0.0000000000000000157107073492343,-1.06763513019219,-2.84720847027544,-0.821016836347701,-2.91037270771574,-0.758149198390634,-2.14390300247692,-0.88226705497684,-2.63382806015603,0.295648004043379,TRUE,0,6,lower,TRUE,TRUE,TRUE,1.75804755756644,2054,TRUE
ENSMUSG00000069227,Gprin1,5.50130791566869,33.6068606792177,0.0000000000000000645436933021105,0.000000000000000413299817919861,-1.36377118823239,-12.8664458940931,0.00000000000000000200813360376571,0.0000000000000000157748422216982,-0.685661198960054,-1.12930481105047,-1.38975255301581,-1.52875935382378,-1.23912493660474,-2.21002427593949,-1.10484622952687,-1.62269614693791,0.388565256044891,TRUE,0,6,lower,TRUE,TRUE,TRUE,1.36377118823239,2055,TRUE
ENSMUSG00000035861,Tmprss11b,4.0382704673402,41.1365281742783,0.000000000000000000736138794273476,0.00000000000000000556115763248145,-2.43899449530243,-12.861000058282,0.00000000000000000204444013178113,0.0000000000000000160444322058059,-1.19302361054901,-3.18617719161832,-1.56688222982687,-3.56325974056611,-1.60976308227314,-3.51486111698112,-1.45655630754967,-3.42143268305518,0.184412135770614,TRUE,0,6,lower,TRUE,TRUE,TRUE,2.43899449530243,2057,TRUE
ENSMUSG00000057719,Sh3rf2,4.73184114955673,82.8237009536659,0.0000000000000000674234704925875,0.000000000000000430544732658955,4.63677315632393,19.8494702192726,0.00000000000000000209195341992658,0.0000000000000000163934000280945,3.40562217350522,6.22954278199534,2.97204329463102,6.17269103586705,3.49775008816867,5.54298956377624,3.29180518543497,5.98174112721288,24.8775611911323,TRUE,6,0,higher,TRUE,TRUE,TRUE,4.63677315632393,2060,TRUE
ENSMUSG00000039621,Prex1,4.91923108236017,40.5654798222399,0.00000000000000000297106660569815,0.0000000000000000212033281236893,2.00389594238639,13.071870041257,0.00000000000000000247410470640653,0.0000000000000000192944310509762,1.38093085454435,2.6094696542978,0.951638217029672,2.79146334191242,1.46071039073716,2.82916319579696,1.26442648743706,2.74336539733573,4.01081644404503,TRUE,6,0,higher,TRUE,TRUE,TRUE,2.00389594238639,2070,TRUE
ENSMUSG00000003559,As3mt,6.46070625497581,36.2686604958217,0.0000000000000000122314536538512,0.0000000000000000834188239687874,-1.02622775663012,-12.7857229669579,0.00000000000000000262005750787502,0.0000000000000000204129287401672,-0.595240854100852,-1.24520599484396,-0.797619007050672,-1.37549219428451,-0.679459433918126,-1.46434905558262,-0.69077309835655,-1.3616824149037,0.490992279118646,TRUE,0,6,lower,TRUE,TRUE,TRUE,1.02622775663012,2072,TRUE
ENSMUSG00000034607,Pof1b,2.83567920718992,35.2360201750007,0.0000000000000000230523803043477,0.000000000000000153901809451234,-3.19627512383407,-12.7835352813942,0.00000000000000000263904361449072,0.0000000000000000205410226946594,-2.02247503532928,-3.51714012051659,-2.47096474696085,-4.59014472458766,-2.18454884241714,-4.39237727319291,-2.22599620823576,-4.16655403943239,0.109100141367904,TRUE,0,6,lower,TRUE,TRUE,TRUE,3.19627512383407,2074,TRUE
ENSMUSG00000028328,Tmod1,6.45956627026555,36.3359744688816,0.0000000000000000117421637745408,0.0000000000000000802174142244655,-1.04168902007851,-12.7832775618841,0.00000000000000000264128941231182,0.0000000000000000205485951725059,-0.880918358073918,-1.27127996510519,-1.41531108025773,-1.80449695561627,-0.19915492911572,-0.678972832302195,-0.831794789149124,-1.25158325100788,0.485758444077877,TRUE,0,6,lower,TRUE,TRUE,TRUE,1.04168902007851,2075,TRUE
ENSMUSG00000042129,Rassf4,5.20714657088488,43.5617374445252,0.000000000000000000200116783774838,0.00000000000000000158564914345806,-1.66873756099874,-12.7811817033619,0.00000000000000000265962492262438,0.0000000000000000206812741454361,-1.33567975327077,-2.93831510193249,-0.891291365886959,-2.70683601025068,-1.15019914327103,-0.990103991380495,-1.12572342080958,-2.21175170118789,0.314528453265736,TRUE,0,6,lower,TRUE,TRUE,TRUE,1.66873756099874,2076,TRUE
ENSMUSG00000090958,Lrrc32,6.60199020330091,49.3853131047018,0.00000000000000092179661337983,0.00000000000000542492261385002,1.818029956869,16.6036442597908,0.00000000000000000271759777999325,0.0000000000000000210914331550149,2.55843791423397,2.13168476590415,1.91260280368881,1.72298071498452,1.20325496667267,1.37921857572988,1.89143189486515,1.74462801887285,3.52599384643577,TRUE,6,0,higher,TRUE,TRUE,TRUE,1.818029956869,2080,TRUE
ENSMUSG00000026418,Tnni1,7.53663700817312,121.030132294443,0.0000000000000000213281564277852,0.00000000000000014292255260014,-2.41643274292675,-22.5165816960642,0.0000000000000000028694736546469,0.0000000000000000222487575441714,-2.09945365381523,-3.37427078292962,-2.58120190302974,-4.3531984052912,-0.493779614483891,-1.59669209801082,-1.72481172377629,-3.10805376207721,0.187318754680996,TRUE,0,6,lower,TRUE,TRUE,TRUE,2.41643274292675,2082,TRUE
ENSMUSG00000040111,Gramd1b,6.06532586897034,43.1219992013196,0.000000000000000000252312805473605,0.00000000000000000197530825352105,-1.09024364905023,-12.710664468438,0.00000000000000000335775902018005,0.0000000000000000259226704269567,-0.579529533961426,-1.79605551622866,-0.59258418852539,-1.57250523341171,-0.68579007601645,-1.31499734615775,-0.619301266167756,-1.56118603193271,0.469682045819528,TRUE,0,6,lower,TRUE,TRUE,TRUE,1.09024364905023,2091,TRUE
ENSMUSG00000030089,Slc41a3,6.57342870054175,33.9487888720158,0.0000000000000000518386344974089,0.000000000000000335000431021486,1.06182989538874,12.710143370427,0.0000000000000000033635555655557,0.0000000000000000259550083626987,1.04751227871471,1.30857138424269,1.20235472642584,1.75432977869959,0.319329876545179,0.738881327704426,0.856398960561908,1.26726083021557,2.08757769919818,TRUE,6,0,higher,TRUE,TRUE,TRUE,1.06182989538874,2092,TRUE
ENSMUSG00000049119,Fam110b,6.47922473081535,35.2952634921035,0.0000000000000000222207018556723,0.000000000000000148718403837528,1.075149525408,12.7023889507814,0.00000000000000000345101965225683,0.0000000000000000265917948670081,0.45293521570173,0.975058671463223,0.89486071813699,1.57335604819038,0.941999554553909,1.61268694440175,0.763265162797543,1.38703388801845,2.10694043046308,TRUE,6,0,higher,TRUE,TRUE,TRUE,1.075149525408,2095,TRUE
ENSMUSG00000056632,Dsg3,3.33801750478291,43.0327939033653,0.000000000000000000264520441390975,0.00000000000000000206687003164304,-2.49104374886855,-12.675918736222,0.00000000000000000376729797566734,0.0000000000000000289459739272717,-1.01119461228364,-3.26198135869019,-2.19165400290083,-4.51112176137149,-1.10160850585724,-2.86870225210795,-1.43481904034724,-3.54726845738987,0.177877538542038,TRUE,0,6,lower,TRUE,TRUE,TRUE,2.49104374886855,2100,TRUE
ENSMUSG00000112513,ENSMUSG00000112513,3.29064737749608,31.7002742011604,0.000000000000000226259273133723,0.00000000000000138931283613453,2.95432040584166,12.6713060502487,0.00000000000000000382534156921115,0.0000000000000000293779681026526,4.03855227020109,4.06778324142339,2.82413057759904,3.7400251936257,0.99427522187109,2.06115593032962,2.61898602322374,3.28965478845957,7.75066665588443,TRUE,6,0,higher,TRUE,TRUE,TRUE,2.95432040584166,2102,TRUE
ENSMUSG00000031461,Myom2,9.38698443904227,142.53249213935,0.0000000000000000111948191671512,0.0000000000000000765105697778672,-1.99880347902763,-23.3956689679243,0.0000000000000000038514358675796,0.000000000000000029564303000636,-1.69494882921799,-3.58009320781282,-1.84121705728414,-3.28646793940816,-0.462048738300794,-1.1280451021419,-1.33273820826764,-2.66486874978763,0.250207427289211,TRUE,0,6,lower,TRUE,TRUE,TRUE,1.99880347902763,2103,TRUE
ENSMUSG00000062380,Tubb3,9.30526590790567,130.97849902357,0.0000000000000000104175435754156,0.0000000000000000715234310519555,-1.41245401567437,-22.3753859341593,0.00000000000000000416765564898232,0.0000000000000000318855285030908,-0.604390968433155,-1.61712827684106,-0.745587202381531,-1.88606434147341,-1.12623338930624,-2.49531991561081,-0.825403853373641,-1.9995041779751,0.375672127012036,TRUE,0,6,lower,TRUE,TRUE,TRUE,1.41245401567437,2110,TRUE
ENSMUSG00000037347,Chst7,5.02311272606556,30.7409131704396,0.000000000000000434605224288355,0.00000000000000261687136728345,1.73871636898953,12.6369761387038,0.00000000000000000428674440311988,0.0000000000000000327500780404942,1.82808178595845,2.26912686328163,1.51097753330508,1.76457030033045,0.934862004073839,2.12467972698771,1.42464044111246,2.0527922968666,3.33738093758607,TRUE,6,0,higher,TRUE,TRUE,TRUE,1.73871636898953,2113,TRUE
ENSMUSG00000078606,Gm4070,3.08552106084594,34.484472167083,0.0000000000000000368952831296325,0.000000000000000241524961703835,-3.14584953589197,-12.6153270352364,0.00000000000000000460627856969231,0.0000000000000000350916257435314,-1.61583587957598,-2.84038676653044,-3.02500182739458,-4.34815339350914,-2.20688901878049,-4.83883032956121,-2.28257557525035,-4.00912349653359,0.112980873430933,TRUE,0,6,lower,TRUE,TRUE,TRUE,3.14584953589197,2119,TRUE
ENSMUSG00000021303,Gng4,4.73053963355517,33.060402298722,0.00000000000000251865761554668,0.0000000000000142762253819417,2.37762669553503,13.6392225498983,0.00000000000000000521089696937881,0.0000000000000000396042889720726,2.82561791788008,3.10857883578342,2.42972986901607,2.48573133393343,1.41376834408614,2.00233387251103,2.22303871032743,2.53221468074263,5.19681137523079,TRUE,6,0,higher,TRUE,TRUE,TRUE,2.37762669553503,2124,TRUE
ENSMUSG00000033174,Mgll,6.35178774523529,34.4653010011621,0.0000000000000000502991402179036,0.000000000000000326095992183782,1.17630931334354,12.5919061780931,0.00000000000000000645886596174542,0.0000000000000000486994270062851,1.39218037234911,1.68886715561443,1.06723009454471,1.85172770819294,0.34335686283158,0.714493686528506,0.934255776575133,1.41836285011196,2.25997891593976,TRUE,6,0,higher,TRUE,TRUE,TRUE,1.17630931334354,2141,TRUE
ENSMUSG00000048402,Gli2,4.64371701726699,27.8737168368827,0.0000000000000033601727867019,0.0000000000000187433549743361,1.64505739936006,12.509822857843,0.00000000000000000654461583897872,0.000000000000000049322938136617,1.5699348406931,1.17765434664437,1.71639101176988,2.26015857857952,1.48407750025977,1.66212811821371,1.59013445090758,1.69998034781253,3.12760300549205,TRUE,6,0,higher,TRUE,TRUE,TRUE,1.64505739936006,2142,TRUE
ENSMUSG00000038843,Gcnt1,6.46646524304139,85.289522763606,0.000000000000000855160932836961,0.00000000000000504563703903036,3.12780744217684,21.2386378921851,0.00000000000000000675302261510736,0.0000000000000000507750554614244,2.81764158901837,2.8741065855827,3.71199262802653,4.66246920258732,1.65261219737274,3.04802245047341,2.72741547147255,3.52819941288114,8.74105515833975,TRUE,6,0,higher,TRUE,TRUE,TRUE,3.12780744217684,2147,TRUE
ENSMUSG00000029223,Uchl1,5.77649500484386,28.2883663755697,0.00000000000000247674914041613,0.0000000000000140455124403942,-1.1735345485982,-12.3697879863595,0.000000000000000010454437023244,0.0000000000000000776649686452956,-1.18510019812287,-1.64539667176038,-0.700492128123635,-0.978726100378961,-1.4024042797211,-1.12908791348223,-1.09599886865587,-1.25107022854052,0.443333857701181,TRUE,0,6,lower,TRUE,TRUE,TRUE,1.1735345485982,2173,TRUE
ENSMUSG00000038670,Mybpc2,2.4380749566205,37.8970485422642,0.00000000000000000462995907717035,0.0000000000000000326096986835781,-3.00157516927422,-12.3432393728229,0.0000000000000000114284890168181,0.0000000000000000846673236340041,-0.73753958310158,-1.05711498714677,-3.44255586498243,-5.33657377928645,-2.61095995096306,-4.82470685016502,-2.26368513301569,-3.73946520553274,0.124863596460223,TRUE,0,6,lower,TRUE,TRUE,TRUE,3.00157516927422,2179,TRUE
ENSMUSG00000054409,Tmem74,5.09999037570438,60.6423917623185,0.0000000000000000000000829592855599896,0.000000000000000000000853001112608224,1.55834064942161,12.3422411797406,0.00000000000000001146685196035,0.000000000000000084873631910101,0.510405865229964,1.37479168509939,0.351267774501234,3.12154253799903,0.963612549831495,3.02842348386856,0.608428729854231,2.50825256898899,2.945149051385,TRUE,6,0,higher,TRUE,TRUE,TRUE,1.55834064942161,2181,TRUE
ENSMUSG00000020053,Igf1,8.75894195390553,97.1502633352952,0.000000000000000975325075328423,0.00000000000000573158816564497,3.53537983343514,22.0949052378656,0.0000000000000000145468356175885,0.000000000000000106595355140595,3.293343726984,5.26634017146384,2.93435990888509,4.44387553391375,1.98861433544787,3.28574532391628,2.73877265710565,4.33198700976462,11.5945894636428,TRUE,6,0,higher,TRUE,TRUE,TRUE,3.53537983343514,2203,TRUE
ENSMUSG00000001349,Cnn1,5.69281181618481,39.8634071621966,0.00000000000000000169547523324213,0.00000000000000001237903966089,1.40592269874883,12.2801356621895,0.0000000000000000155052381536681,0.000000000000000113309669314017,1.63115271950163,2.62474885198406,0.79063722604252,2.17892742778988,0.40474883174862,0.805321135426304,0.942179592430922,1.86966580506675,2.64987204711001,TRUE,6,0,higher,TRUE,TRUE,TRUE,1.40592269874883,2209,TRUE
ENSMUSG00000099906,Gm28653,8.51709451753562,114.438712021941,0.0000000000000000570465493741307,0.000000000000000367479028949159,-1.71097877967362,-21.2283440951663,0.0000000000000000156115323784972,0.000000000000000114034826781032,-1.96425167797934,-3.34513157633658,-1.38701624425022,-2.35193202737343,-0.27207743322993,-0.945463718872183,-1.20778178515316,-2.21417577419407,0.305452768231883,TRUE,0,6,lower,TRUE,TRUE,TRUE,1.71097877967362,2210,TRUE
ENSMUSG00000032532,Cck,1.73543783809476,30.5391463767453,0.000000000000000499522109902272,0.00000000000000299546263750088,-3.768324855796,-12.2403147943375,0.0000000000000000161565104700734,0.00000000000000011785564777153,-4.16434592521193,-5.14448568441758,-2.95995686666862,-4.04883826987116,-1.65754787182262,-4.63477451678411,-2.92728355456772,-4.60936615702428,0.0733873465001408,TRUE,0,6,lower,TRUE,TRUE,TRUE,3.768324855796,2213,TRUE
ENSMUSG00000028036,Ptgfr,6.04805233954057,42.400123252593,0.00000000000000247708442778928,0.0000000000000140455124403942,1.89033649496775,14.9126915540714,0.0000000000000000192612543958842,0.000000000000000139620309704876,1.79195505081912,2.66944511131751,1.86901081346768,2.42788653127744,1.03970399193763,1.54401747098712,1.56688995207481,2.21378303786069,3.7072168199771,TRUE,6,0,higher,TRUE,TRUE,TRUE,1.89033649496775,2227,TRUE
ENSMUSG00000021373,Cap2,4.44834883084439,31.4310449394182,0.0000000000000026370936346448,0.0000000000000149022418515422,-2.39697454264266,-12.853822613152,0.0000000000000000197303360766172,0.000000000000000142828168289162,-2.50963144318518,-2.56681267458448,-2.27667241571597,-3.50552127775542,-1.30161457861977,-2.22159486599516,-2.0293061458403,-2.76464293944502,0.189862311449785,TRUE,0,6,lower,TRUE,TRUE,TRUE,2.39697454264266,2230,TRUE
ENSMUSG00000020911,Krt19,5.11824326150742,42.3989968054784,0.000000000000000126041479918798,0.000000000000000788027734441969,-2.18943583150756,-13.6729600436521,0.0000000000000000224402452676833,0.000000000000000161792264116218,-1.52265313000932,-2.69241702826028,-1.62837110793144,-2.21692585161636,-1.42718835288203,-3.64905951834595,-1.52607086360759,-2.85280079940753,0.219237146648957,TRUE,0,6,lower,TRUE,TRUE,TRUE,2.18943583150756,2239,TRUE
ENSMUSG00000040694,Apobec2,6.60496473995506,39.4156847365229,0.00000000000000140255776340405,0.00000000000000815028436811792,-1.41513522679265,-14.0657819892844,0.0000000000000000231547400421104,0.00000000000000016679472043721,-1.08738320177088,-1.4783447298724,-1.82443500153879,-2.20812230800621,-0.604782873215672,-1.28774324635197,-1.17220035884178,-1.65807009474353,0.374974598528854,TRUE,0,6,lower,TRUE,TRUE,TRUE,1.41513522679265,2241,TRUE
ENSMUSG00000032298,Neil1,5.70798158010372,34.6231475411794,0.0000000000000000338085147161336,0.000000000000000221948293234056,-1.27544461343849,-12.0922656319431,0.000000000000000026647753114191,0.000000000000000191103810982845,-1.03698029625184,-2.25164582955687,-1.19625611047295,-1.73474442281155,-0.431029313147091,-1.00201170839065,-0.888088573290629,-1.66280065358635,0.413097829914629,TRUE,0,6,lower,TRUE,TRUE,TRUE,1.27544461343849,2251,TRUE
ENSMUSG00000038763,Alpk3,4.31878431521387,40.5136259437271,0.000000000000000230457207623063,0.00000000000000141293987947554,-2.78531328165695,-13.5196372012828,0.0000000000000000273369947970708,0.000000000000000195872661788333,-2.92935032031705,-3.3581803042506,-2.60226299551793,-4.83204080300026,-0.875941534086121,-2.11410373276974,-2.13585161664037,-3.43477494667353,0.145056486818474,TRUE,0,6,lower,TRUE,TRUE,TRUE,2.78531328165695,2253,TRUE
ENSMUSG00000025930,Msc,4.89909195207932,41.0545825183343,0.000000000000000000770079113950925,0.00000000000000000580092726855333,-1.66072108714621,-12.0767301829714,0.0000000000000000280889030902914,0.000000000000000201081668552805,-1.44746044989094,-3.03074860003679,-1.13555784896925,-2.79668797502299,-0.35197059789216,-1.20190105106511,-0.978329632250784,-2.34311254204163,0.316281025548283,TRUE,0,6,lower,TRUE,TRUE,TRUE,1.66072108714621,2255,TRUE
ENSMUSG00000057751,Megf6,5.77150169275365,75.2606282538595,0.00000000000000278768791483425,0.0000000000000156909504913422,3.59512808858204,19.7094728763837,0.0000000000000000295699722003987,0.000000000000000211496704134265,3.0694679405936,4.64050560564495,3.1630272905547,4.51434264233735,2.14346879845845,4.03995625390316,2.79198800986892,4.39826816729516,12.0848535814084,TRUE,6,0,higher,TRUE,TRUE,TRUE,3.59512808858204,2257,TRUE
ENSMUSG00000028631,Kcnq4,6.30433998320822,38.7029601915875,0.0000000000000000117990068282642,0.0000000000000000805375759952089,-1.20948494938016,-12.3764925381704,0.0000000000000000302119220554919,0.000000000000000215992496785565,-0.982073488982381,-1.87843739678621,-1.15573453157483,-2.08933786532711,-0.216441586815877,-0.934884826794532,-0.784749869124364,-1.63422002963595,0.432422965643905,TRUE,0,6,lower,TRUE,TRUE,TRUE,1.20948494938016,2258,TRUE
ENSMUSG00000084941,Gm11944,6.25752744483727,28.1605535166477,0.00000000000000271998613097522,0.0000000000000153312626090548,1.10112043680171,12.0224610770978,0.0000000000000000337710773684785,0.00000000000000024058539362725,0.77184122973896,1.30765032728209,1.32333144764098,1.53976559131716,0.587906389144489,1.07622763568659,0.894359688841475,1.30788118476195,2.14521230940617,TRUE,6,0,higher,TRUE,TRUE,TRUE,1.10112043680171,2266,TRUE
ENSMUSG00000006586,Runx1t1,3.82919894143815,52.0647492004213,0.0000000000000000000591494333154185,0.000000000000000000484941240228949,-2.8050695072867,-12.557981816427,0.0000000000000000356886794858195,0.000000000000000253798393365455,-1.34303453115561,-5.24223201469342,-1.11957887997601,-4.6298053697031,-1.44031237390759,-3.05545387428447,-1.30097526167974,-4.30916375289366,0.143083626314245,TRUE,0,6,lower,TRUE,TRUE,TRUE,2.8050695072867,2270,TRUE
ENSMUSG00000032702,Kank1,5.63781414507002,39.3109111735247,0.00000000000000000231548552524277,0.0000000000000000166944541464913,1.40145277909298,12.0162817603556,0.0000000000000000377106394045879,0.000000000000000267941396086383,1.58103084577539,2.5535581020118,1.25775553906617,2.38090962609935,0.00954209122181648,0.625920470383338,0.949442825354456,1.8534627328315,2.64167462184902,TRUE,6,0,higher,TRUE,TRUE,TRUE,1.40145277909298,2272,TRUE
ENSMUSG00000061086,Myl4,7.19213362735093,99.8772831375215,0.000000000000000187705516093402,0.00000000000000115874957793338,-2.38660354620501,-20.0986646666892,0.0000000000000000382079334894458,0.000000000000000271355332300978,-1.24185165129456,-1.67223042951259,-3.24471660127103,-4.96334336717845,-0.898004634257587,-2.29947459371586,-1.79485762894106,-2.97834946346897,0.191232078249382,TRUE,0,6,lower,TRUE,TRUE,TRUE,2.38660354620501,2273,TRUE
ENSMUSG00000029134,Plb1,2.80659645073883,42.6256307401684,0.000000000000000000328515991021379,0.00000000000000000254595950218825,2.81040491821117,11.9325876029609,0.0000000000000000458570514060959,0.000000000000000323686218123571,2.48141362481444,5.08746095649684,2.07522997571566,4.77286054145166,0.00230094146000948,2.44316346932842,1.51964818066337,4.10116165575897,7.01481432758143,TRUE,6,0,higher,TRUE,TRUE,TRUE,2.81040491821117,2287,TRUE
ENSMUSG00000022425,Enpp2,8.25975024268108,76.5451453190523,0.0000000000000150751905840292,0.0000000000000798945507544264,3.80878038316463,21.0123105146293,0.0000000000000000463496611998524,0.000000000000000327020358719064,3.28445936530461,3.12173858933542,3.8861041998316,4.5948567524165,3.47617425867237,4.48934913342726,3.5489126079362,4.06864815839306,14.0138395968736,TRUE,6,0,higher,TRUE,TRUE,TRUE,3.80878038316463,2288,TRUE
ENSMUSG00000027932,Slc27a3,5.48240110319283,28.4247084923231,0.00000000000000224196880929083,0.000000000000012784211405292,-1.23930246237212,-11.9153129885223,0.000000000000000048640118254034,0.000000000000000342731309024387,-0.897564434691387,-1.37760343027772,-1.52223253733627,-1.96669067832635,-0.592251857061644,-1.07947183653934,-1.0040162763631,-1.47458864838114,0.423577404762284,TRUE,0,6,lower,TRUE,TRUE,TRUE,1.23930246237212,2291,TRUE
ENSMUSG00000038530,Rgs4,4.65084813778552,57.9946785602813,0.0000000000000000123606557248587,0.0000000000000000841932765259046,2.89451533199282,14.4502889760474,0.0000000000000000491663613833207,0.000000000000000346288207596399,0.999349176005546,4.00914309192651,2.58601438738408,5.12706361330617,1.21087476843401,3.43464695490062,1.59874611060788,4.19028455337776,7.43594104464506,TRUE,6,0,higher,TRUE,TRUE,TRUE,2.89451533199282,2292,TRUE
ENSMUSG00000022156,Gzme,2.98433016596986,30.0635555374922,0.000000000000000695423705654352,0.0000000000000041320323980173,-2.80869483071045,-11.8937983181412,0.0000000000000000523464063018019,0.000000000000000367723253668402,-2.69011649256995,-3.7757504626454,-2.52772267210821,-4.03273867267035,-0.960110762669759,-2.86572992159901,-2.05931664244931,-3.55807301897159,0.142724525321927,TRUE,0,6,lower,TRUE,TRUE,TRUE,2.80869483071045,2298,TRUE
ENSMUSG00000096619,Gm2035,3.6718812710208,28.3226198429464,0.00000000000000241546850149267,0.0000000000000137202350526377,2.39530699771433,11.8885650782607,0.0000000000000000532903073401635,0.000000000000000374191140231518,1.42763935378158,1.56030454049945,4.08528416536316,3.59748996363578,1.6766404807118,2.02448348229421,2.39652133328552,2.39409266214315,5.2608904107894,TRUE,6,0,higher,TRUE,TRUE,TRUE,2.39530699771433,2299,TRUE
ENSMUSG00000007097,Atp1a2,6.62488570463642,70.5520112340065,0.0000000000000000800531835612297,0.00000000000000050938058424475,-1.92602512606454,-16.470094430507,0.000000000000000054611834574503,0.000000000000000383137264465972,-1.34512562165141,-2.41103469927805,-2.12936122461065,-3.88033089201952,-0.360536150677426,-1.42976216815019,-1.27834099897983,-2.57370925314925,0.263153205545224,TRUE,0,6,lower,TRUE,TRUE,TRUE,1.92602512606454,2301,TRUE
ENSMUSG00000028337,Coro2a,5.272186818795,35.2447504264694,0.0000000000000000229278252502029,0.000000000000000153133588338447,1.54164853066995,11.8730523261839,0.0000000000000000561906270748791,0.000000000000000393871164945624,0.986980320600713,1.75713837778308,1.71298913161018,2.66893100593692,0.297067759955478,1.82678458813335,0.999012404055457,2.08428465728445,2.91126976812958,TRUE,6,0,higher,TRUE,TRUE,TRUE,1.54164853066995,2303,TRUE
ENSMUSG00000104443,4932442E05Rik,5.90895388405516,29.876507367994,0.000000000000000792913389510168,0.00000000000000469552488879774,-1.10791212920817,-11.8519682888689,0.0000000000000000603902346754037,0.000000000000000422574580999151,-0.894504120228135,-1.48829703284475,-1.05710416349438,-1.81814469901455,-0.592023199132804,-0.79739956053443,-0.847877160951771,-1.36794709746458,0.463964996272792,TRUE,0,6,lower,TRUE,TRUE,TRUE,1.10791212920817,2307,TRUE
ENSMUSG00000063415,Cyp26b1,5.37919264420357,27.0587981284695,0.00000000000000617930008976097,0.0000000000000338833020886587,-1.31450263623507,-11.8493577461434,0.000000000000000060931829462886,0.000000000000000425995029458366,-1.53444554912171,-1.5105519473178,-0.824415710264157,-1.55017977242482,-0.892749088768065,-1.57467374951385,-1.08387011605131,-1.54513515641882,0.402064081582683,TRUE,0,6,lower,TRUE,TRUE,TRUE,1.31450263623507,2309,TRUE
ENSMUSG00000115678,Gm49212,3.7465470332943,41.3876138969192,0.00000000000000000787207786787478,0.0000000000000000546106373103148,-2.84087717700203,-12.3916618055368,0.0000000000000000615170288248467,0.000000000000000429900171566883,-1.99255493259842,-3.55260783799812,-1.67079631682865,-5.0017119504071,-1.20765204927881,-3.61993997490105,-1.62366776623529,-4.05808658776876,0.139576002463305,TRUE,0,6,lower,TRUE,TRUE,TRUE,2.84087717700203,2310,TRUE
ENSMUSG00000044468,Fam46c,5.8577907954841,37.0757518095115,0.00000000000000000752593798857441,0.0000000000000000522542868600244,1.16753583147981,11.8431713417466,0.0000000000000000622349766159633,0.000000000000000434353319287287,0.741460123757358,1.29810747441624,0.468370509907982,1.64713191965328,0.841485734149312,2.00865922699469,0.683772122604884,1.65129954035474,2.24627697914593,TRUE,6,0,higher,TRUE,TRUE,TRUE,1.16753583147981,2313,TRUE
ENSMUSG00000027360,Hdc,4.41999038670635,41.693688784061,0.0000000000000000148644889597549,0.000000000000000100611088166593,-2.39341670740253,-12.580913387523,0.0000000000000000626385545454461,0.000000000000000436603707265603,-1.55062357645671,-3.59485011410436,-1.48891938309519,-4.17620417732526,-1.25262328617273,-2.29727970726094,-1.43072208190821,-3.35611133289685,0.190331109368534,TRUE,0,6,lower,TRUE,TRUE,TRUE,2.39341670740253,2315,TRUE
ENSMUSG00000031351,Zfp185,4.48900285140182,47.4211816193482,0.0000000000000060037093775541,0.000000000000032965265470019,3.552015257211,15.5918493101958,0.0000000000000000669573169498654,0.000000000000000465901710138654,2.37232486912083,3.43836012929518,4.48821387548934,5.35010700444926,1.96873977722538,3.69434588768602,2.94309284061185,4.16093767381015,11.7290580974271,TRUE,6,0,higher,TRUE,TRUE,TRUE,3.552015257211,2320,TRUE
ENSMUSG00000049093,Il23r,3.84905180557441,36.3757420087207,0.00000000000000173263125368104,0.000000000000009999952208857,3.13378721000676,13.169372108186,0.000000000000000073204908902139,0.000000000000000507841359865591,2.5830241869224,4.41645437878176,1.89741750086336,3.81114069660999,2.20536269653672,3.88932380032629,2.22860146144083,4.03897295857268,8.77736079022208,TRUE,6,0,higher,TRUE,TRUE,TRUE,3.13378721000676,2327,TRUE
ENSMUSG00000113178,Mylf-ps,4.70484948197521,40.5792186118718,0.000000000000000191316134717897,0.0000000000000011796853944809,-2.37556925050319,-13.0921550649131,0.0000000000000000749236417104821,0.00000000000000051931831177858,-1.9450809412748,-3.97952933486606,-2.40869962791981,-3.68432546349519,-0.74472688216513,-1.49105325329819,-1.69950248378658,-3.05163601721981,0.192700303570305,TRUE,0,6,lower,TRUE,TRUE,TRUE,2.37556925050319,2329,TRUE
ENSMUSG00000069806,Cacng7,3.65821899887901,28.7096093311661,0.00000000000000182278354366827,0.0000000000000104940066852485,2.23800829706514,11.7758064338312,0.0000000000000000783873649046956,0.000000000000000542394869977069,0.959866005263436,2.5064578498274,2.08584987876883,3.05059936910392,1.911596733652,2.91367994577526,1.65243753922809,2.82357905490219,4.7174534994538,TRUE,6,0,higher,TRUE,TRUE,TRUE,2.23800829706514,2333,TRUE
ENSMUSG00000049690,Nckap5,4.61363580375332,25.0209654909736,0.0000000000000300918006966806,0.000000000000155297934349909,1.78414980495277,11.765821927556,0.0000000000000000811185540883882,0.000000000000000560572268257213,1.84920922987709,2.21906188415026,1.63026683317143,2.07316962372758,1.10656024309013,1.82663101570012,1.52867876871288,2.03962084119266,3.44415436503438,TRUE,6,0,higher,TRUE,TRUE,TRUE,1.78414980495277,2336,TRUE
ENSMUSG00000046818,Ddit4l,6.99542217027946,35.4647288784783,0.000000000000000790159019065354,0.00000000000000468093102560441,1.05075235334025,12.7218327762693,0.000000000000000081404185060419,0.00000000000000056206490993599,0.12983908758638,0.566482396618559,1.29849276585389,1.63016509234776,1.18824898257059,1.49128579506434,0.872193612003618,1.22931109467689,2.07160989319164,TRUE,6,0,higher,TRUE,TRUE,TRUE,1.05075235334025,2338,TRUE
ENSMUSG00000034997,Htr2a,4.65145548555344,34.5219498078493,0.0000000000000000360333448377727,0.000000000000000236073979592599,1.72359004282038,11.7477942350464,0.0000000000000000862959335924511,0.000000000000000595076999565544,1.42141580619952,2.64604353540339,2.0407277088809,2.69477954095674,0.0398659277626559,1.49870773771908,1.16733648094769,2.27984360469307,3.30257206532503,TRUE,6,0,higher,TRUE,TRUE,TRUE,1.72359004282038,2341,TRUE
ENSMUSG00000048572,Tmem252,2.57805921089399,26.8285718134362,0.00000000000000735739112791114,0.0000000000000400574586771904,-2.51854353496463,-11.7329026632373,0.0000000000000000908237799326606,0.000000000000000624965166007221,-1.79108271809148,-1.79108271809148,-3.31313376538644,-4.05980409336383,-1.58925172198642,-2.56690619286815,-2.23115606848812,-2.80593100144116,0.174519054164986,TRUE,0,6,lower,TRUE,TRUE,TRUE,2.51854353496463,2346,TRUE
ENSMUSG00000020524,Gria1,4.12875982684537,40.9368387049043,0.000000000000000000821707593961085,0.00000000000000000617830726097522,-2.16665866944689,-11.7203971170851,0.0000000000000000948112154552098,0.000000000000000651569796123224,-1.20673895514033,-3.37055021130278,-0.970616772819807,-2.39034825865357,-1.15350957418505,-3.90818824457977,-1.1102884340484,-3.22302890484537,0.222725914157163,TRUE,0,6,lower,TRUE,TRUE,TRUE,2.16665866944689,2349,TRUE
ENSMUSG00000021998,Lcp1,2.9002203361368,24.9360602641596,0.0000000000000401769417268496,0.000000000000205310658530083,3.22896992179364,11.7774526632727,0.0000000000000000981309761670947,0.000000000000000673810441627142,3.59058149561513,4.24419467174518,3.12434018185827,3.62915607956393,1.89169874991525,2.8938483520641,2.86887347579621,3.58906636779107,9.37598279101918,TRUE,6,0,higher,TRUE,TRUE,TRUE,3.22896992179364,2351,TRUE
ENSMUSG00000020646,Mboat2,4.70701840176257,34.6366037097393,0.000000000000000033523579816819,0.000000000000000220256877892922,-1.68162732521835,-11.6746793481046,0.000000000000000110955926488934,0.000000000000000757682538625577,-0.99881660860993,-1.34009100215962,-1.92669700833991,-3.29181855164359,-0.519785350269859,-2.01255543028723,-1.14843298907323,-2.21482166136348,0.311730813997237,TRUE,0,6,lower,TRUE,TRUE,TRUE,1.68162732521835,2364,TRUE
ENSMUSG00000041703,Zic5,4.72887828232349,23.3548428354775,0.000000000000117592755506176,0.000000000000576990836515562,1.62464042470455,11.6682184038366,0.00000000000000011345163697805,0.000000000000000773743040023936,1.36695392806553,1.31237210212106,1.86995574347022,2.00413801779331,1.70717906783969,1.48724368893751,1.64802957979181,1.60125126961729,3.08365298966891,TRUE,6,0,higher,TRUE,TRUE,TRUE,1.62464042470455,2367,TRUE
ENSMUSG00000059742,Kcnh7,3.61997408781887,34.1582985626572,0.0000000000000000453610196266283,0.000000000000000295505625436909,-2.27676895296491,-11.6323600074385,0.0000000000000001283710295748,0.000000000000000872912186363101,-1.36347893883187,-3.54544828250537,-1.69184519465357,-3.58343722117892,-1.08065089496705,-2.39575318565269,-1.3786583428175,-3.17487956311232,0.206359397857183,TRUE,0,6,lower,TRUE,TRUE,TRUE,2.27676895296491,2374,TRUE
ENSMUSG00000027961,Lrrc39,5.18816363879979,36.7823122761157,0.00000000000000000897073295020269,0.0000000000000000619522693046785,-1.44853084832049,-11.6209389210409,0.000000000000000133527772309894,0.000000000000000906831648463866,-0.0986302646380643,-0.522259021611759,-2.1302802653803,-3.02871461188192,-0.980320271814228,-1.93098065459669,-1.06974360061086,-1.82731809603012,0.36639434748627,TRUE,0,6,lower,TRUE,TRUE,TRUE,1.44853084832049,2377,TRUE
ENSMUSG00000004473,Clec11a,3.46048653065806,25.888994992979,0.0000000000000151675569913361,0.0000000000000802523344841489,2.23244878036313,11.6090069172522,0.000000000000000139139029640881,0.000000000000000944145168344993,2.01650036801348,2.69742567300444,1.85846681170299,2.85190752909112,1.37915316654774,2.59123913381899,1.75137344875474,2.71352411197152,4.69930947567564,TRUE,6,0,higher,TRUE,TRUE,TRUE,2.23244878036313,2379,TRUE
ENSMUSG00000048368,Omd,8.70289741475973,100.763720739424,0.000000000000000639143464151208,0.000000000000003814304229868,2.29790142491538,19.8395716877326,0.000000000000000173037446992847,0.00000000000000116534981510452,1.25234835520157,2.69575842264823,0.821530774157434,3.11024758890278,2.0678950523583,3.83962835622399,1.38059139390577,3.215211455925,4.91741946481319,TRUE,6,0,higher,TRUE,TRUE,TRUE,2.29790142491538,2397,TRUE
ENSMUSG00000048764,Tmprss11f,5.14198206222434,67.0902473055205,0.0000000000000000225331850975496,0.000000000000000150747288449956,-2.7307035983434,-14.9412971448318,0.00000000000000017602241483101,0.00000000000000118446429454648,-1.22270597220586,-3.77118329746259,-1.09688497589612,-4.48045922704653,-1.69262139728281,-4.12036672016651,-1.33740411512826,-4.12400308155854,0.150652487744545,TRUE,0,6,lower,TRUE,TRUE,TRUE,2.7307035983434,2398,TRUE
ENSMUSG00000034648,Lrrn1,7.96111864998955,138.831102381143,0.000000000000000015212617536003,0.000000000000000102924260219487,-2.55284169201216,-19.7097206367397,0.000000000000000200325585608817,0.00000000000000134129238012573,-1.09222974391652,-4.19361860812318,-1.07935928758926,-4.08908911443788,-0.764070820261036,-4.0986825777451,-0.978553283922272,-4.12713010010205,0.170419025089312,TRUE,0,6,lower,TRUE,TRUE,TRUE,2.55284169201216,2411,TRUE
ENSMUSG00000014602,Kif1a,5.94366493247438,43.5074505504829,0.000000000000000000205904223865048,0.0000000000000000016293685714968,1.09726771629271,11.5023593753016,0.000000000000000201178274025542,0.00000000000000134588515441124,0.549248465193303,1.52474024465405,0.550735287419683,2.15269600633239,0.396398916524424,1.40978737763243,0.498794223045803,1.69574120953962,2.13949115744982,TRUE,6,0,higher,TRUE,TRUE,TRUE,1.09726771629271,2413,TRUE
ENSMUSG00000030022,Adamts9,3.03655208973945,25.4777622571362,0.0000000000000209402446816375,0.00000000000010932676904776,2.84543428276468,11.4930287558774,0.000000000000000207788048650132,0.00000000000000138837850552942,2.51813064638864,3.50567717947144,2.70714285456037,4.05101382505988,1.587944186657,2.70269700445079,2.27107256253533,3.41979600299404,7.18722216855743,TRUE,6,0,higher,TRUE,TRUE,TRUE,2.84543428276468,2416,TRUE
ENSMUSG00000046447,Camk2n1,4.97004508511781,25.8011383923924,0.0000000000000162445153205611,0.0000000000000856418062768835,1.49664739553685,11.4733992661301,0.000000000000000222419005250461,0.00000000000000148429516401745,1.51709725443993,1.41439839872497,1.35137201772275,2.37148378387414,0.940061691600135,1.38547122685915,1.26951032125427,1.72378446981942,2.82186192031669,TRUE,6,0,higher,TRUE,TRUE,TRUE,1.49664739553685,2419,TRUE
ENSMUSG00000038521,C1s1,8.44375678313206,69.2370094486663,0.0000000000000466546024103606,0.000000000000236838127896368,2.05204950317966,19.5623834267068,0.000000000000000235721284851045,0.00000000000000156852790657478,1.79089040030915,2.27100434006635,1.61661572894894,2.23082472357666,1.75968764337008,2.6432741828068,1.72239792420939,2.38170108214994,4.1469466957757,TRUE,6,0,higher,TRUE,TRUE,TRUE,2.05204950317966,2426,TRUE
ENSMUSG00000115936,ENSMUSG00000115936,4.10706666991137,35.232137987647,0.0000000000000000231079925294011,0.000000000000000154209311038496,-1.98223339375798,-11.4531005138391,0.000000000000000238645249085931,0.00000000000000158733014256044,-1.30252011606526,-2.74014082504806,-1.2018537055585,-3.28113882214729,-0.816230723951047,-2.55151616977773,-1.10686818185827,-2.85759860565769,0.253097753326299,TRUE,0,6,lower,TRUE,TRUE,TRUE,1.98223339375798,2427,TRUE
ENSMUSG00000025213,Kazald1,5.47762352216241,30.0775569045391,0.000000000000000688644579203797,0.00000000000000409609043555155,1.37611295440941,11.4468343350456,0.000000000000000243892006721699,0.00000000000000161889336534062,1.12605282528746,1.66996905251737,0.947924887587772,2.12112413792761,0.669464434368781,1.72214238876749,0.914480715748006,1.83774519307082,2.59568075223064,TRUE,6,0,higher,TRUE,TRUE,TRUE,1.37611295440941,2432,TRUE
ENSMUSG00000061411,Nol4l,5.45252016695427,30.2526415256058,0.000000000000000609422675737543,0.00000000000000363828041953815,1.33942386346527,11.4351545769976,0.000000000000000253984791636371,0.00000000000000168242777652275,0.694813660952208,1.1774885734236,0.901388534376602,2.02646256613348,1.13202998323187,2.10435986267387,0.909410726186895,1.76943700074365,2.53050243652768,TRUE,6,0,higher,TRUE,TRUE,TRUE,1.33942386346527,2437,TRUE
ENSMUSG00000034656,Cacna1a,5.47362865610146,28.2230850878391,0.00000000000000259803651727296,0.000000000000014700351734433,1.28217340481597,11.4011992024773,0.00000000000000028578926590278,0.00000000000000188768253660744,0.960927918628118,2.15507003682776,1.15713121631893,1.54614626557955,0.745460137334796,1.1283048542067,0.954506424093947,1.609840385538,2.43205086929759,TRUE,6,0,higher,TRUE,TRUE,TRUE,1.28217340481597,2444,TRUE
ENSMUSG00000034686,Prr7,3.89111864180545,24.0239525705866,0.0000000000000674922990822627,0.000000000000337942985138017,2.00979166519926,11.3912881729699,0.000000000000000295810304884538,0.00000000000000194908806193922,2.05510930542093,2.37556168467253,2.16799753489806,2.50423681169008,0.978036228395457,1.9778084261185,1.73371435623815,2.28586897416037,4.02724059779098,TRUE,6,0,higher,TRUE,TRUE,TRUE,2.00979166519926,2450,TRUE
ENSMUSG00000087187,Gm13431,5.63791237752435,35.1661615046373,0.0000000000000000240746383694989,0.000000000000000160328748844398,-1.2273866475111,-11.3393804938511,0.000000000000000354396758356517,0.00000000000000231620521058674,-1.20657142962137,-2.47600277633296,-0.492872001437591,-1.40960814257257,-0.485213532826275,-1.29405200227583,-0.728218987961745,-1.72655430706045,0.427090393328725,TRUE,0,6,lower,TRUE,TRUE,TRUE,1.2273866475111,2470,TRUE
ENSMUSG00000027956,Tmem144,4.7522386878277,36.8829945058088,0.00000000000000000844513374986988,0.0000000000000000585106412549998,-1.59718388783992,-11.3318185432614,0.000000000000000363860067262455,0.00000000000000237612988099426,-0.908356629649046,-1.99623201265748,-0.819550336153877,-2.86375242299456,-0.808746174401835,-2.18646575118273,-0.845551046734919,-2.34881672894492,0.330521519885548,TRUE,0,6,lower,TRUE,TRUE,TRUE,1.59718388783992,2472,TRUE
ENSMUSG00000104465,BC002189,4.45215600671698,31.1552267434392,0.000000000000000327239961781018,0.00000000000000198744721709217,-1.79347878569981,-11.3192252448279,0.000000000000000380189924926559,0.0000000000000024777577545779,-1.39844748064054,-2.72949232167635,-1.46480451375545,-2.89614332514935,-0.585697855626742,-1.68628721735044,-1.14964995000758,-2.43730762139205,0.288475602393982,TRUE,0,6,lower,TRUE,TRUE,TRUE,1.79347878569981,2477,TRUE
ENSMUSG00000025475,Adgra1,3.28104432401468,26.5147314269748,0.00000000000000934944679288884,0.0000000000000504945197650065,2.28362082497846,11.3122345077301,0.000000000000000389572458098603,0.00000000000000253583394801845,1.06431566427286,2.51163637691077,2.43918869111773,3.52562137656445,1.64332947611708,2.51763336488788,1.71561127716922,2.8516303727877,4.86898422008948,TRUE,6,0,higher,TRUE,TRUE,TRUE,2.28362082497846,2480,TRUE
ENSMUSG00000040037,Negr1,2.05731115338509,28.045190668239,0.00000000000000296076364944411,0.000000000000016613002291615,2.98071824126296,11.2313781158672,0.000000000000000516699876112582,0.00000000000000333776954785331,1.81373410298022,3.02388216200732,1.9947622610728,4.09662880736312,2.3341459087519,4.62115620540237,2.04754742426831,3.9138890582576,7.89379055707356,TRUE,6,0,higher,TRUE,TRUE,TRUE,2.98071824126296,2499,TRUE
ENSMUSG00000039899,Fgl2,4.5316818212553,40.1872680206087,0.0000000000000000616483955496177,0.000000000000000395859208177199,-2.23893368189904,-12.0418301939964,0.00000000000000052552436017106,0.00000000000000339341589849657,-1.38364950854094,-3.06726851667161,-1.0648719713004,-3.87721891310843,-1.24385469266721,-2.79673848910566,-1.23079205750285,-3.24707530629523,0.211842846548047,TRUE,0,6,lower,TRUE,TRUE,TRUE,2.23893368189904,2500,TRUE
ENSMUSG00000093847,Gm5039,5.28996559122876,44.6303376848931,0.000000000000101646836162582,0.000000000000501339711632314,2.90006813381888,15.4774534641706,0.000000000000000615162860468132,0.00000000000000395168088202827,3.47845006367417,3.73498984145331,3.63044369843172,3.39753219126772,1.28329089435613,1.87570211373025,2.79739488548734,3.00274138215043,7.46461645365321,TRUE,6,0,higher,TRUE,TRUE,TRUE,2.90006813381888,2513,TRUE
ENSMUSG00000010311,Optc,3.37001015005765,26.4928083711688,0.0000000000000095079723328372,0.0000000000000512820572565957,2.49156474205628,11.1726494997157,0.00000000000000063466281888203,0.00000000000000406723377737698,2.93152200170848,4.11921343366245,1.60761466991852,2.64792114902136,1.0976372917357,2.54547990629117,1.87892465445423,3.10420482965833,5.62387583262072,TRUE,6,0,higher,TRUE,TRUE,TRUE,2.49156474205628,2519,TRUE
ENSMUSG00000039385,Cdh6,1.89452554651155,23.8539544658866,0.0000000000000776377970030002,0.000000000000386942561599084,-3.17473011767138,-11.1422588459118,0.000000000000000706038714037203,0.0000000000000045138942418624,-3.28367771520691,-2.91393654734969,-2.24400488808686,-2.63604964951155,-2.95246391549228,-5.01824799038099,-2.82671550626202,-3.52274472908074,0.110741654189405,TRUE,0,6,lower,TRUE,TRUE,TRUE,3.17473011767138,2525,TRUE
ENSMUSG00000022269,March11,6.65087427651147,54.5364198496208,0.0000000000000000936525315168106,0.000000000000000592643205125783,-1.43644509184316,-13.5838641038848,0.000000000000000747585139337173,0.00000000000000476818131344132,-0.708865080250419,-1.9555871593984,-0.970005429459713,-2.83601972312905,-0.608635202918398,-1.53955795590295,-0.76250190420951,-2.1103882794768,0.36947660147115,TRUE,0,6,lower,TRUE,TRUE,TRUE,1.43644509184316,2531,TRUE
ENSMUSG00000095180,Rhox5,3.73955209391001,21.5520063719186,0.000000000000555143405156158,0.0000000000025685525908386,2.24192973048121,11.1167460273896,0.000000000000000772187897990907,0.0000000000000049212117004608,1.80947380862329,2.63941021940816,2.16422263054974,2.06897376654693,2.16924272864775,2.60025522911141,2.04764638927359,2.43621307168883,4.73029359639316,TRUE,6,0,higher,TRUE,TRUE,TRUE,2.24192973048121,2533,TRUE
ENSMUSG00000057003,Myh4,3.73548224260971,30.5399748412112,0.00000000000000049923595790144,0.00000000000000299485918558267,-1.83486049173135,-11.0922912753496,0.000000000000000841466766028317,0.00000000000000534584730578321,-0.414941689577436,-2.02082139851984,-2.18807445482105,-3.23792754271697,-1.00770364783801,-2.13969421691478,-1.20357326407883,-2.46614771938386,0.280318624941181,TRUE,0,6,lower,TRUE,TRUE,TRUE,1.83486049173135,2541,TRUE
ENSMUSG00000015579,Nkx2-5,4.34154663090988,24.294015351234,0.0000000000000541060011691323,0.000000000000272692218817765,1.65173401425165,11.0783050034516,0.000000000000000883877418516703,0.00000000000000560425497530053,1.46125657179824,2.34057377799222,1.35348315449147,2.2023147862997,1.02011909376095,1.5326567011673,1.27828627335022,2.02518175515307,3.1421107108862,TRUE,6,0,higher,TRUE,TRUE,TRUE,1.65173401425165,2546,TRUE
ENSMUSG00000027315,Spint1,5.11098689072753,49.2981440076282,0.0000000000000000000114438576559985,0.0000000000000000000988962495400343,-1.3400508741343,-11.0492220910934,0.000000000000000979108457991116,0.00000000000000618136403494352,-0.343818809705605,-1.59510541812729,-0.645327351121795,-1.34905927336685,-0.717416369506343,-3.38957802297789,-0.568854176777914,-2.11124757149068,0.395006726460108,TRUE,0,6,lower,TRUE,TRUE,TRUE,1.3400508741343,2557,TRUE
ENSMUSG00000115483,ENSMUSG00000115483,4.93874524471179,33.5874215751274,0.000000000000000065356417772667,0.000000000000000418172275903355,-1.43187410850234,-11.0477865874337,0.000000000000000984068696510325,0.00000000000000621025057379444,-1.30808138681719,-2.39824815092514,-0.906856636174165,-2.31836754712392,-0.239178517000154,-1.42051241297348,-0.818038846663835,-2.04570937034085,0.370649094374995,TRUE,0,6,lower,TRUE,TRUE,TRUE,1.43187410850234,2558,TRUE
ENSMUSG00000086596,Susd5,7.02650918673202,68.3036874558664,0.000000000000000723698019324868,0.00000000000000429667419123256,-1.68895523540091,-15.6209534968268,0.00000000000000100203013952282,0.00000000000000631866114934253,-0.979219783746763,-2.78097152711815,-1.13659482527275,-2.6879884544788,-0.611927687817737,-1.93702913397125,-0.909247432279084,-2.46866303852273,0.31015144779999,TRUE,0,6,lower,TRUE,TRUE,TRUE,1.68895523540091,2560,TRUE
ENSMUSG00000000159,Igsf5,3.75128254470335,26.8804677770388,0.00000000000000707294748220279,0.0000000000000385868844897599,-2.3080665013047,-11.0398666247581,0.00000000000000101189514291745,0.00000000000000637588731152082,-1.71183402949095,-3.04364716383337,-1.7169995978398,-3.72198795466012,-1.45455769010066,-2.19937257190332,-1.62779710581047,-2.98833589679894,0.201930886144932,TRUE,0,6,lower,TRUE,TRUE,TRUE,2.3080665013047,2562,TRUE
ENSMUSG00000002007,Srpk3,4.8116897333992,32.4794264264706,0.00000000000000183828733985678,0.0000000000000105719531625607,-1.94577343554667,-11.6266373001607,0.00000000000000106756053439756,0.00000000000000671352929753788,-1.16084030333813,-2.20277464769027,-2.36592855826332,-3.69428010411296,-0.559744488294281,-1.69107251158106,-1.36217111663191,-2.52937575446143,0.259575578836025,TRUE,0,6,lower,TRUE,TRUE,TRUE,1.94577343554667,2567,TRUE
ENSMUSG00000045659,Plekha7,5.7887217514896,28.3429939494695,0.00000000000000658078903849014,0.0000000000000359748315097685,-1.30375972965932,-11.2661505188357,0.00000000000000108557061888484,0.00000000000000681881965006149,-0.860998584803869,-1.41385054007647,-1.62492729546708,-2.2541275953043,-0.404416498811194,-1.26423786349302,-0.963447459694047,-1.6440719996246,0.40506919251948,TRUE,0,6,lower,TRUE,TRUE,TRUE,1.30375972965932,2570,TRUE
ENSMUSG00000032010,Usp2,5.91886735614006,27.9749700600242,0.00000000000000311802867158767,0.0000000000000174772002935555,-1.0701571642778,-11.0092115636977,0.00000000000000112730184589807,0.00000000000000706719755275049,-0.585784240916682,-0.95186298160989,-1.40208716057058,-2.07421704096532,-0.437973457256857,-0.969018104347479,-0.808614952914705,-1.3316993756409,0.476267112620516,TRUE,0,6,lower,TRUE,TRUE,TRUE,1.0701571642778,2575,TRUE
ENSMUSG00000040133,Gpr176,5.95687941944925,31.8205065293424,0.000000000000000208705147753704,0.00000000000000128445566152804,1.14637354963698,11.0062563116985,0.00000000000000113910725280461,0.00000000000000713566487467009,1.59072833356592,2.30383143560938,0.101084244799473,0.8696843562902,0.665459901065076,1.34745302649181,0.785757493143489,1.50698960613046,2.21356777975643,TRUE,6,0,higher,TRUE,TRUE,TRUE,1.14637354963698,2577,TRUE
ENSMUSG00000020866,Cacna1g,3.59890252030165,22.9785881322829,0.000000000000161458023467628,0.000000000000784592676953014,2.25909226438313,10.9990765925882,0.00000000000000116831099951506,0.00000000000000731576589029152,2.43445802086832,1.92667657952928,3.36266525334876,3.05576697796723,1.12600596376446,1.64898079082074,2.30770974599385,2.21047478277242,4.78690197890463,TRUE,6,0,higher,TRUE,TRUE,TRUE,2.25909226438313,2578,TRUE
ENSMUSG00000040875,Osbpl10,5.49094918277095,24.4627624799892,0.0000000000000471661487078961,0.000000000000239209280110452,1.23456065106322,10.9946098294735,0.00000000000000118686004551855,0.00000000000000742327846369852,0.766008791697948,1.43111547058839,1.12022738105891,1.87794791359318,0.912701630373154,1.29936271906776,0.932979267710004,1.53614203441645,2.35309676857241,TRUE,6,0,higher,TRUE,TRUE,TRUE,1.23456065106322,2580,TRUE
ENSMUSG00000086181,C230034O21Rik,3.99538997096582,26.1564292667076,0.0000000000000123217076053731,0.0000000000000656900019397419,2.03843265715656,10.9892307311636,0.00000000000000120959291283578,0.00000000000000756253229740821,2.18417984749787,3.15835644321412,1.14734307485368,2.60721514083113,1.05847360431251,2.07502783223003,1.46333217555468,2.61353313875843,4.10798996418088,TRUE,6,0,higher,TRUE,TRUE,TRUE,2.03843265715656,2582,TRUE
ENSMUSG00000090799,Klhl33,6.9346719361373,43.437843441312,0.000000000000203717151788306,0.000000000000979334717486189,1.67755276785809,15.2813114754662,0.00000000000000122536994161845,0.00000000000000765228122535655,1.46382893633129,2.11292796135389,1.61470288197013,2.29702678380882,1.13164031255616,1.44518973112827,1.40339071028586,1.95171482543033,3.19884872387138,TRUE,6,0,higher,TRUE,TRUE,TRUE,1.67755276785809,2585,TRUE
ENSMUSG00000086995,Gm13544,2.77615014444177,26.7910493306878,0.0000000000000075704103375202,0.0000000000000411478565921174,-2.71369267305105,-10.9743770814971,0.00000000000000127467667044327,0.00000000000000795711735922884,-1.86548251178677,-3.7155519730781,-1.95294313734101,-3.56788913956019,-1.6158585653989,-3.56443071114134,-1.81142807150889,-3.61595727459321,0.1524393563608,TRUE,0,6,lower,TRUE,TRUE,TRUE,2.71369267305105,2586,TRUE
ENSMUSG00000052374,Actn2,2.29386216479437,26.777476824485,0.0000000000000076490265482501,0.0000000000000415611698311684,-2.91948501862157,-10.9741067645878,0.00000000000000127589331440357,0.00000000000000796163346517854,-1.64699076943039,-1.59170726522667,-5.10215368252195,-5.14685587172382,-1.39077802836799,-2.63842449445857,-2.71330749344011,-3.12566254380302,0.132174427355179,TRUE,0,6,lower,TRUE,TRUE,TRUE,2.91948501862157,2587,TRUE
ENSMUSG00000031202,Rab39b,5.25124041286189,26.2774678661981,0.0000000000000112212765901715,0.0000000000000600613620673538,1.32092248017567,10.9523755201866,0.00000000000000137763832240461,0.00000000000000857994422784629,0.94663330624708,1.84723981609769,0.673338383410579,1.60777794272622,1.09201628283283,1.75852914973964,0.903995990830164,1.73784896952118,2.49825800968278,TRUE,6,0,higher,TRUE,TRUE,TRUE,1.32092248017567,2592,TRUE
ENSMUSG00000044938,Klhl31,6.01568598225496,57.2833861773518,0.00000000000000854065546872248,0.0000000000000462657051112708,-2.35624856527554,-15.4723988396472,0.00000000000000141572861179737,0.0000000000000088035851233609,-1.93398347917817,-3.68414698308039,-2.26374943765619,-3.88804892251101,-0.641175268118767,-1.72638730110869,-1.61296939498438,-3.0995277355667,0.195298318743819,TRUE,0,6,lower,TRUE,TRUE,TRUE,2.35624856527554,2596,TRUE
ENSMUSG00000020399,Havcr2,4.98372497213394,45.0991170577582,0.00000000000000000010408789306408,0.000000000000000000838887098219392,-1.58559891897008,-10.9447834720544,0.00000000000000152764542999724,0.00000000000000947034568987919,-0.976376618896788,-2.26911548091831,-0.435560465424024,-2.51675637681036,-0.370141391840266,-2.94564317993076,-0.594026158720359,-2.57717167921981,0.3331863219231,TRUE,0,6,lower,TRUE,TRUE,TRUE,1.58559891897008,2604,TRUE
ENSMUSG00000049109,Themis,3.77315997165498,25.4521261793783,0.000000000000021368111081969,0.000000000000111452477284725,-2.08152869690771,-10.9190417060038,0.00000000000000154986808318662,0.00000000000000960442244410043,-1.383991398209,-2.58251576809189,-1.66381843162152,-3.19391053943192,-1.37591877453604,-2.28901726955591,-1.47457620145552,-2.68848119235991,0.23626393091372,TRUE,0,6,lower,TRUE,TRUE,TRUE,2.08152869690771,2605,TRUE
ENSMUSG00000084940,Gm15935,3.89843149622623,33.0445914650365,0.000000000000000092900616736232,0.000000000000000588115551361958,-1.85248006584101,-10.9096453455367,0.00000000000000160223592525729,0.0000000000000099213251021973,-1.31406204886892,-3.54779278127261,-1.62140353090645,-2.27280363549531,-0.363371312490965,-1.99544708601183,-1.09961229742211,-2.60534783425992,0.276915926118925,TRUE,0,6,lower,TRUE,TRUE,TRUE,1.85248006584101,2607,TRUE
ENSMUSG00000075330,A930003A15Rik,3.92666674308236,28.4654948392731,0.0000000000000021763066815595,0.0000000000000124361482337752,-2.18326644732347,-10.897787685379,0.0000000000000016708792868076,0.0000000000000103265713349675,-1.37141123238964,-3.89167607174696,-1.76576780842405,-2.78585663515435,-1.37240200313099,-1.91248493309485,-1.50319368131489,-2.86333921333205,0.220176675960253,TRUE,0,6,lower,TRUE,TRUE,TRUE,2.18326644732347,2612,TRUE
ENSMUSG00000050370,Ch25h,5.77599574029495,21.9496550788937,0.000000000000391344661623057,0.00000000000183221487023811,1.12508362200132,10.886671685803,0.00000000000000173792429594292,0.0000000000000107368204781503,1.47828856428958,1.05680820071397,1.2297296222017,1.42354574622174,0.616177016898628,0.945952581682327,1.10806506779663,1.14210217620601,2.18114188578576,TRUE,6,0,higher,TRUE,TRUE,TRUE,1.12508362200132,2613,TRUE
ENSMUSG00000043811,Rtn4r,3.09256695713253,24.4876789888352,0.0000000000000462223651635674,0.000000000000234791579872709,2.58987500474456,10.8804166574551,0.00000000000000177683848070685,0.0000000000000109646420466555,2.18200295517844,3.42109528572218,1.62368592900239,3.20074376179679,1.79053136231197,3.32119073445561,1.86540674883093,3.31434326065819,6.0204653532735,TRUE,6,0,higher,TRUE,TRUE,TRUE,2.58987500474456,2616,TRUE
ENSMUSG00000027546,Atp9a,3.4287234284975,30.7263408173836,0.00000000000000137875529765174,0.00000000000000801774019091931,-2.70904680037438,-11.1029654690223,0.00000000000000195102964049033,0.000000000000012021172323067,-1.00625558717166,-3.10175548578697,-2.51299714865532,-4.6414116685855,-1.49759762727435,-3.49426328477246,-1.67228345436711,-3.74581014638164,0.152931044047141,TRUE,0,6,lower,TRUE,TRUE,TRUE,2.70904680037438,2620,TRUE
ENSMUSG00000042498,D330045A20Rik,5.51518066812677,32.4959671105866,0.000000000000000133145459290973,0.00000000000000083147665351419,-1.16440833650023,-10.844953464399,0.00000000000000201470383265602,0.0000000000000124040289742815,-0.813951703870113,-1.61166747696617,-0.269836188669633,-1.5898668868454,-0.834364534574342,-1.8667632280757,-0.639384142371362,-1.68943253062909,0.44614719157059,TRUE,0,6,lower,TRUE,TRUE,TRUE,1.16440833650023,2622,TRUE
ENSMUSG00000052726,Kcnt2,3.81287438624979,24.1510629765509,0.000000000000225150350531354,0.00000000000107628134694333,2.48522351536888,11.1758583919019,0.00000000000000225139758706344,0.0000000000000138138773272387,2.22855552730353,2.54135263904313,2.04373275773163,3.06758657250774,1.67989227438204,3.35022132124522,1.9840601864724,2.98638684426536,5.5992108755944,TRUE,6,0,higher,TRUE,TRUE,TRUE,2.48522351536888,2631,TRUE
ENSMUSG00000052920,Prkg1,5.4208854580471,34.8174678116793,0.000000000000180559859235962,0.000000000000871904818320709,-2.15236005411441,-13.2818283957903,0.00000000000000239214459835002,0.0000000000000146163475591084,-1.99549384752579,-2.05304071740282,-1.73948335646205,-3.15848690249482,-1.43160952086579,-2.53604597993522,-1.72219557495121,-2.58252453327762,0.224944335973309,TRUE,0,6,lower,TRUE,TRUE,TRUE,2.15236005411441,2641,TRUE
ENSMUSG00000001281,Itgb7,5.15638910676207,34.7171914931144,0.0000000000000000318683703231096,0.000000000000000209769572815769,-1.37038367542627,-10.7778258979698,0.00000000000000255665599180657,0.0000000000000156156253029639,-1.00349761028093,-2.26413562637204,-0.984624588091179,-2.73988941955857,-0.447309359177562,-0.782845449077315,-0.811810519183225,-1.92895683166931,0.386788370837836,TRUE,0,6,lower,TRUE,TRUE,TRUE,1.37038367542627,2643,TRUE
ENSMUSG00000072568,Fam84b,3.70889968592302,38.8958751658156,0.00000000000000000259279299639666,0.0000000000000000186131602467642,2.16977509424186,10.775313232848,0.00000000000000257958303362191,0.0000000000000157377962629473,0.123839312970325,2.24530751877063,0.456523027200162,3.40795314485617,2.61060831519709,4.17441924645679,1.06365688512253,3.27589330336119,4.49953243940198,TRUE,6,0,higher,TRUE,TRUE,TRUE,2.16977509424186,2646,TRUE
ENSMUSG00000002908,Kcnn1,5.83143116019425,24.4588469406072,0.0000000000000473162646530033,0.000000000000239819924738911,1.16432681258574,10.7713932891643,0.0000000000000026157661126318,0.0000000000000159436765859177,1.31396459814667,1.98110470769533,0.810119219628511,1.41429977466116,0.607323415226965,0.85914916015577,0.910469077667383,1.41818454750409,2.24128608768091,TRUE,6,0,higher,TRUE,TRUE,TRUE,1.16432681258574,2648,TRUE
ENSMUSG00000031936,Hephl1,3.46581897914405,23.0496804163926,0.00000000000024004534589209,0.00000000000114443355544477,-2.57853529906053,-10.8913075692995,0.00000000000000266239465144375,0.0000000000000162062733251344,-1.67155252656099,-2.55604976173984,-3.03887236143415,-4.10639805348586,-1.69188742711151,-2.40645166403086,-2.13410410503555,-3.02296649308552,0.167410822493434,TRUE,0,6,lower,TRUE,TRUE,TRUE,2.57853529906053,2652,TRUE
ENSMUSG00000042451,Mybph,6.55265299990348,72.0351044569921,0.0000000000000271309629815469,0.000000000000140421652905134,-3.03012933494957,-17.4947425038567,0.0000000000000027295138404329,0.000000000000016596060989118,-3.36276332303629,-4.48805874022079,-3.03522707470179,-5.16419340030359,-0.433512560803166,-1.69702091063177,-2.27716765284708,-3.78309101705205,0.122416562287404,TRUE,0,6,lower,TRUE,TRUE,TRUE,3.03012933494957,2655,TRUE
ENSMUSG00000024617,Camk2a,6.38805460309481,33.8596508057672,0.000000000000116108540982849,0.000000000000570054798383858,-1.46330437676896,-12.8248014181773,0.00000000000000296499550110734,0.000000000000017960196012899,-1.0805957497166,-1.47943153052779,-1.79108565632794,-2.42656416086698,-0.624839589477009,-1.37730957369747,-1.16550699850718,-1.76110175503074,0.362661530318841,TRUE,0,6,lower,TRUE,TRUE,TRUE,1.46330437676896,2665,TRUE
ENSMUSG00000048826,Dact2,5.68149881802958,21.4278339019473,0.000000000000619732561632576,0.00000000000285675121143195,1.04285050504678,10.7256053272912,0.00000000000000307835999453809,0.0000000000000186259240599057,0.905220486297264,1.12339031724597,0.883208674298453,1.39768990995061,0.762173386476591,1.18542025601178,0.850200849024103,1.23550016106945,2.06029440434079,TRUE,6,0,higher,TRUE,TRUE,TRUE,1.04285050504678,2668,TRUE
ENSMUSG00000035864,Syt1,5.13746114135772,21.795368522357,0.000000000000447976241075034,0.00000000000208827041861804,1.33096647719156,10.7108877046534,0.00000000000000324394947969807,0.0000000000000195837982239215,0.952778628291671,0.977623273104839,1.2904610478036,1.56648197263387,1.20316434983468,1.99528959148071,1.14880134197665,1.51313161240648,2.51571148731661,TRUE,6,0,higher,TRUE,TRUE,TRUE,1.33096647719156,2674,TRUE
ENSMUSG00000020216,Jsrp1,7.77812470803187,70.6355509616772,0.00000000000000547171838328511,0.0000000000000301457268825792,-1.50786582071976,-16.1366928269335,0.0000000000000034946108061815,0.0000000000000210341171678553,-1.17830558254814,-2.60378596292,-1.127586638994,-2.44213426988098,-0.330846671938602,-1.36453579803687,-0.87891296449358,-2.13681867694595,0.351631002246906,TRUE,0,6,lower,TRUE,TRUE,TRUE,1.50786582071976,2682,TRUE
ENSMUSG00000066800,Rnasel,6.20552523233464,31.5846411531226,0.000000000000000921234821719611,0.00000000000000542359362765123,-1.11225793066053,-10.9626152198926,0.00000000000000350451107554365,0.0000000000000210858450587033,-0.891685626029513,-2.19280729144808,-0.603047509062829,-1.41188128560381,-0.624749074648194,-0.949376797170747,-0.706494069913512,-1.51802179140755,0.46256950664067,TRUE,0,6,lower,TRUE,TRUE,TRUE,1.11225793066053,2683,TRUE
ENSMUSG00000030996,Art1,2.44176649947897,25.8906428557111,0.000000000000015148078591099,0.0000000000000802018473913123,-2.53891282971551,-10.6683563478378,0.00000000000000377479846064969,0.0000000000000226698554874509,-1.16133102068897,-1.47578868434247,-4.25335096755054,-4.2353407774529,-1.1689708024169,-2.93869472584125,-2.1945509302188,-2.88327472921221,0.172072346812021,TRUE,0,6,lower,TRUE,TRUE,TRUE,2.53891282971551,2688,TRUE
ENSMUSG00000032841,Prr5l,3.6098439943581,24.8509086488817,0.0000000000000344814388156031,0.000000000000176990100731409,2.09547437480444,10.6539667011875,0.00000000000000397359490438989,0.0000000000000238105948558151,1.03560027899149,1.46603352681774,1.56304955431333,3.22188574336552,2.11809025910851,3.16818688623006,1.57224669747111,2.61870205213777,4.2736666321733,TRUE,6,0,higher,TRUE,TRUE,TRUE,2.09547437480444,2694,TRUE
ENSMUSG00000087364,Gm13398,2.48036620879278,28.8757121150611,0.00000000000000161668430857588,0.00000000000000935417017682454,-2.47577744245956,-10.6522546788746,0.000000000000003997939793387,0.0000000000000239387025536522,-2.18635534194647,-2.50840029932848,-2.83016481192318,-5.26376006705798,-0.585064128837459,-1.48092000566382,-1.86719476090237,-3.08436012401676,0.179769796678277,TRUE,0,6,lower,TRUE,TRUE,TRUE,2.47577744245956,2696,TRUE
ENSMUSG00000108634,Gm38534,2.57134337924118,24.3004030290699,0.0000000000000538249413764169,0.000000000000271360408694409,-2.44381343089388,-10.6216369201401,0.00000000000000445965907119296,0.0000000000000266243625688861,-2.62404740624734,-2.62404740624734,-3.44723733021989,-3.94611554625684,-0.328696915671959,-1.69273598071988,-2.13332721737973,-2.75429964440802,0.183797184136081,TRUE,0,6,lower,TRUE,TRUE,TRUE,2.44381343089388,2704,TRUE
ENSMUSG00000071552,Tigit,5.00046159395494,22.2791028600979,0.00000000000029386497718831,0.0000000000013891251322843,-1.49875983766882,-10.6189444426842,0.0000000000000045027515477061,0.0000000000000268419195844238,-1.01842259989381,-1.24482057642028,-1.39400233742817,-2.33736053178975,-1.19650539026113,-1.80144759021978,-1.20297677586103,-1.7945428994766,0.353857441063818,TRUE,0,6,lower,TRUE,TRUE,TRUE,1.49875983766882,2708,TRUE
ENSMUSG00000021678,F2rl1,2.29534729235315,21.1059253820011,0.000000000000826005687929612,0.00000000000376566219154129,-2.76576478342221,-10.5704877438753,0.00000000000000535430036312298,0.0000000000000317190718392272,-2.68704335124015,-3.48734965686827,-2.88519141303345,-3.7687788944492,-1.36768961445843,-2.39853577048379,-2.31330812624401,-3.21822144060042,0.147035376937113,TRUE,0,6,lower,TRUE,TRUE,TRUE,2.76576478342221,2725,TRUE
ENSMUSG00000025172,Ankrd2,4.00406264730963,43.6734677274707,0.000000000000000518233972297073,0.000000000000003104211879329,-2.90175968100704,-12.1328592828027,0.00000000000000579078059077906,0.0000000000000342419674274529,-2.29443966871799,-1.60717874082931,-3.77763007748416,-7.05408361615607,-0.601138823591489,-2.07608715926325,-2.22440285659788,-3.57911650541621,0.133808374768688,TRUE,0,6,lower,TRUE,TRUE,TRUE,2.90175968100704,2730,TRUE
ENSMUSG00000042828,Trim72,5.31274119603829,50.700779355614,0.0000000000000371156680219682,0.000000000000190013745446512,-2.78131390526175,-14.5650802288557,0.00000000000000595818506939521,0.0000000000000351931875504013,-2.35513683152592,-3.12175776427546,-2.9700256916586,-5.31156171494613,-0.661616730885573,-2.26778469827879,-1.99559308469003,-3.56703472583346,0.145459163981437,TRUE,0,6,lower,TRUE,TRUE,TRUE,2.78131390526175,2733,TRUE
ENSMUSG00000030116,Mfap5,7.47729026985232,54.4894995559597,0.000000000000698534308325078,0.00000000000320444425668989,2.84705230745085,16.9657014801904,0.00000000000000599276138252967,0.000000000000035384472201235,4.24454512757587,3.88289306203713,2.9842922350782,2.58730064772852,1.39267378621374,1.99060898607163,2.8738370496226,2.82026756527909,7.19528737027505,TRUE,6,0,higher,TRUE,TRUE,TRUE,2.84705230745085,2734,TRUE
ENSMUSG00000045871,Slitrk6,3.81252778087309,25.9654446587223,0.00000000000259067936977084,0.0000000000113552367814854,3.07282659068773,12.1092556125904,0.00000000000000636851435837796,0.0000000000000374660813729211,2.69352672615115,3.04709060186223,3.81073461005046,3.84144506364573,2.01774786353255,3.02641467888426,2.84066973324472,3.30498344813074,8.41420280101784,TRUE,6,0,higher,TRUE,TRUE,TRUE,3.07282659068773,2744,TRUE
ENSMUSG00000028766,Alpl,2.12532614501355,28.784055423946,0.00000000000000172723976279245,0.00000000000000997596833300842,2.91796776012661,10.5187841758081,0.00000000000000644316730543623,0.0000000000000378914571262867,1.08629181473826,3.61232188175752,2.06888630868965,4.45630347475925,1.88047281561423,4.40353026520074,1.67855031301405,4.15738520723917,7.55780743193905,TRUE,6,0,higher,TRUE,TRUE,TRUE,2.91796776012661,2745,TRUE
ENSMUSG00000023571,C1qtnf12,5.92869689468977,26.1822919183076,0.0000000000000120775390226629,0.0000000000000644521363447429,1.07157456628137,10.5159495969693,0.00000000000000650895034011382,0.0000000000000382643792208512,0.788176401119059,1.2060395145414,0.923347418583714,1.87450629920272,0.425989822080362,1.21138794216098,0.712504547261045,1.4306445853017,2.10172595263793,TRUE,6,0,higher,TRUE,TRUE,TRUE,1.07157456628137,2746,TRUE
ENSMUSG00000041132,N4bp2l1,5.61216399186903,21.5669548330553,0.000000000000547852038285484,0.00000000000253627056324708,1.06641213240562,10.5121698448581,0.00000000000000659772398974696,0.0000000000000387439281071245,0.800390170618595,0.900416851709727,1.09331291307827,1.78915117611418,0.896505982397131,0.918695700515841,0.930069688697998,1.20275457611325,2.09421873065181,TRUE,6,0,higher,TRUE,TRUE,TRUE,1.06641213240562,2749,TRUE
ENSMUSG00000042529,Kcnj12,3.82624567731743,24.5647021264694,0.000000000000043426584460634,0.000000000000221286411915409,-1.93470179861082,-10.5087915025766,0.00000000000000667810347243951,0.0000000000000391874316087208,-2.08293341683261,-2.29965886127385,-1.3022416066093,-3.03752833558209,-0.837156124949741,-2.04869244641732,-1.40744371613055,-2.46195988109109,0.261575296308059,TRUE,0,6,lower,TRUE,TRUE,TRUE,1.93470179861082,2751,TRUE
ENSMUSG00000014030,Pax5,4.74803364348309,43.4128187593096,0.0000000000000000857272856234008,0.000000000000000544627282507643,-2.09910217394899,-11.5896687993135,0.00000000000000682498868827263,0.0000000000000400057343481427,-1.51114946957399,-3.69591155669252,-0.746451818369114,-2.89329562638724,-0.583483787928409,-3.16432078474264,-0.947028358623837,-3.25117598927413,0.233403455640879,TRUE,0,6,lower,TRUE,TRUE,TRUE,2.09910217394899,2754,TRUE
ENSMUSG00000055027,Smyd1,7.62283860508562,71.1314324520814,0.0000000000000225316286580227,0.000000000000117255990143927,-1.83965682388408,-16.4758360554913,0.00000000000000788297315729014,0.0000000000000459901827532109,-1.50000266135423,-3.11676205958231,-1.69797968417614,-3.20520452531305,-0.401365070627339,-1.11662694225144,-1.19978247205257,-2.4795311757156,0.279388235128935,TRUE,0,6,lower,TRUE,TRUE,TRUE,1.83965682388408,2767,TRUE
ENSMUSG00000094707,A830019P07Rik,5.70792421915796,18.7113492203021,0.00000000000770276945222055,0.000000000032364863942529,1.15097189260486,10.4556387256086,0.00000000000000808110352961056,0.0000000000000470780419626501,1.02973679443848,1.04398880297788,1.11346032178694,1.25619656936003,1.0772543520195,1.38519451504636,1.07348382274831,1.22845996246142,2.22063440318908,TRUE,6,0,higher,TRUE,TRUE,TRUE,1.15097189260486,2771,TRUE
ENSMUSG00000109956,Gm45428,4.98306151670249,28.2025695272528,0.00000000000000263740971132107,0.0000000000000149022418515422,1.46150949988052,10.4451912101802,0.00000000000000839007145362685,0.0000000000000488427419675075,1.16646694201198,2.21788970269714,1.08604583718227,2.37295565729468,0.361238079719254,1.56446078037778,0.871250286304502,2.05176871345653,2.75396361686348,TRUE,6,0,higher,TRUE,TRUE,TRUE,1.46150949988052,2773,TRUE
ENSMUSG00000040729,Cep126,4.72525543610114,22.6873590831191,0.000000000000206864147048428,0.000000000000993871406488919,-1.5163103792284,-10.4289491823297,0.00000000000000889424719718005,0.0000000000000517404801816496,-1.33254314660968,-1.93955511792336,-0.872158338954358,-2.19158311521346,-1.18075153908953,-1.58127101758003,-1.12848434155119,-1.90413641690562,0.349578804738819,TRUE,0,6,lower,TRUE,TRUE,TRUE,1.5163103792284,2775,TRUE
ENSMUSG00000055368,Slc6a2,5.10036504954967,35.310391348199,0.00000000000360031554077805,0.0000000000155942832773759,2.90464520694858,14.255902436472,0.00000000000000925306706926783,0.0000000000000537117086296982,2.70743525422888,2.51862893486714,2.62128756214985,3.14126781166726,2.75034133883473,3.68891033994361,2.69302138507115,3.116269028826,7.48833619289887,TRUE,6,0,higher,TRUE,TRUE,TRUE,2.90464520694858,2781,TRUE
ENSMUSG00000027335,Adra1d,4.67884034027094,23.3373188436043,0.000000000000119332605220746,0.000000000000585349816493012,1.50706157769782,10.3997928730565,0.00000000000000987726727082592,0.000000000000057211598691404,1.41246197694918,2.09980901601619,1.08670975007068,1.75417477338838,0.706049169926017,1.98316477983649,1.06840696564862,1.94571618974702,2.84230540021142,TRUE,6,0,higher,TRUE,TRUE,TRUE,1.50706157769782,2787,TRUE
ENSMUSG00000079029,Gm5662,6.15390357726577,43.1353774355295,0.00000000000107917918274164,0.00000000000487578772655984,2.30406919216196,15.0068472718303,0.00000000000000994960394098033,0.0000000000000576099198060421,1.78549690887292,1.90124503227503,3.39903227614907,3.41187786177292,1.24279548821175,2.08396758569006,2.14244155774458,2.46569682657934,4.93848727348237,TRUE,6,0,higher,TRUE,TRUE,TRUE,2.30406919216196,2788,TRUE
ENSMUSG00000049537,Tecrl,3.65053143029783,21.7807692844608,0.000000000000453757055908237,0.00000000000211277766181905,-1.93783055930232,-10.3963737585024,0.00000000000000999950569273904,0.0000000000000578780998199664,-1.35764062436243,-1.82831265238387,-2.31819829450598,-3.07023256186718,-0.977098566052984,-2.07550065664145,-1.55097916164047,-2.32468195696417,0.261008634825705,TRUE,0,6,lower,TRUE,TRUE,TRUE,1.93783055930232,2789,TRUE
ENSMUSG00000106296,4632404M16Rik,3.36263438523749,24.7807061497216,0.000000000000040359388531476,0.000000000000206112498912881,-2.48219747320499,-10.3626709662996,0.0000000000000122575045518624,0.0000000000000705177818890644,-2.24816581101963,-2.71673221547707,-2.51735789130959,-4.6695454198218,-0.793394368001312,-1.94798913360052,-1.85297269011018,-3.11142225629979,0.178971593700541,TRUE,0,6,lower,TRUE,TRUE,TRUE,2.48219747320499,2806,TRUE
ENSMUSG00000022488,Nckap1l,4.46456855544494,33.6772856957019,0.0000000000000000616858743025676,0.000000000000000395942373306699,-1.7159139896673,-10.3316989696089,0.0000000000000126220549952281,0.0000000000000725374986785218,-1.10647205259973,-3.48673820847426,-1.44118756834258,-2.8649121453609,-0.268372070842452,-1.12780189238386,-0.93867723059492,-2.49315074873967,0.304409652364521,TRUE,0,6,lower,TRUE,TRUE,TRUE,1.7159139896673,2809,TRUE
ENSMUSG00000075324,Fign,3.97843233035342,34.036150989022,0.0000000000000000490283795853639,0.000000000000000318112995034779,-2.03054678521701,-10.3227036354006,0.000000000000013038126338,0.0000000000000748486747775016,-1.40777298734759,-3.20016355768385,-0.691110776780018,-2.9180177102922,-0.681905015125158,-3.28431066407321,-0.926929593084256,-3.13416397734975,0.244762291262826,TRUE,0,6,lower,TRUE,TRUE,TRUE,2.03054678521701,2812,TRUE
ENSMUSG00000025165,Sectm1a,2.6624808246101,20.9200518523992,0.000000000000976351234391019,0.00000000000443229414419973,2.51827575820847,10.3083967091951,0.0000000000000137285774672889,0.0000000000000786166818213711,1.56380214587452,0.967527553804502,3.09547295632366,3.33807301583522,2.56477652743999,3.58000234997293,2.40801720987939,2.62853430653755,5.72896990133511,TRUE,6,0,higher,TRUE,TRUE,TRUE,2.51827575820847,2819,TRUE
ENSMUSG00000042429,Adora1,3.19000361332959,25.6315354249269,0.0000000000000185532830472656,0.0000000000000973369022528464,-2.05303761126514,-10.2958021576505,0.0000000000000143668635058853,0.0000000000000821261606145559,-1.68406601206348,-1.72143124773029,-2.41816961475593,-4.08520059978031,-0.537403990545053,-1.87195420271577,-1.54654653912149,-2.55952868340879,0.240976169570217,TRUE,0,6,lower,TRUE,TRUE,TRUE,2.05303761126514,2824,TRUE
ENSMUSG00000022055,Nefl,7.71553926861596,64.4805613855398,0.000000000000105619492010025,0.000000000000520138944331248,-2.53982486046773,-16.3010776642479,0.0000000000000146371697624805,0.0000000000000836121130487344,-1.59425321799585,-2.42039900682005,-1.74500384775734,-3.21579302119299,-1.71143296432327,-4.55206710471687,-1.68356334335882,-3.39608637757663,0.1719636019471,TRUE,0,6,lower,TRUE,TRUE,TRUE,2.53982486046773,2826,TRUE
ENSMUSG00000020890,Gucy2e,1.89611153844746,32.6095402932704,0.000000000000000123539351328731,0.000000000000000772683358581833,2.69958252516999,10.285483824272,0.0000000000000149120457451715,0.0000000000000851521593435808,1.15553652425018,3.74666313534098,0.659449829853403,4.28697739765049,2.12103522292279,4.22783304100209,1.31200719234212,4.08715785799785,6.49613910131883,TRUE,6,0,higher,TRUE,TRUE,TRUE,2.69958252516999,2827,TRUE
ENSMUSG00000033044,Dhrs7c,2.14430314445456,24.1526816127684,0.0000000000000607291985657489,0.000000000000304835650636469,-2.77732351437321,-10.2460844610165,0.0000000000000171928774790648,0.0000000000000977614023052281,-1.07707364643369,-1.9021035669858,-4.73407860574128,-4.92817871690693,-1.23657828269981,-2.78592826747176,-2.34924351162493,-3.2054035171215,0.145862050504873,TRUE,0,6,lower,TRUE,TRUE,TRUE,2.77732351437321,2839,TRUE
ENSMUSG00000061462,Obscn,6.05705599929361,47.1027055920484,0.000000000000156071650465514,0.000000000000759790305628707,-2.16454342248755,-14.2007535371332,0.000000000000017508119251757,0.0000000000000995188623525047,-2.22679465693507,-3.20971553866772,-2.42228867944499,-3.6829522313261,-0.293824608022481,-1.15168482052896,-1.64763598146751,-2.68145086350759,0.223052709384963,TRUE,0,6,lower,TRUE,TRUE,TRUE,2.16454342248755,2840,TRUE
ENSMUSG00000028354,Fmn2,2.60637481390545,25.0987708749476,0.0000000000000282803822902718,0.000000000000146230048466322,2.63606709094236,10.2287825251019,0.0000000000000183027568328055,0.000000000000103962492453195,1.47912542522263,3.53698386362683,1.88083048897658,4.01048236747119,1.55350048990859,3.35547991044835,1.63781880136927,3.63431538051546,6.21634722792528,TRUE,6,0,higher,TRUE,TRUE,TRUE,2.63606709094236,2842,TRUE
ENSMUSG00000043760,Pkhd1,4.02855681705551,25.1399815878968,0.0000000000000342007948709817,0.00000000000017560541717629,-2.04007157339991,-10.2429936216244,0.0000000000000207098901659599,0.000000000000117305177876874,-2.36495524182077,-2.47944138960378,-2.54813672149098,-3.85445139803988,-0.181191817110614,-0.812252872333437,-1.69809459347412,-2.3820485533257,0.243151673580391,TRUE,0,6,lower,TRUE,TRUE,TRUE,2.04007157339991,2850,TRUE
ENSMUSG00000021259,Cyp46a1,4.40379553343066,24.0726315165025,0.0000000000000648475454219729,0.000000000000325103703648108,-1.54145250556557,-10.1821653025155,0.000000000000021666485155877,0.000000000000122405339377851,-0.877874086089064,-1.20818893712854,-1.23011422248695,-2.77190023865106,-1.18173693195566,-1.97890061708215,-1.09657508017722,-1.98632993095392,0.343539404842688,TRUE,0,6,lower,TRUE,TRUE,TRUE,1.54145250556557,2857,TRUE
ENSMUSG00000032925,Itgbl1,5.92835722575381,48.8165277840875,0.000000000000399287701423998,0.0000000000018688609347891,2.5122013514782,14.7725993049006,0.0000000000000239296107869893,0.000000000000134832707481455,1.15148415710898,2.55059184952141,1.48882971538974,2.86482367131416,2.68261827800973,4.3348604375252,1.77431071683615,3.25009198612026,5.7048990250291,TRUE,6,0,higher,TRUE,TRUE,TRUE,2.5122013514782,2865,TRUE
ENSMUSG00000035456,Prdm8,3.63943240236557,28.1435998985854,0.00000000000000275405969036049,0.0000000000000155124862461582,-2.04988842005693,-10.1031576859405,0.0000000000000288542930941152,0.000000000000161286306585284,-1.24692631642393,-2.60327218619053,-1.30558320756246,-3.19242162071111,-0.801158068625195,-3.14996912082834,-1.1178891975372,-2.98188764257666,0.241502759651861,TRUE,0,6,lower,TRUE,TRUE,TRUE,2.04988842005693,2888,TRUE
ENSMUSG00000085440,Sorbs2os,3.43535291509766,19.7432120828693,0.00000000000288083289503188,0.0000000000125860041744248,-1.98911019306903,-10.095685165915,0.0000000000000296478856327124,0.000000000000165664872886423,-1.45675939904004,-2.268766624235,-2.22063622016755,-3.11325007233669,-1.30328064343089,-1.57196819920398,-1.66022542087949,-2.31799496525856,0.251894199685065,TRUE,0,6,lower,TRUE,TRUE,TRUE,1.98911019306903,2889,TRUE
ENSMUSG00000030701,Plekhb1,5.57003097238287,29.099802526127,0.000000000000656979198148937,0.00000000000302211242915736,-1.70283797919288,-11.6210081885282,0.0000000000000336090198734942,0.000000000000187150882310389,-1.40250090344954,-2.44676398390405,-1.16178552916421,-2.12090184208368,-0.97650640672863,-2.1085692098272,-1.18026427978079,-2.22541167860498,0.307181240938045,TRUE,0,6,lower,TRUE,TRUE,TRUE,1.70283797919288,2899,TRUE
ENSMUSG00000100987,Gm1627,2.10595842334639,24.666711458508,0.0000000000000399908025461834,0.00000000000020448892160375,2.8762047937912,10.0553561521577,0.0000000000000343268345199623,0.000000000000190950409943401,2.24382388194768,3.76600952416137,2.7504460588651,4.80476942282117,0.592289465679376,3.09989040927251,1.86218646883072,3.89022311875169,7.34216122074468,TRUE,6,0,higher,TRUE,TRUE,TRUE,2.8762047937912,2902,TRUE
ENSMUSG00000031451,Gas6,4.87315903592876,18.149961515271,0.0000000000133449515545604,0.00000000005480222664596,1.47545138941898,10.0468297241778,0.0000000000000354077661393018,0.000000000000196759920408519,1.02795015909157,1.24891005409867,1.14759243954868,1.63383435281465,1.86834191364492,1.9260794173154,1.34796150409506,1.6029412747429,2.78070632905075,TRUE,6,0,higher,TRUE,TRUE,TRUE,1.47545138941898,2905,TRUE
ENSMUSG00000031758,Cdyl2,3.72550433731511,33.2026839587752,0.00000000000000112701586490163,0.00000000000000659181779243006,-2.45263555020134,-10.490970201994,0.0000000000000382155950336871,0.00000000000021199805863533,-1.21342300245245,-3.64340194110592,-1.56015079658376,-4.5771032829256,-0.923984650847288,-2.79774962729304,-1.2325194832945,-3.67275161710819,0.182676688790997,TRUE,0,6,lower,TRUE,TRUE,TRUE,2.45263555020134,2910,TRUE
ENSMUSG00000048387,Osr1,6.15908445790183,18.6134504340379,0.0000000000123929207773706,0.0000000000510484613700162,1.01830221192669,10.1276231261069,0.0000000000000393551820052569,0.000000000000218020145199335,1.29519527798113,1.250672403066,1.21980938379127,0.932148709241086,0.580682574977761,0.831304922502916,1.03189574558339,1.00470867827,2.02553387372102,TRUE,6,0,higher,TRUE,TRUE,TRUE,1.01830221192669,2914,TRUE
ENSMUSG00000096001,2610528A11Rik,3.15892815169798,22.8464592301425,0.000000000000289959042862016,0.00000000000137146464369221,2.61950116352889,10.1250057426561,0.0000000000000397471387833444,0.000000000000220040487441539,2.00848912264762,3.56308040692414,2.77505980926991,3.77320498634636,0.757682762174048,2.83948989381127,1.84707723136386,3.39192509569392,6.14537548913348,TRUE,6,0,higher,TRUE,TRUE,TRUE,2.61950116352889,2916,TRUE
ENSMUSG00000026228,Htr2b,6.19076942757762,20.6497544127948,0.00000000000622378491833505,0.0000000000263979400779513,1.10322839055804,10.4615234183715,0.0000000000000398980072643584,0.00000000000022079997643762,1.36236210945575,1.41139426529299,1.38243210358791,1.38435115323754,0.504672710933264,0.574158000840756,1.08315564132564,1.12330113979043,2.14834901774053,TRUE,6,0,higher,TRUE,TRUE,TRUE,1.10322839055804,2917,TRUE
ENSMUSG00000037999,Arap2,5.70895721588742,18.4529477419652,0.00000000000990691387462627,0.0000000000411547376937962,1.0525525303938,10.0041030562879,0.0000000000000413640825136396,0.000000000000228678213704686,1.43923877632747,0.906976109751167,1.2875107042411,0.993104426376273,0.902219074764147,0.786266090902618,1.20965618511091,0.895448875676686,2.07419643582265,TRUE,6,0,higher,TRUE,TRUE,TRUE,1.0525525303938,2920,TRUE
ENSMUSG00000006362,Cbfa2t3,4.31694013677608,35.5060603739968,0.0000000000000310144053975289,0.000000000000159803876901471,-2.55318876560716,-11.5554701670916,0.0000000000000429396913082512,0.000000000000237145205880636,-2.07574248683871,-4.34239029963963,-2.03749884921074,-4.37028373853148,-0.627725764832725,-1.86549145458969,-1.58032236696072,-3.5260551642536,0.170378031790044,TRUE,0,6,lower,TRUE,TRUE,TRUE,2.55318876560716,2923,TRUE
ENSMUSG00000031097,Tnni2,6.9026139663764,56.8486376986744,0.000000000000387421768868218,0.00000000000181490122311075,-2.34570446380314,-15.4348739269606,0.0000000000000441507355271347,0.000000000000243520373918707,-1.82899048873953,-3.29191332670255,-2.54281876632402,-4.23694167161542,-0.622085424732834,-1.55147710470446,-1.66463155993213,-3.02677736767414,0.196730907553377,TRUE,0,6,lower,TRUE,TRUE,TRUE,2.34570446380314,2926,TRUE
ENSMUSG00000078247,Airn,5.49867407431482,20.1063454882981,0.00000000000205408232037852,0.00000000000907224374770736,-1.16138122692635,-9.98234947607124,0.0000000000000447749978523831,0.000000000000246774595538075,-1.30598048276152,-1.09261443977856,-1.40386005801252,-1.8943485341848,-0.433921200853191,-0.837562645967505,-1.04792058054241,-1.27484187331029,0.447084294879215,TRUE,0,6,lower,TRUE,TRUE,TRUE,1.16138122692635,2929,TRUE
ENSMUSG00000028713,Cyp4b1,2.36695069050949,20.5548415837339,0.00000000000136001959830807,0.00000000000609686097625303,2.73294615522933,9.96511414268707,0.0000000000000476777811078369,0.000000000000261879013414022,1.29460813260127,2.23475307928479,2.8135783291341,4.36865554594885,2.19536814442587,3.49071369998111,2.10118486872042,3.36470744173825,6.64811876469699,TRUE,6,0,higher,TRUE,TRUE,TRUE,2.73294615522933,2939,TRUE
ENSMUSG00000037940,Inpp4b,6.2734289313334,37.7429841134281,0.000000000000181622218310133,0.000000000000876269800845276,-1.57460630657496,-12.4123897997255,0.0000000000000493174732630743,0.000000000000270517149468505,-1.23572974126869,-1.94416250641473,-2.2147721435759,-2.93857474702861,-0.0789758897067152,-1.03542281145512,-1.1764925915171,-1.97272002163282,0.33573473100276,TRUE,0,6,lower,TRUE,TRUE,TRUE,1.57460630657496,2943,TRUE
ENSMUSG00000038156,Spon1,4.9892333695153,23.3807212206913,0.00000000000064938304748316,0.00000000000298916182934721,-1.62371149968209,-10.3679649753461,0.0000000000000500227068638601,0.000000000000274199170425567,-1.12608004620365,-2.35457136336961,-1.4716899981233,-2.26161512547418,-0.81292136759678,-1.71539109732501,-1.13689713730791,-2.11052586205627,0.324499576459824,TRUE,0,6,lower,TRUE,TRUE,TRUE,1.62371149968209,2945,TRUE
ENSMUSG00000086825,Gm15675,3.51513420722956,19.2638874974561,0.00000000000453014117558454,0.0000000000194701994135946,-2.11211141978086,-9.91986285374082,0.0000000000000562349953547498,0.000000000000307000855600854,-1.66116203445817,-3.16190099706956,-1.83196462633622,-2.15268481784399,-1.55218061241542,-2.31277543056179,-1.68176909106994,-2.54245374849178,0.231308242313068,TRUE,0,6,lower,TRUE,TRUE,TRUE,2.11211141978086,2957,TRUE
ENSMUSG00000022054,Nefm,6.93423944980426,62.6804449391315,0.000000000000140901488898646,0.000000000000688846982220124,-2.47230092259814,-15.2844021450451,0.0000000000000593530476002159,0.000000000000323140846739565,-1.22546307019304,-2.77878523847579,-1.58246302203404,-3.92135055303403,-1.38032119211417,-3.94542245973778,-1.39608242811375,-3.54851941708254,0.180203517504677,TRUE,0,6,lower,TRUE,TRUE,TRUE,2.47230092259814,2965,TRUE
ENSMUSG00000023391,Dlx2,5.61746702983487,18.7451887008189,0.00000000000745426784531785,0.0000000000313615443906609,1.01857357860136,9.88455044148794,0.000000000000063976027324206,0.000000000000347615284111295,0.848218626911653,1.53847777085484,1.04598005169868,1.1545077591578,0.782580968228032,0.741676294757157,0.892259882279456,1.14488727492326,2.02591490649256,TRUE,6,0,higher,TRUE,TRUE,TRUE,1.01857357860136,2971,TRUE
ENSMUSG00000071715,Ncf4,2.16189946386414,25.6274384337607,0.0000000000000186130809453343,0.000000000000097618897238639,2.85156782290741,9.87210888689422,0.0000000000000669522332401858,0.000000000000363053376283614,2.08310114527901,3.36542432114166,3.03099434139713,5.85567563724922,0.53432355094781,2.23988794142963,1.88280634587465,3.82032929994017,7.21784330183077,TRUE,6,0,higher,TRUE,TRUE,TRUE,2.85156782290741,2977,TRUE
ENSMUSG00000020401,Fam71b,2.42109393805207,23.529545375646,0.000000000000101617706406514,0.000000000000501339711632314,-2.50709855639254,-9.86870019262149,0.0000000000000677917340419463,0.000000000000367358832708674,-1.37234581381615,-3.2026679798227,-3.05684705942055,-4.80199294520064,-1.071098649553,-1.53763889054219,-1.83343050759656,-3.18076660518851,0.175909029440701,TRUE,0,6,lower,TRUE,TRUE,TRUE,2.50709855639254,2979,TRUE
ENSMUSG00000027560,Dok5,3.43146852180093,31.5962801794989,0.000000000000000243271670972269,0.00000000000000148924330091215,-2.27590156995429,-9.826076283785,0.0000000000000793434449047328,0.000000000000426662635275517,-0.897122556519847,-2.47381026933642,-1.29602512146375,-3.1305213671886,-1.12118492528027,-4.73674517993687,-1.10477753442129,-3.4470256054873,0.206483503401899,TRUE,0,6,lower,TRUE,TRUE,TRUE,2.27590156995429,3002,TRUE
ENSMUSG00000026110,Mgat4a,5.29859993502789,21.8611979224174,0.000000000000422841328820045,0.00000000000197452345129939,-1.2654414326288,-9.79757562142301,0.0000000000000879459575915476,0.00000000000047213554818768,-0.677511202340575,-1.48638177459731,-0.796842848563309,-1.4826763352474,-1.06739969268101,-2.08183674234319,-0.84725124786163,-1.68363161739597,0.415972069670347,TRUE,0,6,lower,TRUE,TRUE,TRUE,1.2654414326288,3007,TRUE
ENSMUSG00000000392,Fap,1.46684730029758,17.9049497840391,0.0000000000170187674775237,0.0000000000691328544010231,-3.26708762374154,-9.77577561109988,0.0000000000000952596306023944,0.000000000000510211087197894,-3.43521012308561,-3.95975827936658,-3.42256030272378,-3.97061041201693,-1.5063558416101,-3.30803078364622,-2.78804208913983,-3.74613315834324,0.103874423575103,TRUE,0,6,lower,TRUE,TRUE,TRUE,3.26708762374154,3014,TRUE
ENSMUSG00000045103,Dmd,2.76977677482844,19.9747978520026,0.00000000000232077792789365,0.0000000000101999232480226,-2.29606324903389,-9.77000494228292,0.0000000000000972962383268057,0.000000000000520773599240592,-1.12692091138494,-1.44896586876694,-3.20816247477597,-3.56164461763631,-1.47096932110957,-2.95971630052963,-1.93535090242349,-2.65677559564429,0.203617963779218,TRUE,0,6,lower,TRUE,TRUE,TRUE,2.29606324903389,3016,TRUE
ENSMUSG00000082229,Nap1l2,5.73382579691646,31.0534626010021,0.000000000000000350768050175772,0.00000000000000212474620412288,-1.03882523309575,-9.7404570908397,0.000000000000108432874207851,0.00000000000057846394194889,-0.604359314196048,-1.35664740483902,-0.522203384329123,-1.79787508055558,-0.279908926641253,-1.67195728801349,-0.468823875055475,-1.60882659113603,0.486723644814596,TRUE,0,6,lower,TRUE,TRUE,TRUE,1.03882523309575,3026,TRUE
ENSMUSG00000046402,Rbp1,5.29993387019964,18.2283739362808,0.0000000000123510905463849,0.0000000000509021329308888,1.07622532587869,9.73736083769908,0.000000000000109671822975437,0.00000000000058449397104407,1.31132527017745,0.916709676555227,1.28706437263353,1.50446304429336,0.495351692838152,0.942437898774453,1.03124711188304,1.12120353987435,2.10851213672022,TRUE,6,0,higher,TRUE,TRUE,TRUE,1.07622532587869,3029,TRUE
ENSMUSG00000061132,Blnk,8.01432077510069,65.0822879730502,0.0000000000000943339764779028,0.000000000000466983557891072,-1.8158725552316,-14.8625735717639,0.00000000000011203739492723,0.000000000000596904180300422,-1.10347345147427,-2.31979794534548,-0.848552582065139,-2.16423821062097,-0.950358521690303,-3.50881462019344,-0.967461518409905,-2.6642835920533,0.284032405937999,TRUE,0,6,lower,TRUE,TRUE,TRUE,1.8158725552316,3030,TRUE
ENSMUSG00000027832,Ptx3,3.31312845366439,33.5022897797753,0.0000000000000000767525575345383,0.000000000000000488956802004756,2.34125044708535,9.73932801660974,0.000000000000115296630927747,0.000000000000613256511718818,1.03158175719858,4.55092820832219,0.337741788954434,2.64074608910892,1.58179548475329,3.90470935417468,0.983706343635435,3.69879455053526,5.06741662530046,TRUE,6,0,higher,TRUE,TRUE,TRUE,2.34125044708535,3035,TRUE
ENSMUSG00000027931,Npr1,4.87094232904355,20.9089340000448,0.000000000000986196440344649,0.00000000000447447137056877,-1.2370167453789,-9.71915632440073,0.000000000000117250274743073,0.0000000000006232371370357,-1.32225716945745,-1.49368922192681,-0.973181445993291,-1.16113116150723,-0.552911767129678,-1.91892970625891,-0.949450127526807,-1.52458336323098,0.424249026560756,TRUE,0,6,lower,TRUE,TRUE,TRUE,1.2370167453789,3037,TRUE
ENSMUSG00000020098,Pcbd1,3.11199074333738,24.4385805492493,0.0000000000000798099022803139,0.000000000000397155133326482,-2.57388804565146,-9.82081708517726,0.000000000000117495567765069,0.000000000000624335401722026,-1.43103899223035,-3.64228054941154,-1.66114599263354,-3.88887771727782,-1.42968456270682,-3.3903004596487,-1.50728984919024,-3.64048624211269,0.167950960845299,TRUE,0,6,lower,TRUE,TRUE,TRUE,2.57388804565146,3038,TRUE
ENSMUSG00000029019,Nppb,2.96623281526373,28.1743181780032,0.00000000000000269264287507882,0.0000000000000152036844814262,-2.15236277724269,-9.69595425841171,0.000000000000127679268950655,0.000000000000677333696572601,-0.710612234251888,-3.38221806211961,-1.46885799023945,-3.33160878267809,-1.00309110436666,-3.01778848980045,-1.060853776286,-3.24387177819939,0.224943911384822,TRUE,0,6,lower,TRUE,TRUE,TRUE,2.15236277724269,3043,TRUE
ENSMUSG00000046546,Fam43a,5.46989551892348,21.7596628242536,0.00000000000102397454532268,0.00000000000463675205754389,1.26770630230072,9.85151598981337,0.000000000000140753547969466,0.000000000000744978532744621,0.987473838090358,0.443762916096564,2.31587507171277,1.79397447493823,0.738951745597431,1.32619976736895,1.34743355180019,1.18797905280125,2.40778454606451,TRUE,6,0,higher,TRUE,TRUE,TRUE,1.26770630230072,3050,TRUE
ENSMUSG00000028217,Cdh17,4.25456442628338,24.4431264570273,0.0000000000000479239606581136,0.00000000000024274756727453,1.62587459088428,9.66229259766987,0.000000000000144494727372225,0.000000000000764278631707022,2.10224869791101,2.67845311727966,0.917177674417663,2.01182538101403,0.127311617674507,1.91823105700883,1.04891266333439,2.20283651843417,3.0862920564247,TRUE,6,0,higher,TRUE,TRUE,TRUE,1.62587459088428,3052,TRUE
ENSMUSG00000038756,Ttll6,3.37906197646419,18.3615775184888,0.0000000000108346189079309,0.0000000000448699982120906,2.17630906478366,9.6550994818496,0.000000000000148368024958317,0.000000000000784251809725643,1.84870953958009,2.46113418199449,1.75660400631896,2.98231973611494,1.39681999474664,2.61226692994685,1.66737784688189,2.68524028268542,4.51995705314246,TRUE,6,0,higher,TRUE,TRUE,TRUE,2.17630906478366,3054,TRUE
ENSMUSG00000060459,Kng2,2.14808537087714,22.3800274410398,0.000000000000269328991607522,0.00000000000127838221450168,-2.59411568815076,-9.64737546641582,0.000000000000152643767235291,0.000000000000806324716779878,-2.55806671938423,-2.88011167676623,-2.66791994014737,-3.2466250703324,-0.450307854465109,-3.76166286780921,-1.89209817133223,-3.29613320496928,0.165612596303676,TRUE,0,6,lower,TRUE,TRUE,TRUE,2.59411568815076,3056,TRUE
ENSMUSG00000070337,Gpr179,4.17608222883548,25.4189244416947,0.0000000000000219357361412944,0.000000000000114302320377313,-1.72769499763031,-9.63954706710878,0.000000000000157104004299938,0.000000000000828800634448988,-1.27035248559253,-2.78420919653721,-0.771424511454004,-2.19843265374522,-0.786766058792515,-2.55498507966038,-0.942847685279684,-2.51254230998094,0.30193397344873,TRUE,0,6,lower,TRUE,TRUE,TRUE,1.72769499763031,3060,TRUE
ENSMUSG00000110411,Gm45457,4.97144432047316,20.4792413416396,0.0000000000145079401909963,0.0000000000593817643263827,-1.6633725909669,-10.2397627432428,0.000000000000165457359838762,0.00000000000087030894749988,-1.33602968028225,-2.25873198757103,-1.58732174070093,-2.33024812794378,-1.06601559889777,-1.40188841040565,-1.32978900662698,-1.99695617530682,0.315700272060525,TRUE,0,6,lower,TRUE,TRUE,TRUE,1.6633725909669,3069,TRUE
ENSMUSG00000050272,Dscam,3.31713512427711,28.4047958950158,0.00000000000000879441733944224,0.0000000000000475924502549836,-2.50606770634785,-9.86169056638513,0.000000000000167550163180979,0.000000000000879883631825162,-1.21762972408259,-3.0930498369625,-1.92258371539481,-4.95734641862212,-0.874710842903898,-2.97108570012116,-1.3383080941271,-3.67382731856859,0.176034766776846,TRUE,0,6,lower,TRUE,TRUE,TRUE,2.50606770634785,3074,TRUE
ENSMUSG00000043333,Rhbdl2,4.62289157403672,23.8526803684443,0.0000000000000777195284430127,0.000000000000387230354214677,-1.52182122779373,-9.6161684708626,0.000000000000171221152527914,0.000000000000897643929749139,-1.19749510042971,-2.21858920591283,-0.75554007920526,-2.38101230544388,-0.726209466532358,-1.85208120923834,-0.893081548722444,-2.15056090686502,0.348246020556309,TRUE,0,6,lower,TRUE,TRUE,TRUE,1.52182122779373,3079,TRUE
ENSMUSG00000026725,Tnn,3.05387005754931,28.4593125737494,0.00000000000000218613010464572,0.0000000000000124878620945845,2.35165989651064,9.61472839432082,0.000000000000172131409777384,0.000000000000901595505527681,0.548106252468801,1.9715968788338,1.14380184810921,3.22711654370858,2.1402241406407,5.07911371530275,1.27737741373957,3.42594237928171,5.10411168113002,TRUE,6,0,higher,TRUE,TRUE,TRUE,2.35165989651064,3082,TRUE
ENSMUSG00000030091,Nup210,2.13547928997441,17.1804790256294,0.0000000000353611576335643,0.00000000013916020665008,-2.75775421266431,-9.6000053291413,0.000000000000181722105759594,0.000000000000950288290663143,-2.44251407431697,-2.90626447332794,-3.1894206719889,-3.69419749365808,-1.4461986426669,-2.86792992002707,-2.35937779632426,-3.15613062900436,0.147854062308197,TRUE,0,6,lower,TRUE,TRUE,TRUE,2.75775421266431,3087,TRUE
ENSMUSG00000058624,Gda,1.91250582201178,18.9848981388381,0.00000000000591536972750419,0.0000000000251492793023703,-2.8676143025483,-9.59079655708681,0.000000000000187992611880301,0.000000000000982760600253791,-1.9643941274057,-3.21854335743202,-2.64098746129346,-4.37929869059957,-1.7242316472154,-3.27823053134366,-2.10987107863818,-3.62535752645842,0.137013095689934,TRUE,0,6,lower,TRUE,TRUE,TRUE,2.8676143025483,3088,TRUE
ENSMUSG00000057074,Ces1g,2.47819866354491,27.0386455478415,0.00000000000000627414389463269,0.0000000000000343800084491024,2.54340080829046,9.57164868887183,0.000000000000201737673598545,0.00000000000105325073250366,2.19700854169277,4.61533708762088,0.723150757079385,3.56235310186734,1.01550326389837,3.14705209758403,1.31188752089017,3.77491409569075,5.82961580946807,TRUE,6,0,higher,TRUE,TRUE,TRUE,2.54340080829046,3092,TRUE
ENSMUSG00000049092,Gpr137c,4.45913745690367,20.9073220108695,0.000000000000987632412367047,0.00000000000447972746075899,-1.55622210444274,-9.56940392567091,0.000000000000203413979223424,0.00000000000106097313945193,-0.842461926988522,-1.71664772736998,-1.12437424107331,-2.37427489446927,-1.11645142423021,-2.16312241252513,-1.02776253076401,-2.08468167812146,0.340040359495046,TRUE,0,6,lower,TRUE,TRUE,TRUE,1.55622210444274,3095,TRUE
ENSMUSG00000054934,Kcnmb4,4.4611915196568,19.8824050716285,0.00000000000682365135889112,0.0000000000288210894522709,1.775803777974,9.78187402292865,0.000000000000229947529034843,0.00000000000119435101712017,1.6863937438733,2.11941719672013,1.55846624519358,2.66453233603758,0.755310129421153,1.87070301659824,1.33339003949601,2.21821751645198,3.42428736663887,TRUE,6,0,higher,TRUE,TRUE,TRUE,1.775803777974,3108,TRUE
ENSMUSG00000076469,Trbv13-2,2.11786841840623,18.7932962567452,0.00000000000711518275163866,0.0000000000300131683197551,2.81940309429735,9.5210368950768,0.000000000000243146072780216,0.00000000000126006646962794,1.2201392390932,2.52773962326117,3.45628903801384,4.50819405042245,1.91628392387836,3.28777269111511,2.1975707336618,3.44123545493291,7.05870287360789,TRUE,6,0,higher,TRUE,TRUE,TRUE,2.81940309429735,3115,TRUE
ENSMUSG00000019775,Rgs17,5.69834941854474,16.1181738145678,0.000000000112648252944167,0.000000000425773998426058,1.08674385743887,9.51222328570634,0.000000000000265611601647178,0.00000000000137120821406792,1.26316012471986,0.913149582649505,1.19045662625584,1.39842240868408,0.773337542967078,0.981936859356877,1.07565143131426,1.09783628356349,2.12394124543943,TRUE,6,0,higher,TRUE,TRUE,TRUE,1.08674385743887,3127,TRUE
ENSMUSG00000026489,Coq8a,5.91308498206363,21.2851211114379,0.000000000000983144463151518,0.00000000000446187828750491,-1.03878591349885,-9.54815322042059,0.000000000000287607003829704,0.00000000000148286166171284,-0.46263080563391,-0.814556262574459,-1.34483525584998,-1.87316709002625,-0.468277977175323,-1.26924808973319,-0.758581346219739,-1.31899048077797,0.486736910291892,TRUE,0,6,lower,TRUE,TRUE,TRUE,1.03878591349885,3130,TRUE
ENSMUSG00000036172,Cd200r3,3.60659239565664,19.3453789155786,0.00000000000773990085379908,0.0000000000324870565478103,-2.22183811712615,-9.62307724713149,0.000000000000290524048913227,0.00000000000149742328276061,-1.5874153135936,-2.82294600500014,-1.68659137509138,-3.0717488120944,-1.46892116130784,-2.69340603566955,-1.58097594999761,-2.8627002842547,0.214368061761503,TRUE,0,6,lower,TRUE,TRUE,TRUE,2.22183811712615,3132,TRUE
ENSMUSG00000049916,2610318N02Rik,3.97693026305587,31.8392172229157,0.000000000000000206102843450805,0.00000000000000126940793659914,-1.55545451319725,-9.46712988430599,0.000000000000296719706915031,0.00000000000152740632293665,-0.789354360454369,-1.70790457416182,-0.874167728927269,-2.67431239111422,-0.352559558210503,-2.93442846631532,-0.672027215864047,-2.43888181053045,0.340221327367104,TRUE,0,6,lower,TRUE,TRUE,TRUE,1.55545451319725,3136,TRUE
ENSMUSG00000064325,Hhip,7.65811876829233,84.1063721109513,0.00000000000000287927010641235,0.0000000000000161726017146188,-1.51848299510054,-13.958930052809,0.000000000000299417611495527,0.00000000000154031182357307,-0.933813686555906,-2.2756709022103,-0.311829276216008,-1.75655348932762,-0.316372512672644,-3.51665810362078,-0.520671825148186,-2.5162941650529,0.349052755336028,TRUE,0,6,lower,TRUE,TRUE,TRUE,1.51848299510054,3138,TRUE
ENSMUSG00000031289,Il13ra2,4.14311848883574,18.8143662187922,0.0000000000202475383555883,0.0000000000815102273501899,1.96544371455892,9.7207838905126,0.000000000000322341000767405,0.00000000000165454714638735,1.36302222529702,1.43158387177467,2.72721843342629,3.36495475665646,1.19870015342009,1.70718284677901,1.76298027071446,2.16790715840338,3.90532797911878,TRUE,6,0,higher,TRUE,TRUE,TRUE,1.96544371455892,3145,TRUE
ENSMUSG00000039954,Stk32a,4.94789884158958,20.7254305574836,0.00000000000116440534668579,0.00000000000524909117887425,1.26454277234367,9.42457190179975,0.000000000000347300507526473,0.00000000000177813894481441,0.830423408816993,1.80214446835225,1.19206100327255,2.2039147068106,0.704275159386649,0.854437887422953,0.908919857158729,1.6201656875286,2.4025105601763,TRUE,6,0,higher,TRUE,TRUE,TRUE,1.26454277234367,3153,TRUE
ENSMUSG00000053702,Nebl,5.53033353507352,33.9574425055644,0.000000000000537839767887144,0.000000000002490633210844,-1.82030255421598,-11.359624731426,0.00000000000039142369041884,0.00000000000199392635987104,-0.661222065972357,-2.4272550774841,-1.20932649208959,-3.11057830304775,-1.34487154311259,-2.16856184358948,-1.07180670039151,-2.56879840804044,0.283161581978359,TRUE,0,6,lower,TRUE,TRUE,TRUE,1.82030255421598,3169,TRUE
ENSMUSG00000039745,Htatip2,3.2885583944525,17.9412712267779,0.000000000016414040387111,0.0000000000667771809398017,-2.03391510705098,-9.36986732556628,0.000000000000425290230896628,0.00000000000215962887617624,-1.33437045923428,-2.64993518515478,-1.41325078176716,-2.51234775869894,-1.70602813946614,-2.58755831798457,-1.48454979348919,-2.58328042061276,0.244191500853565,TRUE,0,6,lower,TRUE,TRUE,TRUE,2.03391510705098,3179,TRUE
ENSMUSG00000044770,Scml4,5.40486690080017,17.5040571427508,0.0000000000254493968193862,0.000000000101589914158099,-1.04786070555327,-9.34890270167529,0.000000000000459658035063427,0.00000000000232755949185348,-0.9433468815128,-1.51309975555369,-0.64852055174978,-1.15978903948855,-0.773071318636106,-1.24933668637869,-0.788312917299562,-1.30740849380698,0.483684863077236,TRUE,0,6,lower,TRUE,TRUE,TRUE,1.04786070555327,3188,TRUE
ENSMUSG00000036186,Fam69b,4.99211059072698,18.7885873218257,0.00000000000714765716708238,0.000000000030142275247704,1.25519715272777,9.33717681373827,0.000000000000480086321995551,0.00000000000242264254328671,0.920562503322132,1.09015547965624,1.3155022476059,2.13882866402054,0.616487033921779,1.44964698784002,0.950850594949938,1.5595437105056,2.38699766098804,TRUE,6,0,higher,TRUE,TRUE,TRUE,1.25519715272777,3199,TRUE
ENSMUSG00000029361,Nos1,7.58773080957342,34.0668084155459,0.000000000117319835951575,0.000000000442291945765128,2.31859513261043,13.9031595330882,0.000000000000482390622795901,0.0000000000024335099449357,1.92120293510043,2.56988251423798,2.47908830567317,3.06318851309644,1.95498141436864,1.9232271131859,2.11842421838075,2.51876604684011,4.98846216565094,TRUE,6,0,higher,TRUE,TRUE,TRUE,2.31859513261043,3200,TRUE
ENSMUSG00000048349,Pou4f1,5.171797762228,22.6664578848783,0.00000000000021059372352532,0.00000000000101028662076352,-1.11355771923236,-9.33247620537996,0.000000000000488529960635746,0.00000000000246217269888943,-0.649842133328807,-0.850198599510252,-1.11228733220313,-2.06068753353594,-0.422130483297225,-1.58620023351878,-0.728086649609722,-1.49902878885499,0.462152944734293,TRUE,0,6,lower,TRUE,TRUE,TRUE,1.11355771923236,3203,TRUE
ENSMUSG00000039891,Txlnb,5.98688021633156,23.1007022275539,0.000000000000875810946049181,0.00000000000398371825924822,-1.09530219289817,-9.70597101303776,0.000000000000490195020721345,0.00000000000246902284539927,-0.274771674874429,-0.421066545335406,-1.78762465255429,-1.74142991510593,-0.702291814644903,-1.64462855487408,-0.921562714024541,-1.2690416717718,0.468038076248575,TRUE,0,6,lower,TRUE,TRUE,TRUE,1.09530219289817,3205,TRUE
ENSMUSG00000028150,Rorc,5.20906454506673,18.046949206132,0.0000000000147778520270167,0.0000000000604252444964871,1.23996099524398,9.32470369812488,0.000000000000502820918770756,0.00000000000252946029657722,0.78064764352526,1.04637747206613,0.741191224648831,1.53402747949316,1.3492413113673,1.98828084036322,0.957026726513797,1.52289526397417,2.36192146500052,TRUE,6,0,higher,TRUE,TRUE,TRUE,1.23996099524398,3209,TRUE
ENSMUSG00000023918,Adgrf4,2.26286679921294,20.535541749226,0.00000000000138419816211262,0.00000000000620008627385796,2.61105623305068,9.31997002943598,0.000000000000511729972660048,0.00000000000257187327168467,0.834653297647766,3.75944609475239,1.99523443163624,3.33226552195108,2.41293408937115,3.33180396294547,1.74760727288505,3.47450519321632,6.10950812226864,TRUE,6,0,higher,TRUE,TRUE,TRUE,2.61105623305068,3212,TRUE
ENSMUSG00000043088,Il17re,2.69718511755216,17.9572316523649,0.0000000000161553837160764,0.0000000000657580331136209,2.40230458611179,9.31188410204867,0.000000000000527317360928598,0.00000000000264774001787569,2.84969054566321,3.78044297869983,1.60852727496975,2.32481871072763,1.12636137054124,2.72398663606905,1.86152639705807,2.9430827751655,5.28646960017049,TRUE,6,0,higher,TRUE,TRUE,TRUE,2.40230458611179,3215,TRUE
ENSMUSG00000041607,Mbp,4.38642737424282,19.7490616907784,0.000000000002865087672739,0.0000000000125206037631363,1.53012588665969,9.29900501194636,0.000000000000553137804735252,0.00000000000277221471028909,0.599370386881723,1.06579579346163,1.17370285466807,2.02256856363451,1.57941809341686,2.73989962789532,1.11749711165555,1.94275466166382,2.88811039073839,TRUE,6,0,higher,TRUE,TRUE,TRUE,1.53012588665969,3221,TRUE
ENSMUSG00000095332,Gm9821,5.30907383629501,19.5627758801726,0.00000000000341318684665324,0.0000000000148115793724525,-1.00953747286841,-9.27938166071036,0.000000000000594948320774919,0.00000000000297437310073382,-1.20605553191939,-0.792713239338681,-1.0012899434506,-1.52527435865747,-0.2995964365079,-1.23229532733644,-0.835647303959296,-1.18342764177753,0.496705465657506,TRUE,0,6,lower,TRUE,TRUE,TRUE,1.00953747286841,3229,TRUE
ENSMUSG00000022489,Pde1b,5.60047690313908,32.2337737827904,0.000000000000000158391978837474,0.000000000000000983053331170066,-1.03771901689667,-9.25942283539043,0.000000000000640740105865351,0.0000000000031973624509998,-0.835799135213986,-2.40398357345783,-0.478131302838481,-1.77903820710473,-0.146329691543526,-0.583032191221489,-0.486753376531998,-1.58868465726135,0.48709699333303,TRUE,0,6,lower,TRUE,TRUE,TRUE,1.03771901689667,3235,TRUE
ENSMUSG00000002006,Pdzd4,4.91647270019161,16.2311053469111,0.0000000000949050623399098,0.00000000036073756094965,-1.11367945491324,-9.25777740851707,0.000000000000644669964803606,0.00000000000321597875210897,-1.05041214849825,-1.25253966289026,-1.34210826552194,-1.32660993221624,-0.509119500617664,-1.20128721973509,-0.967213304879286,-1.2601456049472,0.462113949570227,TRUE,0,6,lower,TRUE,TRUE,TRUE,1.11367945491324,3236,TRUE
ENSMUSG00000029683,Lmod2,5.83585688774227,35.3991546528561,0.00000000000348721483817668,0.0000000000151125125188419,-1.92466528076068,-12.0484430246283,0.0000000000006508042910668,0.00000000000324457494462364,-1.76157137014659,-2.82245576982393,-2.27646594817332,-3.48964846244693,-0.239419940428895,-0.958430193544435,-1.4258190862496,-2.42351147527176,0.263401363570562,TRUE,0,6,lower,TRUE,TRUE,TRUE,1.92466528076068,3238,TRUE
ENSMUSG00000057604,Lmcd1,6.95659394108036,25.9168107383922,0.0000000000353490016375554,0.000000000139146289547685,1.14592589476809,11.2938003478712,0.000000000000679947949103999,0.00000000000338360041380575,1.49718356225626,1.61725940460308,0.657775505740294,1.42574709932767,0.626047044902871,1.05154275177834,0.92700203763314,1.36484975190303,2.21288103678838,TRUE,6,0,higher,TRUE,TRUE,TRUE,1.14592589476809,3244,TRUE
ENSMUSG00000024827,Gldc,4.13957065403328,23.6411579774275,0.0000000000000926033874760966,0.000000000000458979577533506,-1.58243654642794,-9.2360009096914,0.000000000000699024292327578,0.00000000000347531541455007,-0.893190784927848,-1.36944555177591,-2.37037886986934,-3.31299484277802,-0.0213757262106133,-1.52723350300589,-1.09498179366927,-2.06989129918661,0.333917463914513,TRUE,0,6,lower,TRUE,TRUE,TRUE,1.58243654642794,3247,TRUE
ENSMUSG00000031789,Cngb1,4.19766219519116,24.3978139894246,0.00000000000117221580336232,0.00000000000528135074342113,-2.09045738653891,-9.88924417188527,0.000000000000706459186661758,0.00000000000351119786030811,-1.00264946789905,-2.55428868521477,-1.37365021321525,-3.24917381546521,-1.38247243715084,-2.98050970028832,-1.25292403942171,-2.9279907336561,0.234806233428237,TRUE,0,6,lower,TRUE,TRUE,TRUE,2.09045738653891,3248,TRUE
ENSMUSG00000017491,Rarb,3.34264990648522,14.7246819759683,0.000000000488811725078489,0.00000000174191780970023,2.0387476752409,9.21746001993064,0.000000000000748925164198594,0.00000000000371653824951057,2.09409025401722,2.17083997049988,2.32749425736254,2.52603530896953,1.40248542327641,1.71154083731981,1.94135664488539,2.13613870559641,4.10888705773672,TRUE,6,0,higher,TRUE,TRUE,TRUE,2.0387476752409,3253,TRUE
ENSMUSG00000024049,Myom1,6.99260709014788,43.9721234427975,0.00000000000583231206610503,0.0000000000248092262669654,-1.88808225065593,-13.4649006032912,0.000000000000769371259714566,0.00000000000381331293999762,-1.43002281363565,-1.58770507721974,-2.49321850838065,-3.88652103520448,-0.48110732022181,-1.44991874927324,-1.46811621407937,-2.30804828723249,0.270165947421031,TRUE,0,6,lower,TRUE,TRUE,TRUE,1.88808225065593,3257,TRUE
ENSMUSG00000038578,Susd1,5.4554136600655,18.8303310053167,0.00000000000686504124876252,0.000000000028980742907629,-1.05881469178051,-9.2077344476638,0.000000000000776518811429036,0.00000000000384637716259556,-0.757409634942014,-1.35701600504575,-0.832888171787453,-1.24198699213582,-0.591043631697313,-1.57254371507471,-0.727113812808927,-1.39051557075209,0.48002628395341,TRUE,0,6,lower,TRUE,TRUE,TRUE,1.05881469178051,3259,TRUE
ENSMUSG00000024379,Tslp,5.21881109147891,27.9946743781307,0.00000000000000307304539330436,0.0000000000000172370298068493,-1.16440498335927,-9.20471693833965,0.000000000000785286454755818,0.00000000000388742080316564,-1.41320858131526,-2.87643312076299,-1.0531123119856,-1.53436850494793,-0.103751884382943,-0.00555549676088774,-0.856690925894601,-1.47211904082394,0.446148228516111,TRUE,0,6,lower,TRUE,TRUE,TRUE,1.16440498335927,3261,TRUE
ENSMUSG00000053025,Sv2b,5.2598858971891,40.076043881704,0.000000000000299834311874789,0.00000000000141692778003358,-2.16687022833323,-11.6365242348633,0.000000000000792863172682057,0.00000000000392252227907032,-1.43966159302208,-4.20022696442134,-1.1030244591894,-3.01168864503395,-0.860443301486479,-2.38617640684616,-1.13437645123265,-3.19936400543382,0.22269325570174,TRUE,0,6,lower,TRUE,TRUE,TRUE,2.16687022833323,3263,TRUE
ENSMUSG00000033213,AA467197,3.28587793350534,23.6466164195312,0.000000000000111116408238067,0.000000000000546209554868183,-2.26267649699741,-9.20395051977262,0.000000000000891324270168922,0.00000000000439213910053019,-1.35820349893529,-3.86570826784585,-1.45511492794008,-3.14692783104329,-0.837624015163932,-2.91248044105602,-1.2169808140131,-3.30837217998172,0.208385023807519,TRUE,0,6,lower,TRUE,TRUE,TRUE,2.26267649699741,3276,TRUE
ENSMUSG00000040447,Spns2,3.74352832871727,15.4045639428331,0.000000000262446854707774,0.000000000957441711988155,1.99055599640602,9.19562698101273,0.000000000000931453097238331,0.00000000000458369227615794,2.25064873534578,2.73180920833995,2.21866711726242,2.21880708107465,1.08058207272548,1.44282176368782,1.84996597511123,2.13114601770081,3.97390117788666,TRUE,6,0,higher,TRUE,TRUE,TRUE,1.99055599640602,3280,TRUE
ENSMUSG00000055421,Pcdh9,1.81343913814321,17.7543590908217,0.0000000000197826663462474,0.0000000000797979967085137,2.68760992477119,9.13472538693395,0.00000000000101912960704181,0.0000000000049929618350458,2.40455668720283,3.06699450608047,2.23226711826945,3.88797570938503,1.21950513033249,3.31436039735688,1.95210964526826,3.42311020427413,6.44245218558974,TRUE,6,0,higher,TRUE,TRUE,TRUE,2.68760992477119,3295,TRUE
ENSMUSG00000030406,Gipr,4.24669851206911,29.6012212097249,0.00000000000000096285582719895,0.00000000000000566037203877373,-1.56375864708593,-9.1335282301649,0.000000000001023687227073,0.00000000000501376908575226,-1.28073812855813,-2.44046721194623,-0.363732464863254,-1.79544359085914,-0.41206129708451,-3.09010918920429,-0.685510630168631,-2.44200666400322,0.338268643036464,TRUE,0,6,lower,TRUE,TRUE,TRUE,1.56375864708593,3296,TRUE
ENSMUSG00000051669,AU021092,3.46715650332263,16.8060715828024,0.0000000000519844262415344,0.000000000201630128019483,-1.81930201865056,-9.12686638207356,0.00000000000104942636650704,0.00000000000512894030715202,-1.74071231569904,-1.61069189894397,-1.7359966453832,-0.673641797554734,-2.2838961918405,-2.8708732624819,-1.92020171764092,-1.7184023196602,0.283358027858939,TRUE,0,6,lower,TRUE,TRUE,TRUE,1.81930201865056,3303,TRUE
ENSMUSG00000097924,A730020E08Rik,4.2229743409749,19.2894847734576,0.0000000000044211409480639,0.0000000000190237940137983,1.57958274387755,9.09552994109371,0.00000000000117951714826959,0.00000000000573177162086575,0.845291265060015,2.07198011483928,1.22401445802593,1.99285969964461,0.990815752659334,2.35253517303611,1.02004049191509,2.13912499584,2.98883394198429,TRUE,6,0,higher,TRUE,TRUE,TRUE,1.57958274387755,3322,TRUE
ENSMUSG00000037161,Mgarp,3.15482501839141,18.9797919253827,0.00000000000594446361609453,0.0000000000252663181028473,-2.00267086246812,-9.08121126775501,0.00000000000124424813901094,0.00000000000604087149114392,-1.45587688050157,-2.80641735705178,-1.15770332779338,-2.52607936153457,-1.26750300936111,-2.80244523856629,-1.29369440588535,-2.71164731905088,0.249537602952715,TRUE,0,6,lower,TRUE,TRUE,TRUE,2.00267086246812,3325,TRUE
ENSMUSG00000049420,Tmem200a,3.35309362097257,16.6141884027453,0.0000000000634616869779562,0.000000000244443334021748,-1.8215919241489,-9.07306715008712,0.00000000000128264828962208,0.00000000000622543335519218,-0.722698023843753,-1.86643306826259,-1.99991644242001,-2.53123145550793,-1.52815454947124,-2.28111800538785,-1.416923005245,-2.22626084305279,0.282908626974676,TRUE,0,6,lower,TRUE,TRUE,TRUE,1.8215919241489,3326,TRUE
ENSMUSG00000005836,Gata6,2.71522480152153,20.2703253368462,0.00000000000176541127944249,0.00000000000784449058189927,-2.36557519043278,-9.07147649265134,0.00000000000129028643148749,0.00000000000626062334340325,-1.65148612096151,-3.53231919928753,-1.66460331824332,-3.82227862190384,-1.09814342664718,-2.4246204555533,-1.471410955284,-3.25973942558155,0.194039841266436,TRUE,0,6,lower,TRUE,TRUE,TRUE,2.36557519043278,3327,TRUE
ENSMUSG00000049307,Fut4,3.47510080879417,18.478826813827,0.00000000000965938727647719,0.000000000040147139238973,-1.75098574426934,-9.03926262928176,0.0000000000014552138415251,0.00000000000703549477200951,-1.30652118450116,-2.42858114114958,-0.949085403945829,-1.6535175301079,-1.34476959745879,-2.82343960845276,-1.20012539530192,-2.30184609323675,0.297098711977029,TRUE,0,6,lower,TRUE,TRUE,TRUE,1.75098574426934,3339,TRUE
ENSMUSG00000056133,Gm9992,4.1452911822588,16.55505340991,0.000000000492829665214688,0.00000000175507374488434,2.04731495246087,9.61012924622093,0.00000000000149285072217022,0.00000000000720666543301253,1.59523293530126,1.24968272820454,2.77503043289933,2.4268507768895,1.96879003788543,2.26830280358514,2.11301780202867,1.98161210289306,4.13335979945556,TRUE,6,0,higher,TRUE,TRUE,TRUE,2.04731495246087,3344,TRUE
ENSMUSG00000003949,Hlf,4.91623959067996,39.3041600191791,0.00000000000606619807228757,0.0000000000257701672318259,-2.9853615120235,-12.4389373239303,0.0000000000014975855372537,0.00000000000722736123404677,-2.43770858438778,-4.22268988396513,-2.26559245501891,-4.528665054685,-0.70974407048085,-3.74776902360336,-1.80434836996251,-4.16637465408449,0.126274784779189,TRUE,0,6,lower,TRUE,TRUE,TRUE,2.9853615120235,3345,TRUE
ENSMUSG00000035948,Acss3,2.63233510275532,32.6672155907623,0.000000000000000118938677409754,0.000000000000000745062890735607,2.44523362953593,9.02946046918841,0.00000000000150949064897608,0.00000000000728046236821657,1.57794299882971,4.01695183815823,0.849072631402406,4.5514079425951,0.0228049886055677,3.65322137762457,0.816606872945894,4.07386038612597,5.44613834034991,TRUE,6,0,higher,TRUE,TRUE,TRUE,2.44523362953593,3347,TRUE
ENSMUSG00000027249,F2,2.81043957490443,16.9269256009299,0.0000000000458787180723729,0.000000000178548733327463,-2.30161510501165,-9.00234125247171,0.00000000000167050819373538,0.00000000000802383073611785,-2.31480393561608,-2.75998009605824,-2.30867899715106,-3.42220490631323,-0.699434452155172,-2.30458824277611,-1.77430579497411,-2.82892441504919,0.202835896037061,TRUE,0,6,lower,TRUE,TRUE,TRUE,2.30161510501165,3360,TRUE
ENSMUSG00000113726,Gm36099,2.33712210178147,19.091097493971,0.00000000000534254398032966,0.0000000000228341772503208,-2.48870485875131,-8.94773834102765,0.00000000000204907287446368,0.00000000000976621889945886,-1.66434618936893,-3.70254604881054,-1.66816194497475,-2.78087047330592,-1.425836007098,-3.69046848894975,-1.58611471381389,-3.39129500368873,0.178166146616001,TRUE,0,6,lower,TRUE,TRUE,TRUE,2.48870485875131,3387,TRUE
ENSMUSG00000022382,Wnt7b,5.2339163174033,44.7833258883576,0.000000000000379257861406114,0.00000000000177872157370102,-2.37600611454013,-11.7199543128531,0.00000000000231610649224419,0.0000000000109838152480311,-0.142856472705944,-3.06021772821797,-1.18569167876599,-4.41033683888207,-2.12005971602879,-3.33687425264005,-1.14953595583357,-3.6024762732467,0.192641960618024,TRUE,0,6,lower,TRUE,TRUE,TRUE,2.37600611454013,3404,TRUE
ENSMUSG00000093800,Gm20796,1.85435161927535,22.8292800163543,0.000000000000183282410782104,0.000000000000883466096522992,-2.69232005972232,-8.90963721752792,0.00000000000236330689522789,0.0000000000111977878513836,-2.23524454886829,-2.88779610994837,-2.37316195038962,-2.71462552667441,-0.716672914072017,-5.22641930838122,-1.77502647110998,-3.60961364833467,0.154714459377293,TRUE,0,6,lower,TRUE,TRUE,TRUE,2.69232005972232,3407,TRUE
ENSMUSG00000053093,Myh7,3.47799080936404,24.5182867407447,0.0000000000000450897012117262,0.000000000000229254502885322,-1.75083874727612,-8.89137949779401,0.000000000002530638964594,0.0000000000119625489913443,-0.533930837879351,-0.303104731369071,-3.55184586898019,-4.22776040775836,-0.522773683385299,-1.36561695428444,-1.53618346341495,-1.96549403113729,0.297128985070858,TRUE,0,6,lower,TRUE,TRUE,TRUE,1.75083874727612,3414,TRUE
ENSMUSG00000050556,Kcnb1,4.119438196468,15.6550707719676,0.000000000175695971088903,0.000000000650966275255486,-1.51348347452708,-8.8824485711009,0.00000000000261678092809535,0.0000000000123552777192873,-1.39434940598147,-1.49759050587505,-1.53974912264941,-1.93517846550231,-0.750156396161914,-1.96387695099232,-1.22808497493093,-1.79888197412323,0.350264462321596,TRUE,0,6,lower,TRUE,TRUE,TRUE,1.51348347452708,3419,TRUE
ENSMUSG00000085456,Gm15398,5.58420763585504,24.9221072434975,0.0000000000000357248468940365,0.000000000000183255863810115,-1.06289335829215,-8.89144720570504,0.00000000000266983998633444,0.0000000000125873910337023,-0.74495622498408,-1.53382577251338,-0.42598580997658,-1.6039275660296,-0.326069547143347,-1.74259522910591,-0.499003860701336,-1.62678285588296,0.478671110392157,TRUE,0,6,lower,TRUE,TRUE,TRUE,1.06289335829215,3424,TRUE
ENSMUSG00000041797,Abca9,4.51750104619905,16.2541423122469,0.0000000000926211090701799,0.000000000352418422955994,1.42763467494861,8.86038856204132,0.00000000000284241198496985,0.0000000000133697717579744,1.10002919873299,1.39650667365746,1.1398276163055,2.11036695695687,0.948613384667427,1.87046421937139,1.06282339990197,1.79244594999524,2.69005314469353,TRUE,6,0,higher,TRUE,TRUE,TRUE,1.42763467494861,3432,TRUE
ENSMUSG00000025610,Map3k7cl,5.2709120355136,36.1515267213941,0.000000000000745985843175693,0.0000000000034172671584521,-1.98601475516723,-10.9061759397757,0.00000000000285232619634486,0.0000000000134124968795791,-1.11062125438843,-3.42560538172267,-1.61378958409409,-3.70644887940645,-0.454333001187919,-1.60529043020379,-1.05958127989015,-2.9124482304443,0.252435242603879,TRUE,0,6,lower,TRUE,TRUE,TRUE,1.98601475516723,3433,TRUE
ENSMUSG00000027674,Pex5l,3.63507325614728,15.2027857302478,0.000000000287627607545844,0.00000000104599514949596,1.62031990064413,8.85374329183922,0.00000000000291414129502377,0.0000000000136951915358279,1.89480451148635,1.04886931625244,1.42189820871367,1.52048846187046,1.46624079762301,2.36961810791882,1.59431450594101,1.64632529534724,3.07443200610988,TRUE,6,0,higher,TRUE,TRUE,TRUE,1.62031990064413,3435,TRUE
ENSMUSG00000061524,Zic2,4.2215452694547,13.831649818642,0.00000000135176952810235,0.00000000464487345512054,1.58675468407606,8.84483462977253,0.00000000000301316620943119,0.0000000000141424464373525,1.9990069963549,1.74077295189964,1.74874465534223,1.1580640977875,1.53253298637448,1.34140641669763,1.76009487935721,1.41341448879492,3.00372905624312,TRUE,6,0,higher,TRUE,TRUE,TRUE,1.58675468407606,3439,TRUE
ENSMUSG00000066392,Nrxn3,4.05909698924886,26.8694147743798,0.000000000000032180176573384,0.000000000000165546395928661,-1.87986119653901,-9.0715362728131,0.00000000000305840741908832,0.0000000000143356187474863,-0.530478899028053,-2.86345003564146,-1.50059808351457,-3.95229804485546,-0.857112178466322,-1.57522993772819,-0.962729720336314,-2.79699267274171,0.271709855912799,TRUE,0,6,lower,TRUE,TRUE,TRUE,1.87986119653901,3444,TRUE
ENSMUSG00000037139,Myom3,5.22217918443239,29.9416853729717,0.00000000021183206706349,0.000000000779485994667407,-2.77777207672787,-12.2579067244328,0.00000000000321997760698682,0.0000000000150710636444152,-2.72387374266269,-3.70505053330324,-3.01337567954906,-3.99863421677446,-1.03544638735551,-2.19025190072223,-2.25756526985575,-3.29797888359998,0.145816706164894,TRUE,0,6,lower,TRUE,TRUE,TRUE,2.77777207672787,3449,TRUE
ENSMUSG00000025064,Col17a1,4.86130008726609,20.6598624939985,0.0000000000016040776115055,0.00000000000715716552861616,-1.36076407862158,-8.84889805684252,0.00000000000355994446938516,0.0000000000166093016096199,-1.16359448022685,-2.33769704005754,-0.421179591789183,-2.03506906855957,-1.03086483824363,-1.17617945285271,-0.871879636753221,-1.84964852048994,0.389376014298517,TRUE,0,6,lower,TRUE,TRUE,TRUE,1.36076407862158,3460,TRUE
ENSMUSG00000030433,Sbk2,3.92698219845334,21.2686304307237,0.000000000000772602993331517,0.00000000000353518427475926,-1.79049456480791,-8.79824179089618,0.00000000000378248882795903,0.0000000000176119749494499,-2.27499343378083,-2.52240526490165,-1.960187702743,-3.6396094469899,-0.0194063102627586,-0.326365230169309,-1.41819581559553,-2.16279331402029,0.2890729329947,TRUE,0,6,lower,TRUE,TRUE,TRUE,1.79049456480791,3467,TRUE
ENSMUSG00000031355,Arhgap6,2.00271841074825,14.4721484144048,0.000000000649393556195066,0.00000000228391289273572,-2.48948219820578,-8.77383726702721,0.00000000000393347012391321,0.0000000000183044128597091,-2.95952084856146,-3.59758870635853,-2.2942111357669,-2.67011544769592,-1.21292161075768,-2.20253544009419,-2.15555119836201,-2.82341319804955,0.178070174656199,TRUE,0,6,lower,TRUE,TRUE,TRUE,2.48948219820578,3469,TRUE
ENSMUSG00000075014,Gm10800,5.30460077027525,24.7386992453613,0.0000000000106885247437305,0.0000000000442763292117121,-1.61338259840714,-9.94040258939399,0.00000000000416351446364471,0.0000000000193526098435406,-1.25797571918566,-1.32222478092088,-1.4351733421596,-2.93240381337249,-0.603333676683566,-2.12918425812065,-1.09882757934294,-2.12793761747134,0.326831150997143,TRUE,0,6,lower,TRUE,TRUE,TRUE,1.61338259840714,3473,TRUE
ENSMUSG00000027777,Schip1,4.89358904392909,14.3549794883907,0.000000000741580064154177,0.00000000259288000338767,-1.06481638298266,-8.75735069477119,0.00000000000418484409694116,0.0000000000194461537872542,-0.594125112933448,-0.933874269281541,-1.16239617480948,-1.53077579222447,-0.942396384062689,-1.22533056458433,-0.899639223935206,-1.22999354203011,0.478033495977802,TRUE,0,6,lower,TRUE,TRUE,TRUE,1.06481638298266,3474,TRUE
ENSMUSG00000098470,C1rb,5.09379177792531,14.9061067492416,0.00000000169572063061336,0.00000000575326148381495,1.41488000613302,9.15524590052442,0.00000000000460579700102032,0.0000000000212919189540295,1.27036728859166,1.54076149137443,1.15141292641936,1.59930075646594,1.2099339373374,1.71750363660929,1.21057138411614,1.61918862814989,2.66637557340905,TRUE,6,0,higher,TRUE,TRUE,TRUE,1.41488000613302,3492,TRUE
ENSMUSG00000040035,Disp2,3.25620207711267,17.4559721471135,0.0000000000267179180396089,0.000000000106495642200841,-1.90027850423744,-8.72634823007838,0.00000000000470212738774524,0.0000000000217123691133786,-1.25206054739419,-2.96348467864469,-1.67381398413308,-2.14131274743067,-0.951348729790606,-2.41965033803138,-1.29240775377262,-2.50814925470225,0.267891645652886,TRUE,0,6,lower,TRUE,TRUE,TRUE,1.90027850423744,3496,TRUE
ENSMUSG00000029417,Cxcl9,2.43718658800058,17.0077661477707,0.0000000000422129291707018,0.000000000165078322578159,2.27838734335412,8.72497809628377,0.00000000000472641674648021,0.000000000021812048467247,2.99692073404523,3.77483078541906,1.62298698331592,2.73616715065112,0.524538034189526,2.01488037250385,1.71481525051689,2.84195943619135,4.85135362171282,TRUE,6,0,higher,TRUE,TRUE,TRUE,2.27838734335412,3498,TRUE
ENSMUSG00000086233,Gm11816,4.5461080477463,24.6641646384826,0.000000000000040073064257296,0.000000000000204844672674328,-1.22900685388947,-8.72047871282311,0.00000000000480707132985206,0.0000000000221715864222291,-1.25731629936963,-2.51935380882645,-1.05249940384618,-2.31095526662873,-0.0205183919242247,-0.213397952741587,-0.776778031713345,-1.68123567606559,0.426611022327131,TRUE,0,6,lower,TRUE,TRUE,TRUE,1.22900685388947,3500,TRUE
ENSMUSG00000019929,Dcn,7.85998719548286,49.96472718834,0.00000000000183058295227635,0.00000000000811843423038383,-2.10949625935028,-12.4813437746642,0.00000000000483516232598702,0.0000000000222947801852067,-1.43012225160145,-4.38088338144607,-1.52570095327608,-3.40784850153669,-0.361223216207952,-1.55119925203345,-1.10568214036183,-3.11331037833874,0.231727912952144,TRUE,0,6,lower,TRUE,TRUE,TRUE,2.10949625935028,3501,TRUE
ENSMUSG00000025993,Slc40a1,7.45547711094507,24.1136846198129,0.000000000879998255406443,0.00000000306027829319824,1.12413585560403,11.3787192523488,0.00000000000612097246291317,0.0000000000279838171817636,0.925352372269997,0.864947297224225,1.31850095678915,1.64676060309095,0.760832424082055,1.22842148016777,1.00156191771374,1.24670979349432,2.17970947348927,TRUE,6,0,higher,TRUE,TRUE,TRUE,1.12413585560403,3531,TRUE
ENSMUSG00000040584,Abcb1a,3.28645053510449,20.440537370581,0.00000000000180841747335067,0.00000000000802454185604726,-2.14473059937085,-8.68777282464986,0.0000000000061420554915144,0.0000000000280722541901237,-1.75511924198426,-4.30009324438677,-1.73509588007854,-2.89888270016137,-0.564412091196938,-1.61478043841724,-1.35154240441991,-2.93791879432179,0.226137067991903,TRUE,0,6,lower,TRUE,TRUE,TRUE,2.14473059937085,3532,TRUE
ENSMUSG00000030064,Frmd4b,2.29672369458022,14.1708637304133,0.000000000914706031867088,0.00000000317823923212019,-2.69414079970231,-8.64882253661938,0.00000000000629504641888797,0.0000000000287389520192615,-1.71258826971323,-1.86119138636352,-2.96064305284955,-3.57327538355208,-2.34183041556594,-3.71531629016955,-2.33835391270957,-3.04992768669505,0.154519326578412,TRUE,0,6,lower,TRUE,TRUE,TRUE,2.69414079970231,3536,TRUE
ENSMUSG00000031273,Col4a6,4.72082347626831,13.1782704375531,0.00000000375134782550562,0.0000000123285846797918,1.41116263435495,8.71547168103566,0.00000000000653296484577578,0.0000000000297746051680854,1.73076581919792,1.16721388305432,1.34550179979264,1.40726588136957,1.39071201871053,1.42551640400471,1.48899321256703,1.33333205614287,2.65951400526824,TRUE,6,0,higher,TRUE,TRUE,TRUE,1.41116263435495,3541,TRUE
ENSMUSG00000031410,Nxf7,5.1035820669931,19.0717277700541,0.000000000021491540050618,0.0000000000863459260918681,-1.34187705807371,-8.91205396330683,0.00000000000683790258496942,0.0000000000311292333415571,-1.72537666031956,-2.35013881052119,-0.853404570264112,-1.9194146263006,-0.342387444456671,-0.860540236580143,-0.973722891680115,-1.71003122446731,0.39450703764072,TRUE,0,6,lower,TRUE,TRUE,TRUE,1.34187705807371,3546,TRUE
ENSMUSG00000009487,Otog,4.30161106146199,21.4314582191507,0.0000000000139620282869624,0.0000000000572303197728791,-1.91809607341091,-9.24654276006202,0.00000000000713214753655682,0.0000000000324230520086276,-1.57721268240583,-3.35158006837768,-2.16933013931647,-2.9364375661972,-0.266669262489604,-1.20734672167868,-1.33773736140397,-2.49845478541785,0.264603477389014,TRUE,0,6,lower,TRUE,TRUE,TRUE,1.91809607341091,3551,TRUE
ENSMUSG00000022148,Fyb,4.10865445694021,20.1981853563242,0.00000000000192320860594657,0.00000000000850917951256866,-1.63890446210318,-8.61154078362431,0.00000000000733756640418833,0.0000000000333092203286279,-0.936564711118469,-2.80490779177323,-1.099555308265,-2.64880419173988,-0.823061732887076,-1.52053303683546,-0.953060584090181,-2.32474834011619,0.321100215385197,TRUE,0,6,lower,TRUE,TRUE,TRUE,1.63890446210318,3556,TRUE
ENSMUSG00000063529,Stmnd1,2.73939339210657,18.3440212737694,0.0000000000110229328901304,0.0000000000456345345282408,-2.19073979116841,-8.60112107259083,0.00000000000753448149960346,0.0000000000341558929649252,-1.78093877963421,-3.37455579695805,-1.73707186709446,-3.58149790830108,-0.636260441347774,-2.03411395367487,-1.38475702935881,-2.996722552978,0.219039081754075,TRUE,0,6,lower,TRUE,TRUE,TRUE,2.19073979116841,3561,TRUE
ENSMUSG00000034533,Scn10a,4.1528752261763,19.5799646700762,0.0000000000033583500873325,0.0000000000145775330625998,-1.5284696072574,-8.59110372550184,0.00000000000782444754403863,0.0000000000354107251761748,-0.644049558139707,-2.4144395407322,-1.37944044104905,-2.54260176126207,-0.726888674905099,-1.46339766745627,-0.916792891364619,-2.14014632315018,0.346644888597328,TRUE,0,6,lower,TRUE,TRUE,TRUE,1.5284696072574,3567,TRUE
ENSMUSG00000026077,Npas2,4.00705075443576,35.1562456189102,0.000000000000292099658625523,0.00000000000138118476543404,-2.63711456582331,-10.1174154845729,0.00000000000782904335842491,0.0000000000354116690767871,-1.27890942423603,-3.76511938282484,-0.85970290610087,-4.74622826874684,-1.15791216948037,-4.0148152435509,-1.09884149993909,-4.17538763170752,0.160749419653427,TRUE,0,6,lower,TRUE,TRUE,TRUE,2.63711456582331,3568,TRUE
ENSMUSG00000035916,Ptprq,4.85468693204481,15.8775251576838,0.000000000138290831547956,0.000000000518205407074896,-1.17505788492044,-8.58905763936058,0.00000000000788503980140817,0.0000000000356449727006811,-0.755373859912791,-1.70642180483417,-0.715543625747404,-1.31199850105274,-1.00884072288326,-1.55216879509225,-0.826586069514484,-1.52352970032639,0.442865990184706,TRUE,0,6,lower,TRUE,TRUE,TRUE,1.17505788492044,3570,TRUE
ENSMUSG00000038403,Hfe2,5.68335350994259,32.01991183326,0.000000000156535892075068,0.000000000583189223579003,-2.49055537319956,-11.9651702378509,0.00000000000827306592267072,0.0000000000373154800753488,-2.59228271745747,-3.58885989733662,-2.61292761888377,-4.05421028766916,-0.497622109912154,-1.59742960793815,-1.90094414875113,-3.08016659764798,0.177937763166587,TRUE,0,6,lower,TRUE,TRUE,TRUE,2.49055537319956,3579,TRUE
ENSMUSG00000074652,Myh7b,3.22399450832231,15.3295100883311,0.000000000264341972539574,0.000000000964137474628638,-2.1178454994782,-8.56243931065842,0.00000000000915842184302056,0.000000000041182285184368,-1.21210687401674,-2.12049102287466,-2.99561330296966,-2.80214773396636,-1.00188264115118,-2.57483142189058,-1.73653427271253,-2.49915672624387,0.230390718139473,TRUE,0,6,lower,TRUE,TRUE,TRUE,2.1178454994782,3590,TRUE
ENSMUSG00000110071,Gm45512,4.14546756246987,18.9530804273377,0.000000000280111754573101,0.00000000101912194141843,-2.16983662289564,-9.44849957217143,0.0000000000101751631440202,0.0000000000456271273983104,-2.07437291848889,-3.31313965507566,-1.96501112269756,-3.25620580740497,-1.05594481854526,-1.35434541516149,-1.69844295324391,-2.64123029254738,0.222235835825964,TRUE,0,6,lower,TRUE,TRUE,TRUE,2.16983662289564,3600,TRUE
ENSMUSG00000037386,Rims2,3.4162810088753,20.0074511598634,0.00000000000225140032065312,0.00000000000991119590300064,1.87091653964023,8.51051642761377,0.0000000000106047154958593,0.0000000000475269078982945,1.7061312261954,3.02975934268945,1.3766226449843,3.55209938665935,0.490823422458839,1.07006321485402,1.19119243121285,2.55064064806761,3.65764875575343,TRUE,6,0,higher,TRUE,TRUE,TRUE,1.87091653964023,3602,TRUE
ENSMUSG00000097756,A730056A06Rik,3.04057352943078,20.9552832239261,0.000000000000945819234572907,0.00000000000429610576919258,-1.9849603176701,-8.48676823734322,0.0000000000115997159088578,0.0000000000518135622348342,-1.21283459222771,-4.09300551668104,-1.36022101542951,-2.6870607491889,-0.949205073615132,-1.60743495887828,-1.17408689375745,-2.79583374158274,0.252619810009599,TRUE,0,6,lower,TRUE,TRUE,TRUE,1.9849603176701,3614,TRUE
ENSMUSG00000026638,Irf6,4.21607853937458,20.1219966891471,0.00000000000218056386249173,0.00000000000960721682101639,-1.57877572870548,-8.48997941064927,0.0000000000120276221675924,0.0000000000536062685398796,-1.30349655486851,-2.93283153558569,-0.848717761418351,-1.73764975309588,-0.503071397038418,-2.14688737022602,-0.885095237775095,-2.27245621963586,0.334765850560853,TRUE,0,6,lower,TRUE,TRUE,TRUE,1.57877572870548,3622,TRUE
ENSMUSG00000037025,Foxa2,3.73968558203303,13.1570220351295,0.00000000298629911767242,0.00000000989690549303753,1.48565789905569,8.4767489198703,0.0000000000120471519724703,0.0000000000536784913860305,1.6456366655823,1.7999379902371,1.59316663781174,1.25323413230189,0.920303808833965,1.70166815956714,1.38636903740933,1.58494676070204,2.80044850302923,TRUE,6,0,higher,TRUE,TRUE,TRUE,1.48565789905569,3623,TRUE
ENSMUSG00000024730,Ms4a8a,1.56466157317897,19.7343134248098,0.00000000000290495708651296,0.0000000000126879659760765,-2.65857019471477,-8.4659122909064,0.0000000000125506273373418,0.0000000000558755590476306,-0.430093928770869,-0.954642085051833,-2.62858380105196,-3.98114224253331,-2.53833657199111,-5.41862253888953,-1.86567143393798,-3.45146895549156,0.15837645793626,TRUE,0,6,lower,TRUE,TRUE,TRUE,2.65857019471477,3626,TRUE
ENSMUSG00000028125,Abca4,4.74998904544151,16.4604126326435,0.000000000166827379823427,0.000000000619957272672557,-1.4310202013029,-8.64083431693823,0.0000000000129122155773769,0.0000000000574061955564846,-0.763393328619826,-1.63421837891952,-0.986397792591789,-1.82482877485888,-1.18335641844833,-2.19392651437909,-0.977715846553314,-1.8843245560525,0.370868540346031,TRUE,0,6,lower,TRUE,TRUE,TRUE,1.4310202013029,3631,TRUE
ENSMUSG00000024420,Zfp521,5.51086258628577,30.7529820361826,0.000000000211232338937774,0.000000000777456371972751,-2.4971869989149,-11.634433855695,0.0000000000132234465798825,0.0000000000586284257454116,-1.85448860948778,-3.55179432529706,-2.03840756910046,-3.59699469203477,-1.07831416059169,-2.8631226369776,-1.65707011305998,-3.33730388476981,0.177121714953751,TRUE,0,6,lower,TRUE,TRUE,TRUE,2.4971869989149,3641,TRUE
ENSMUSG00000040666,Sh3bgr,6.80530211708866,25.818746071113,0.000000000067142406266838,0.000000000258251099443785,-1.12254580585778,-10.2612726641535,0.0000000000134724802081097,0.0000000000596833830953661,-0.592116906678341,-1.35598473148328,-0.766464798411199,-1.64933522387375,-0.693782730055465,-1.67759044464466,-0.684121478381668,-1.5609701333339,0.459282651313077,TRUE,0,6,lower,TRUE,TRUE,TRUE,1.12254580585778,3644,TRUE
ENSMUSG00000019787,Trdn,6.83031998414733,27.0087439863321,0.00000000132636060388237,0.00000000456242046206545,2.11094228301557,11.8706663422169,0.0000000000137413854542973,0.0000000000607745713393758,2.89092225401377,2.76265524498851,2.25495378839767,2.57787509591163,0.791789915206065,1.38745739957578,1.9792219858725,2.24266258015864,4.31973341904261,TRUE,6,0,higher,TRUE,TRUE,TRUE,2.11094228301557,3650,TRUE
ENSMUSG00000003279,Dlgap1,4.49882744737787,18.9698495628262,0.00000000000600153826622029,0.000000000025502193269701,-1.33355848658977,-8.44090883287813,0.0000000000137944473516881,0.000000000060959901857306,-1.07778671205344,-1.90472714496617,-0.393295156677143,-2.08078483713526,-0.863663050861174,-1.68109401784542,-0.778248306530586,-1.88886866664895,0.396788333648343,TRUE,0,6,lower,TRUE,TRUE,TRUE,1.33355848658977,3652,TRUE
ENSMUSG00000040838,Gm11639,3.44008956719159,15.4411938703034,0.000000000333443897413171,0.00000000120501115646761,-2.05426779342026,-8.52107077210822,0.0000000000146547453969113,0.0000000000646017353747512,-1.19755188981784,-2.84363766550318,-1.80908922406626,-2.65059556409301,-1.37121861777319,-2.45351379926809,-1.4592865772191,-2.64924900962143,0.240770777424001,TRUE,0,6,lower,TRUE,TRUE,TRUE,2.05426779342026,3662,TRUE
ENSMUSG00000000202,Btbd17,2.62609767791742,17.2987802091522,0.0000000000313408880361323,0.000000000124003910678256,-2.06737398963195,-8.38392602721915,0.0000000000171117969023952,0.0000000000751048769427312,-1.50207078416932,-3.5982167556883,-1.66253472325904,-3.03061336015704,-0.888794883336291,-1.7220134311817,-1.35113346358821,-2.78361451567568,0.238593394985358,TRUE,0,6,lower,TRUE,TRUE,TRUE,2.06737398963195,3678,TRUE
ENSMUSG00000028238,Atp6v0d2,3.63617057490914,12.8320333504788,0.00000000440902299237399,0.0000000144098649723885,1.70289543511205,8.38073061751473,0.000000000017319944288247,0.0000000000759977876176057,2.36322867643582,1.69938142051486,2.06993641085331,1.57859589847104,1.26277553044706,1.24345467395019,1.89864687257873,1.50714399764536,3.25553677414537,TRUE,6,0,higher,TRUE,TRUE,TRUE,1.70289543511205,3679,TRUE
ENSMUSG00000004939,Nmrk2,2.83088498118986,16.9817946488074,0.000000000043356382136842,0.000000000169237393603352,-1.93257795031688,-8.37262351733222,0.00000000001785951805532,0.0000000000782590119345901,-1.15115115331655,-2.16734612020214,-2.69976742139065,-3.47718061753556,-0.305329478445506,-1.79469291101087,-1.38541601771757,-2.47973988291619,0.261960655204123,TRUE,0,6,lower,TRUE,TRUE,TRUE,1.93257795031688,3684,TRUE
ENSMUSG00000074892,B3galt5,3.06330741367943,16.2849686381387,0.000000000161088503959451,0.000000000599458672064872,-2.2924041732327,-8.50015882291686,0.0000000000179512870440834,0.0000000000786397901635382,-2.42719007569146,-1.90945545681292,-2.43671469905329,-4.29933972716311,-0.866936755335099,-1.81478832534034,-1.91028051002662,-2.67452783643879,0.204135051017761,TRUE,0,6,lower,TRUE,TRUE,TRUE,2.2924041732327,3685,TRUE
ENSMUSG00000048960,Prex2,2.66890945818136,12.4721289289073,0.00000000682945752592511,0.0000000219617396097627,2.11604387962569,8.34897320052719,0.0000000000195319950247136,0.0000000000852867177938737,2.03854983748333,2.35153227309206,1.68434814456533,2.45609198463695,1.69192942062356,2.47381161735291,1.80494246755741,2.42714529169398,4.33503571565365,TRUE,6,0,higher,TRUE,TRUE,TRUE,2.11604387962569,3697,TRUE
ENSMUSG00000031654,Cbln1,5.52882147810626,23.4573262890157,0.00000000000312182541430123,0.0000000000136020587484655,1.23765369537776,8.90980426936247,0.0000000000203130342458958,0.0000000000886012731238845,1.64794474111819,2.63915805734754,0.14768330321008,1.38691123558442,0.422770052368656,1.18145478263766,0.739466032232309,1.73584135852321,2.35814706678675,TRUE,6,0,higher,TRUE,TRUE,TRUE,1.23765369537776,3701,TRUE
ENSMUSG00000086541,Has2os,5.21765479147346,12.8972162877538,0.00000000407590107312348,0.000000013365279509127,1.00637257876422,8.33388304896234,0.0000000000206804350890893,0.0000000000901794337231684,1.31949553251975,1.4448497789624,0.896186013702852,0.627156051180704,0.730893374900412,1.01965472131921,0.982191640374337,1.03055351715411,2.00885380984772,TRUE,6,0,higher,TRUE,TRUE,TRUE,1.00637257876422,3702,TRUE
ENSMUSG00000001053,N4bp3,4.98037781637676,13.1982638145226,0.00000000284328288117575,0.00000000944620612282777,-1.13283332759939,-8.33352321970999,0.0000000000207086323491118,0.0000000000902536317526219,-0.626307890450194,-0.784955352001527,-1.47202928422331,-1.50291366914566,-0.94276023976543,-1.46803353001019,-1.01369913814631,-1.25196751705246,0.456019262940294,TRUE,0,6,lower,TRUE,TRUE,TRUE,1.13283332759939,3703,TRUE
ENSMUSG00000047230,Cldn2,1.73626067920524,16.969396208442,0.0000000000439135060660414,0.000000000171148172000026,-2.30164306750115,-8.31884062035469,0.000000000021892736966934,0.0000000000952086349292067,-1.32181641307431,-1.32181641307431,-3.68701005963535,-4.88222921195769,-0.882260820996273,-1.71472548626898,-1.96369576456864,-2.63959037043366,0.202831964685329,TRUE,0,6,lower,TRUE,TRUE,TRUE,2.30164306750115,3712,TRUE
ENSMUSG00000000303,Cdh1,3.02392371714848,14.6351204062058,0.000000000565917200388372,0.00000000200254304381181,-2.16876939806718,-8.31892798308446,0.0000000000228049580604591,0.0000000000989624833252663,-1.09629441647969,-1.7842092406994,-1.82842168409337,-2.23554515773676,-2.21424964137654,-3.85389624801731,-1.71298858064987,-2.62455021548449,0.222400294246683,TRUE,0,6,lower,TRUE,TRUE,TRUE,2.16876939806718,3720,TRUE
ENSMUSG00000079261,Gm15217,2.03358730010994,13.1643456939195,0.00000000296036952632483,0.00000000981842175282041,2.31512966894376,8.30685787674685,0.0000000000229093231133234,0.0000000000993619567486243,2.41701498724013,2.23296021042546,3.51549979544131,2.74046662630763,1.0791063972642,1.90572999698385,2.33720705998188,2.29305227790565,4.97649387868515,TRUE,6,0,higher,TRUE,TRUE,TRUE,2.31512966894376,3722,TRUE
ENSMUSG00000026253,Chrng,7.52472268166947,33.3085029068308,0.000000000148923654418609,0.000000000555983939241351,-1.82944879556409,-11.5736645242653,0.0000000000233675440251293,0.000000000101322122803562,-1.54062614713818,-2.97938410863633,-2.08306054448509,-3.06202779679774,-0.226253105433136,-1.08534107089404,-1.28331326568547,-2.3755843254427,0.281372103296204,TRUE,0,6,lower,TRUE,TRUE,TRUE,1.82944879556409,3723,TRUE
ENSMUSG00000056476,Med12l,3.28410661753155,14.7476762124659,0.000000000476396080727615,0.00000000169954959805213,1.87950513679776,8.2839013869902,0.0000000000249911834411807,0.000000000108043030072571,2.13827607572256,3.13762452926075,1.44841164011374,2.16149032474385,0.651369033924826,1.73985921702082,1.41268558325371,2.34632469034181,3.67948827358017,TRUE,6,0,higher,TRUE,TRUE,TRUE,1.87950513679776,3734,TRUE
ENSMUSG00000047986,Palm3,4.53106031937591,17.4502785557268,0.0000000000268723924442468,0.000000000107032082710949,-1.28206346251553,-8.2834444933755,0.0000000000250344910388995,0.000000000108201282152866,-0.612635900665594,-0.100319296290657,-2.24336890996593,-2.11624323152705,-0.819687872727109,-1.80012556391682,-1.22523089445288,-1.33889603057818,0.411206945432101,TRUE,0,6,lower,TRUE,TRUE,TRUE,1.28206346251553,3735,TRUE
ENSMUSG00000079343,C1s2,4.98496307188065,18.2341641402131,0.00000000410403122872335,0.0000000134520560660469,1.96466147946279,9.90551248330896,0.0000000000259902778093321,0.000000000112122141816154,1.39703838270116,2.11780656921998,1.70617246699141,2.40391128253787,1.6682487859371,2.49479138938921,1.59048654520989,2.33883641371569,3.90321106841702,TRUE,6,0,higher,TRUE,TRUE,TRUE,1.96466147946279,3742,TRUE
ENSMUSG00000048520,Fbxl13,4.82532079904156,26.7986848755774,0.00000000000000752655094813942,0.0000000000000409232441750807,-1.11901801039903,-8.2484152330625,0.0000000000285893447064026,0.000000000122940274799003,-1.01618904521522,-2.76526175266941,-0.426576876599505,-1.75336640066134,-0.0305070795346181,-0.722206907714059,-0.49109100044978,-1.74694502034827,0.460407100910093,TRUE,0,6,lower,TRUE,TRUE,TRUE,1.11901801039903,3754,TRUE
ENSMUSG00000072905,Gm2016,5.25000352033244,23.0151174007903,0.00000000557723650805564,0.0000000180463677990664,2.80182177344194,11.3276366260035,0.0000000000292444193331819,0.000000000125623379801904,3.11540304916963,3.18982274539208,3.46481405238165,3.37014893787804,1.49520153441186,2.1755403214184,2.69180621198771,2.91183733489617,6.97320441268298,TRUE,6,0,higher,TRUE,TRUE,TRUE,2.80182177344194,3758,TRUE
ENSMUSG00000034555,Tex16,3.2763966261652,15.5459595378485,0.000000000298527654268298,0.00000000108465719623073,-2.09749474269486,-8.32465572576591,0.0000000000302093538915902,0.000000000129699361668069,-2.09449124405231,-2.70851736630886,-2.74023224849549,-3.74063530693886,-0.534305707691517,-0.766786582682107,-1.78967640007977,-2.40531308530994,0.233663655535289,TRUE,0,6,lower,TRUE,TRUE,TRUE,2.09749474269486,3760,TRUE
ENSMUSG00000002076,Hsf2bp,4.11803085374662,14.3114005817563,0.000000000779232684075879,0.00000000272099355808715,-1.44977020423048,-8.23031021115555,0.0000000000306210716422769,0.000000000131397118426708,-1.07499089907411,-1.54214269456071,-1.63566909092928,-2.51545926990287,-0.650475320048334,-1.27988395086755,-1.12037843668391,-1.77916197177704,0.3660797293603,TRUE,0,6,lower,TRUE,TRUE,TRUE,1.44977020423048,3762,TRUE
ENSMUSG00000087247,Alkal1,2.59423367547441,13.7323198867072,0.00000000151706516526815,0.00000000517102680804979,2.1990324570632,8.21585991148071,0.000000000032346206470461,0.000000000138505254921128,2.11094617456129,3.5941774968861,1.67253396644319,2.48557663987569,1.33431868763685,1.99664177697607,1.70593294288044,2.69213197124595,4.59171295642054,TRUE,6,0,higher,TRUE,TRUE,TRUE,2.1990324570632,3770,TRUE
ENSMUSG00000031098,Syt8,3.72545253422804,16.7363675590909,0.0000000000558825988430824,0.000000000216437810250451,-1.69110261676615,-8.19209338597471,0.0000000000353983351286195,0.000000000151053482416417,-1.24593997500669,-2.43413777936558,-1.83956636334816,-3.13184427778271,-0.381081480228709,-1.11404582486502,-1.15552927286119,-2.2266759606711,0.309690145860162,TRUE,0,6,lower,TRUE,TRUE,TRUE,1.69110261676615,3783,TRUE
ENSMUSG00000029307,Dmp1,2.65072961535345,13.6508875034718,0.00000000166811659158633,0.00000000566317689547386,-2.11263378842744,-8.19113937080624,0.0000000000355267118189403,0.000000000151481169808017,-2.39016863155727,-2.73951870694745,-2.46536627673824,-3.17870312854858,-0.574462785948537,-1.32758320082455,-1.80999923141468,-2.41526834544019,0.231224505765798,TRUE,0,6,lower,TRUE,TRUE,TRUE,2.11263378842744,3786,TRUE
ENSMUSG00000041216,Clvs1,4.31463864730902,17.6604807075943,0.000000000021737105676173,0.0000000000872048576580375,-1.40623295122651,-8.16193187600186,0.0000000000396915155922327,0.000000000168749048250043,-1.49386264193814,-2.23013867841135,-1.21691328730514,-2.67215465162833,-0.323977591449548,-0.500350856626573,-1.01158450689761,-1.80088139555542,0.377295565490397,TRUE,0,6,lower,TRUE,TRUE,TRUE,1.40623295122651,3796,TRUE
ENSMUSG00000062694,Cav3,2.5067877949032,18.1932426272849,0.0000000000127865464419541,0.0000000000526027571897208,-2.16769896243877,-8.14414192751288,0.000000000042464903414521,0.000000000180207922140014,-0.28991628105806,-0.620422884756135,-3.39736690770169,-4.45130368728602,-1.2735216540287,-2.973662359802,-1.65360161426282,-2.68179631061472,0.22256536970087,TRUE,0,6,lower,TRUE,TRUE,TRUE,2.16769896243877,3804,TRUE
ENSMUSG00000092397,C130080G10Rik,1.8835124291505,18.7077518921541,0.00000000000772968596834217,0.0000000000324526191383479,-2.19115851861722,-8.13378078618351,0.0000000000441689434254172,0.000000000187095054766862,-0.816001144252425,-0.816001144252425,-3.84173569998531,-4.88842306031011,-0.584662734586919,-2.20012732831613,-1.74746652627488,-2.63485051095956,0.218975517130559,TRUE,0,6,lower,TRUE,TRUE,TRUE,2.19115851861722,3811,TRUE
ENSMUSG00000024388,Myo7b,2.17500705676169,17.6610451945158,0.0000000000217247748813018,0.0000000000871961812304461,-2.32361727425152,-8.11107955134675,0.0000000000481462408392337,0.000000000203355511739338,-1.5631971001539,-3.97077139493467,-1.78315288427292,-2.98026454268018,-0.664851340589181,-2.97946638287823,-1.33706710833867,-3.31016744016436,0.19976596705272,TRUE,0,6,lower,TRUE,TRUE,TRUE,2.32361727425152,3822,TRUE
ENSMUSG00000038143,Stox2,2.37048116410175,11.9079334895272,0.0000000137436151526232,0.0000000429384903055538,-2.46529112128136,-8.10636732987217,0.0000000000490158459915387,0.000000000206920188766059,-1.85079523621815,-2.68110981900866,-3.13788039132454,-3.37403560791106,-1.79729507982644,-1.95063059339932,-2.26199023578971,-2.66859200677301,0.181081225270872,TRUE,0,6,lower,TRUE,TRUE,TRUE,2.46529112128136,3824,TRUE
ENSMUSG00000015970,Chdh,2.9262917174485,21.4018816440137,0.000000000000634187508857199,0.00000000000292088129970949,-1.87827545452055,-8.09602798428066,0.0000000000509795223650088,0.000000000215041136539937,-1.58227646671044,-3.99963210920384,-0.697648694472162,-1.62951405835869,-0.564636867535898,-2.79594453084225,-0.948187342906166,-2.80836356613493,0.272008670701312,TRUE,0,6,lower,TRUE,TRUE,TRUE,1.87827545452055,3827,TRUE
ENSMUSG00000074195,Clca4b,1.84366313263856,18.5754262609973,0.00000000000879056050609135,0.0000000000367061609544316,-2.53999257026837,-8.09428339832733,0.0000000000513185571974311,0.000000000216414699278509,-2.1445868912533,-3.29586475276585,-1.35982966251123,-3.93767001323612,-0.673665324036504,-3.82833877780721,-1.39269395926701,-3.68729118126973,0.171943612757175,TRUE,0,6,lower,TRUE,TRUE,TRUE,2.53999257026837,3828,TRUE
ENSMUSG00000069919,Hba-a1,2.51427740034691,17.9347931703981,0.0000000000165202437171456,0.0000000000671923140150875,-2.09053361350724,-8.0912557603956,0.0000000000519123129853519,0.000000000218804299875336,-1.31542786455013,-3.70697166292894,-1.58570116115481,-2.86852367563528,-0.637141981249684,-2.42943533552459,-1.17942366898487,-3.0016435580296,0.234793827414511,TRUE,0,6,lower,TRUE,TRUE,TRUE,2.09053361350724,3830,TRUE
ENSMUSG00000045238,A730035I17Rik,2.55556302600564,14.6030364946376,0.000000000560295255040446,0.00000000198351892590305,-2.32552989213828,-8.08286451238878,0.0000000000535942096462982,0.000000000225422440416934,-1.43158351472551,-3.33031665147223,-1.41003628395607,-2.66086235965865,-1.84964297873294,-3.27073756428429,-1.56375425913817,-3.08730552513839,0.19950130764872,TRUE,0,6,lower,TRUE,TRUE,TRUE,2.32552989213828,3838,TRUE
ENSMUSG00000024990,Rbp4,2.18525789705084,15.8207250147506,0.000000000201731174853471,0.000000000743673522644344,2.74501262569569,8.14107961588566,0.0000000000549116441594076,0.00000000023084340407951,1.07631924044709,1.71176189239179,2.20150705289159,3.92565955562352,2.58774830979191,4.96707970302822,1.95519153437686,3.53483371701451,6.70395574652341,TRUE,6,0,higher,TRUE,TRUE,TRUE,2.74501262569569,3840,TRUE
ENSMUSG00000050671,Ism2,3.71391774954736,12.9592048380058,0.00000000378321811635483,0.0000000124232079032376,1.51397168545793,8.05182878528559,0.0000000000603040461811117,0.000000000252591649585284,1.71649177113195,1.56995950117709,1.52881699209943,2.07793041305967,0.562176218549015,1.62845521673044,1.26916166059347,1.7587817103224,2.85595190749383,TRUE,6,0,higher,TRUE,TRUE,TRUE,1.51397168545793,3854,TRUE
ENSMUSG00000102590,Mannr,2.94529306350497,12.1463688524032,0.0000000102063148040866,0.0000000323059882122294,1.9705714643931,8.02899571657575,0.0000000000657730135260768,0.000000000274218429068042,1.44365819123631,2.16942686351165,2.29839217297041,2.67854899956209,1.17075555963675,2.06264699944139,1.63760197461449,2.30354095417171,3.91923332625048,TRUE,6,0,higher,TRUE,TRUE,TRUE,1.9705714643931,3871,TRUE
ENSMUSG00000043441,Gpr149,2.36084513787217,16.2540608136626,0.0000000000926290880630788,0.000000000352418422955994,-2.25118419516219,-8.00737561767286,0.0000000000714094265713546,0.000000000296644975074981,-1.14876025195639,-4.1036396486231,-1.58993676669234,-2.71217204194213,-1.71685166719735,-2.23574479456182,-1.48518289528203,-3.01718549504235,0.210051618140894,TRUE,0,6,lower,TRUE,TRUE,TRUE,2.25118419516219,3886,TRUE
ENSMUSG00000117365,ENSMUSG00000117365,2.62957669507628,20.7984323365323,0.00000000000108982018765793,0.00000000000492248665063291,-2.09200884840201,-8.00421199951594,0.0000000000722738737950346,0.000000000300158771462116,-1.59256746753206,-2.85282668354497,-0.887784851354087,-3.75320873372677,-0.455245371473352,-3.01041998278082,-0.978532563453165,-3.20548513335085,0.234553860544486,TRUE,0,6,lower,TRUE,TRUE,TRUE,2.09200884840201,3887,TRUE
ENSMUSG00000104271,Gm37891,2.43617440247605,12.976011275905,0.00000000370767284182368,0.0000000121875305814619,2.15548779057868,7.98973617459827,0.0000000000763651947816096,0.000000000316336499707345,1.0180562758586,2.40872637499479,2.68188357568632,3.09427305070343,1.39357009504747,2.33641737118148,1.69783664886413,2.61313893229323,4.45519256640555,TRUE,6,0,higher,TRUE,TRUE,TRUE,2.15548779057868,3897,TRUE
ENSMUSG00000006386,Tek,3.19061603590979,14.4734332531191,0.000000000648451136589411,0.00000000228109537981322,-1.86956993884759,-7.98746489832168,0.0000000000770278857901557,0.000000000318917968789557,-2.02377836999342,-2.89421466704445,-1.57733270340687,-2.72863928756475,-0.409371521282951,-1.58408308379309,-1.33682753156108,-2.40231234613409,0.273654988526354,TRUE,0,6,lower,TRUE,TRUE,TRUE,1.86956993884759,3899,TRUE
ENSMUSG00000032648,Pygm,6.0483949605582,26.0002414808458,0.00000000181772633309281,0.00000000614911068631963,-2.18088787501903,-10.872240980934,0.0000000000776885554206105,0.000000000321323686947199,-1.79410140487182,-2.00618788269844,-2.90104116889503,-4.03230324281079,-0.650906744498572,-1.70078680633952,-1.78201643942181,-2.57975931061625,0.220539980805257,TRUE,0,6,lower,TRUE,TRUE,TRUE,2.18088787501903,3903,TRUE
ENSMUSG00000029561,Oasl2,5.12858051509342,15.0156821829126,0.000000000353558896896499,0.00000000127541927879334,-1.02553791137974,-7.98209029197784,0.0000000000786191008544092,0.000000000325089176509408,-0.064006012811773,-0.955725229440012,-1.22871166752991,-1.38781529499055,-0.947083179867934,-1.56988608363826,-0.746600286736539,-1.30447553602294,0.491227110232799,TRUE,0,6,lower,TRUE,TRUE,TRUE,1.02553791137974,3904,TRUE
ENSMUSG00000003411,Rab3b,4.23370989397904,14.6535883252351,0.000000000529359011328314,0.00000000187853209933457,1.37516713032312,7.96216670511842,0.0000000000848107814352935,0.000000000349885112371567,0.698106771308083,1.68904008053159,0.635219390408669,1.94404575685484,1.49868122126926,1.78590956156626,0.944002460995337,1.80633179965089,2.59397959382915,TRUE,6,0,higher,TRUE,TRUE,TRUE,1.37516713032312,3913,TRUE
ENSMUSG00000097558,Gm26902,4.31826238469675,12.4527278890507,0.0000000069937712699133,0.0000000224856501912389,1.31136180999364,7.95574594307618,0.0000000000869085821624628,0.000000000357716787824742,1.28902589440937,1.52064767539251,1.72111505528328,1.95018060019615,0.44446875666566,0.942732878014891,1.1515365687861,1.47118705120119,2.48175691119543,TRUE,6,0,higher,TRUE,TRUE,TRUE,1.31136180999364,3922,TRUE
ENSMUSG00000097516,4930467D21Rik,2.5802242286339,19.6264483181164,0.00000000000321457466315079,0.0000000000139786908188884,-1.97163710167653,-7.94371484491307,0.0000000000909805267236269,0.000000000373809784397941,-0.947232530129899,-3.59654589076849,-1.28767492172508,-3.08934624233266,-0.638467553146696,-2.27055547195632,-0.957791668333891,-2.98548253501916,0.254963546711679,TRUE,0,6,lower,TRUE,TRUE,TRUE,1.97163710167653,3929,TRUE
ENSMUSG00000020377,Ltc4s,3.89537017593123,12.3137070927925,0.00000000829741593495476,0.0000000265080517391599,1.47484525310112,7.92633141890453,0.0000000000972042787487449,0.000000000398468428603603,1.40627330466824,1.87750551173286,0.678587408319815,1.48552715640409,1.40606852953169,1.99510960794999,1.16364308083992,1.78604742536231,2.77953828381216,TRUE,6,0,higher,TRUE,TRUE,TRUE,1.47484525310112,3938,TRUE
ENSMUSG00000101549,Gm29630,4.77110259635257,16.9745593019716,0.0000000000436806078419629,0.000000000170405039244274,-1.11243298307254,-7.91983346052948,0.0000000000996388353337002,0.000000000407930438445834,-0.547864942478179,-0.962109594834069,-0.797005761661763,-2.24245361821261,-0.734033371162797,-1.39113061008583,-0.692968025100913,-1.53189794104417,0.462513383209733,TRUE,0,6,lower,TRUE,TRUE,TRUE,1.11243298307254,3943,TRUE
ENSMUSG00000024109,Nrxn1,2.71487175428982,13.8299619616397,0.00000000135441685580349,0.00000000465297963465326,1.99530882612317,7.88742420884545,0.000000000112725557263403,0.000000000459992080612516,1.59119794331347,1.79738994594982,2.14482269851278,3.63962416702334,0.813642660623759,1.98517554131587,1.51655443415,2.47406321809634,3.98701442807977,TRUE,6,0,higher,TRUE,TRUE,TRUE,1.99530882612317,3956,TRUE
ENSMUSG00000087088,Gm16638,4.48602651666266,12.140894755836,0.0000000102759355689471,0.0000000325072365058815,-1.25659793201437,-7.88353935039497,0.000000000114405729044633,0.000000000466023639658722,-1.28625002920066,-1.7300664744151,-1.41739122289426,-1.77512237084304,-0.545251458396261,-0.785506036336931,-1.08296423683039,-1.43023162719836,0.418529746103368,TRUE,0,6,lower,TRUE,TRUE,TRUE,1.25659793201437,3963,TRUE
ENSMUSG00000048373,Fgfbp1,3.09582840733061,16.8381823147814,0.0000000000502843694176206,0.000000000195270766299891,-1.81944783190841,-7.883010681367,0.000000000114636306989187,0.000000000466845081666612,-0.967814914946502,-1.62221471239317,-2.64538081048471,-3.7473240147588,-0.133259152706524,-1.80069338616075,-1.24881829271258,-2.39007737110424,0.283329390296526,TRUE,0,6,lower,TRUE,TRUE,TRUE,1.81944783190841,3964,TRUE
ENSMUSG00000074971,Fibin,3.54570077713003,14.4947054757579,0.000000000633052060724748,0.00000000223172413194625,-1.75252066632259,-7.87705434855743,0.000000000117266569256265,0.00000000047719541908341,-2.1812004838807,-1.81619993264886,-3.25124849348266,-2.09945182026619,-0.253408538061516,-0.913614729595596,-1.89528583847496,-1.60975549417022,0.296782788756712,TRUE,0,6,lower,TRUE,TRUE,TRUE,1.75252066632259,3967,TRUE
ENSMUSG00000090439,Gm17455,2.56200558662659,20.1118606708592,0.00000000000204361961357696,0.00000000000903344781543614,-1.87608910923118,-7.87546059926036,0.000000000117980558264429,0.000000000479979877031923,-1.47923478620627,-3.49242412339683,-1.43290818670029,-3.63009835792155,-0.056491439729875,-1.16537776143229,-0.989544804212144,-2.76263341425022,0.272421201216879,TRUE,0,6,lower,TRUE,TRUE,TRUE,1.87608910923118,3968,TRUE
ENSMUSG00000030666,Calcb,3.53735504208883,13.2231710300138,0.00000000276035914055646,0.00000000919341398927232,1.76079271478713,7.84438679255122,0.000000000132806021641242,0.000000000538259504733761,2.87349213507957,2.10737252849002,1.90594165187048,2.07929028724552,0.310122418497682,1.28853726753951,1.69651873514924,1.82506669442502,3.38884279871402,TRUE,6,0,higher,TRUE,TRUE,TRUE,1.76079271478713,3983,TRUE
ENSMUSG00000047746,Fbxo40,2.81170302314731,13.4431648830404,0.00000000275942709266588,0.00000000919220626432219,-2.25178930048073,-7.90283200059346,0.000000000133582757600548,0.00000000054113587351208,-0.93811890378546,-1.43629269792849,-2.80514853545359,-2.61957045886752,-1.94081254838934,-3.77079265846,-1.89469332920946,-2.60888527175201,0.209963535284754,TRUE,0,6,lower,TRUE,TRUE,TRUE,2.25178930048073,3985,TRUE
ENSMUSG00000099964,Gm29514,3.55963545512532,11.9305665209336,0.0000000133591201444792,0.0000000418181649199782,1.41551794254631,7.82960461491999,0.000000000140500562330165,0.000000000568446260074149,1.53745649461724,1.68633597072145,1.96280503530254,1.97251155634727,0.496040116836771,0.837958481452608,1.33210054891885,1.49893533617378,2.66755486227435,TRUE,6,0,higher,TRUE,TRUE,TRUE,1.41551794254631,3990,TRUE
ENSMUSG00000061816,Myl1,8.51488329489496,25.6642132355635,0.00000000225293615929692,0.00000000754890722930251,-2.32645378759824,-10.5777063533595,0.000000000146178733540165,0.000000000590827064481445,-2.08810151167604,-3.49225216907565,-2.28107442733204,-3.85368437982795,-0.689590145567419,-1.55402009211035,-1.68625536152516,-2.96665221367132,0.199373588802088,TRUE,0,6,lower,TRUE,TRUE,TRUE,2.32645378759824,3994,TRUE
ENSMUSG00000031022,BC051019,3.59899228855768,16.3112304072962,0.000000000668670794080519,0.00000000234659839757431,-2.07355814098397,-8.23185185792383,0.000000000149359735863309,0.000000000603381935946295,-1.46661477539837,-2.15883012212429,-2.65343670957433,-4.19409642928301,-0.570686325837395,-1.39768448368645,-1.56357927027003,-2.58353701169792,0.237572846804479,TRUE,0,6,lower,TRUE,TRUE,TRUE,2.07355814098397,3996,TRUE
ENSMUSG00000054493,Gm9947,3.09395246797937,15.9483308391281,0.000000000128197755289621,0.000000000481950713470041,-1.92187192767046,-7.80751240120532,0.000000000152841203929933,0.00000000061713745748897,-1.11833187859335,-2.81393453663699,-1.38448480745581,-3.27838517939351,-0.864835456015042,-2.07125970792807,-1.1225507140214,-2.72119314131953,0.263911856610044,TRUE,0,6,lower,TRUE,TRUE,TRUE,1.92187192767046,3998,TRUE
ENSMUSG00000020178,Adora2a,3.30773501776082,13.164225629941,0.00000000296079273324226,0.00000000981842175282041,-1.8368977594657,-7.80006126189489,0.000000000157243828595989,0.000000000634596781256264,-2.1912025008225,-3.38878337212178,-1.22595699669063,-1.95787915465446,-0.974338886560022,-1.2832256459448,-1.46383279469105,-2.20996272424035,0.279923058974686,TRUE,0,6,lower,TRUE,TRUE,TRUE,1.8368977594657,4000,TRUE
ENSMUSG00000055360,Prl2c5,2.81819445617647,13.1365137232959,0.00000000306016637191299,0.0000000101271557486247,-1.96086308326654,-7.78863621852009,0.000000000164242643381635,0.000000000662014729615414,-0.99373972646314,-2.20057978040056,-2.32746390049093,-3.4188534500176,-1.15331935204647,-1.67122229018052,-1.49150765966685,-2.43021850686623,0.256874736986171,TRUE,0,6,lower,TRUE,TRUE,TRUE,1.96086308326654,4005,TRUE
ENSMUSG00000041540,Sox5,5.11174575559807,16.0882430839572,0.000000000301452729374597,0.00000000109479221828889,-1.18911671254372,-7.97788929117989,0.000000000166147783262399,0.000000000669192531238747,-0.409977088184847,-1.72201365096604,-0.623751191460193,-1.16194039986825,-1.24132880442866,-1.97568914035435,-0.758352361357898,-1.61988106372954,0.438571292965083,TRUE,0,6,lower,TRUE,TRUE,TRUE,1.18911671254372,4008,TRUE
ENSMUSG00000064147,Rab44,3.4440968873838,18.9050836372924,0.00000000000925477234667323,0.0000000000385249587396457,-1.86751259269393,-7.83977748270245,0.000000000167451673445719,0.000000000674107821554675,-0.471747237169052,-2.17385842169282,-1.93403560952914,-4.04078037179973,-0.593924917609944,-1.9907289983629,-0.999902588102712,-2.73512259728515,0.27404551087963,TRUE,0,6,lower,TRUE,TRUE,TRUE,1.86751259269393,4010,TRUE
ENSMUSG00000046167,Gldn,2.09078562473193,10.7098845139753,0.000000064241118303771,0.000000189103642009076,2.30492054786683,7.75402410575302,0.000000000187409535430994,0.000000000751080469330323,1.90641459856546,1.98072388814775,2.77169647981195,3.33061021504252,1.83449292730468,2.00558517832864,2.17086800189403,2.43897309383963,4.94140240799154,TRUE,6,0,higher,TRUE,TRUE,TRUE,2.30492054786683,4028,TRUE
ENSMUSG00000048582,Gja3,2.77321920605545,14.0286879127317,0.00000000107671133581846,0.00000000372670478004233,-1.79424462385403,-7.75031895786412,0.0000000001900759132518,0.000000000761010780660667,-1.37782591767061,-0.598312694222501,-2.89273883385678,-1.71807211000114,-1.40935204237725,-2.7691661449959,-1.89330559796821,-1.69518364973985,0.28832250905889,TRUE,0,6,lower,TRUE,TRUE,TRUE,1.79424462385403,4032,TRUE
ENSMUSG00000026458,Ppfia4,6.05458346247064,23.3338993533661,0.00000000575820719743572,0.0000000186132836980786,-2.20917306421721,-10.4094227008556,0.000000000196353322456309,0.000000000784781303394947,-2.19423230458142,-3.09260991866439,-2.18127280744652,-3.3954411192185,-0.614298324091998,-1.77718391130046,-1.66326781203998,-2.75507831639445,0.216258228974876,TRUE,0,6,lower,TRUE,TRUE,TRUE,2.20917306421721,4039,TRUE
ENSMUSG00000047787,Flrt1,4.02942247711295,15.711177125348,0.000000000165370593948721,0.000000000614685125055078,-1.36651693479406,-7.73119302093835,0.000000000204456438927807,0.000000000816157342633924,-1.35293551972481,-1.95386983805233,-1.32024397071476,-2.53217108993501,-0.0204520326572499,-1.01942915768019,-0.897877174365608,-1.83515669522251,0.387826439411986,TRUE,0,6,lower,TRUE,TRUE,TRUE,1.36651693479406,4044,TRUE
ENSMUSG00000001763,Tspan33,3.24481045095262,13.9086383250515,0.0000000013883536870545,0.00000000475741744218231,-1.93135028620574,-7.73693697128939,0.000000000219411712194152,0.000000000874136273513107,-1.46023203061237,-2.47870074815643,-2.12487479301051,-2.79025858236273,-0.417735140945562,-2.31630042214684,-1.33428065485615,-2.52841991755533,0.262183665998203,TRUE,0,6,lower,TRUE,TRUE,TRUE,1.93135028620574,4051,TRUE
ENSMUSG00000048218,Amigo2,4.75247657889165,23.4024342119666,0.000000000000112998928841189,0.000000000000555125291626083,-1.03435702962454,-7.70900125157515,0.000000000222514062673706,0.000000000885612552697641,-0.233706440580902,-1.44189987770602,-0.579186679206734,-1.80651073490027,-0.238908086666172,-1.90593035868713,-0.350600402151269,-1.71811365709781,0.488233424412966,TRUE,0,6,lower,TRUE,TRUE,TRUE,1.03435702962454,4056,TRUE
ENSMUSG00000034570,Inpp5j,3.76718560507659,16.117625229155,0.000000000107037001176885,0.000000000405324492141321,-1.55333271616498,-7.70079552791014,0.000000000229588581020618,0.000000000912195043912339,-0.94577138126215,-1.99055756067362,-0.927548609027586,-2.10322905592745,-0.730166355013069,-2.62272333508601,-0.867828781767602,-2.23883665056236,0.340722065003158,TRUE,0,6,lower,TRUE,TRUE,TRUE,1.55333271616498,4063,TRUE
ENSMUSG00000024479,Mal2,1.31885447905251,15.3210084500226,0.000000000252652233275819,0.00000000092337899066596,2.42226073931172,7.69822154499491,0.000000000231853824400279,0.000000000920515565000909,1.29892293789455,1.92119440314954,1.69796781310548,3.82566827130395,1.60165334147438,4.18815766894242,1.5328480308248,3.31167344779863,5.36010305745483,TRUE,6,0,higher,TRUE,TRUE,TRUE,2.42226073931172,4066,TRUE
ENSMUSG00000109447,Gm3198,1.9394038290626,13.7418647572518,0.00000000150031083793387,0.00000000511715991057818,-2.12353136586927,-7.69181310011535,0.000000000237591354006095,0.000000000942831176922415,-2.61358039374401,-3.59804566798506,-1.41912991697646,-2.18283648322353,-0.522829781772875,-2.40476595151367,-1.51851336416445,-2.72854936757409,0.229484502479766,TRUE,0,6,lower,TRUE,TRUE,TRUE,2.12353136586927,4068,TRUE
ENSMUSG00000034842,Art3,3.50680361967855,18.8774892993425,0.00000000000655963268501028,0.0000000000277495153129248,-1.53181311987321,-7.67163519333062,0.00000000025660249611218,0.00000000101652370423041,-1.53983768876954,-3.66324762566923,-1.82036557366854,-1.78804933724586,-0.37738004111294,-0.00199845277312161,-1.24586110118367,-1.81776513856274,0.345842453203269,TRUE,0,6,lower,TRUE,TRUE,TRUE,1.53181311987321,4075,TRUE
ENSMUSG00000044162,Tnip3,1.45662688203658,12.6491417544952,0.00000000550253928828376,0.0000000178267813052577,2.33570161745269,7.66465950421739,0.000000000263523339166999,0.00000000104291671100095,1.63692774524508,2.70730601553994,1.89309805944234,3.66131827005629,1.406087820469,2.70947179396351,1.64537120838547,3.02603202651991,5.04796398531243,TRUE,6,0,higher,TRUE,TRUE,TRUE,2.33570161745269,4079,TRUE
ENSMUSG00000056271,Lman1l,5.06822923574478,20.371620092194,0.000000000538216648204215,0.00000000190828714077765,-1.63191792095986,-8.78129301105847,0.00000000026969286700994,0.00000000106602643294355,-0.73018114758497,-1.72931065462468,-1.76569733122168,-3.35807658937141,-0.614519493214346,-1.59372230974208,-1.036799324007,-2.22703651791272,0.322658979081358,TRUE,0,6,lower,TRUE,TRUE,TRUE,1.63191792095986,4084,TRUE
ENSMUSG00000097325,Gm16897,3.96339177202255,12.256053965374,0.00000000890951267073861,0.0000000283803507684804,1.3042202645101,7.6523927420434,0.000000000276150288844471,0.00000000109074972175588,0.793633689669738,1.2145087516184,1.41083282649762,2.04250963854618,0.738626967371479,1.6252097133572,0.981031161179611,1.6274093678406,2.46950221804609,TRUE,6,0,higher,TRUE,TRUE,TRUE,1.3042202645101,4087,TRUE
ENSMUSG00000024697,Gna14,2.70708283862883,13.4317713320463,0.00000000215682451242364,0.00000000723859004242305,-2.09215965213967,-7.639033293373,0.000000000290592468474282,0.00000000114583151406457,-1.19446366560616,-3.04147767381393,-1.64876982115725,-3.30328751671986,-1.52318713484124,-1.84177210069957,-1.45547354053488,-2.72884576374445,0.234529344101834,TRUE,0,6,lower,TRUE,TRUE,TRUE,2.09215965213967,4094,TRUE
ENSMUSG00000024228,Nudt12,5.05677383576256,13.8000183982814,0.00000000147810233506639,0.00000000504781171884424,-1.08777486230349,-7.63425533801979,0.000000000308342214096708,0.00000000121285778805145,-0.670983410202174,-1.51279801907861,-0.565524807402098,-1.21345815399928,-0.846074428463481,-1.7178103546753,-0.694194215355918,-1.48135550925106,0.470486469116618,TRUE,0,6,lower,TRUE,TRUE,TRUE,1.08777486230349,4104,TRUE
ENSMUSG00000024548,Setbp1,5.20861582552825,11.53394108593,0.0000000229077867444763,0.0000000701841718383148,-1.0318548113354,-7.62566883274037,0.000000000317414602796561,0.00000000124732812389116,-0.582889927882095,-0.693788982231963,-1.06727526465679,-1.27404686694168,-0.956496456681458,-1.61663136961843,-0.868887216406781,-1.19482240626402,0.489080953942569,TRUE,0,6,lower,TRUE,TRUE,TRUE,1.0318548113354,4108,TRUE
ENSMUSG00000012123,Crybg2,2.29681990799015,14.2565712030787,0.000000000829432719386116,0.00000000288816488115834,-2.06840669577079,-7.61155261729995,0.000000000322723183997659,0.00000000126726352694581,-1.35795480138685,-1.81594023453187,-2.20676250975567,-4.11813952394621,-0.76930537245145,-2.1423377325527,-1.44467422786466,-2.69213916367693,0.238422666806378,TRUE,0,6,lower,TRUE,TRUE,TRUE,2.06840669577079,4111,TRUE
ENSMUSG00000038692,Hoxb4,4.25477964087562,25.1461176272728,0.00000000000721674410243232,0.0000000000304256725112471,-1.89833190649684,-8.39189052074601,0.00000000032979955366851,0.00000000129442115119639,-0.789153454081475,-2.82351599109029,-0.925184590739399,-3.69353949085055,-0.543348720152935,-2.61524919206641,-0.75256225499127,-3.04410155800241,0.268253350119002,TRUE,0,6,lower,TRUE,TRUE,TRUE,1.89833190649684,4113,TRUE
ENSMUSG00000087579,Hectd2os,2.2091344179767,11.4361209293342,0.0000000249871095689886,0.0000000763085338199363,-1.98736534513011,-7.58622347512935,0.000000000355481093314393,0.00000000139115910045436,-1.54712061685952,-2.29052939650717,-1.56285280252571,-2.81720017197887,-1.39862972164645,-2.30785936126294,-1.50286771367723,-2.47186297658299,0.25219903400822,TRUE,0,6,lower,TRUE,TRUE,TRUE,1.98736534513011,4125,TRUE
ENSMUSG00000045319,Proser2,4.42667213466247,13.6645336061057,0.00000000164175830104011,0.00000000557782225506397,-1.25524756352491,-7.58582263702641,0.000000000356025410320834,0.00000000139295157508707,-0.730183625114907,-1.92836435169747,-1.68978952137994,-1.95293441174499,-0.396481083763908,-0.833732387448224,-0.938818076752919,-1.57167705029689,0.418921675061321,TRUE,0,6,lower,TRUE,TRUE,TRUE,1.25524756352491,4126,TRUE
ENSMUSG00000061540,Orm2,1.83576565960642,18.6098670278517,0.00000000000850070673081437,0.0000000000355326019563792,2.14251079994102,7.57165818614151,0.000000000375805377464411,0.00000000146643128073676,0.0304242198077558,1.39814980329173,0.580971598108934,3.49325178069788,3.13352467988746,4.21874271785239,1.24830683260138,3.03671476728067,4.41529796181438,TRUE,6,0,higher,TRUE,TRUE,TRUE,2.14251079994102,4137,TRUE
ENSMUSG00000040624,Plekhg1,3.45611561184329,14.7911771637464,0.000000000453792225353974,0.00000000162213638040062,-1.7359479118875,-7.56290916449798,0.000000000388568942392473,0.00000000151404017307306,-1.10917525511765,-2.45538206952353,-0.752397057986666,-1.77122071687876,-1.26209658451985,-3.06541578729855,-1.04122296587472,-2.43067285790028,0.300211695737347,TRUE,0,6,lower,TRUE,TRUE,TRUE,1.7359479118875,4143,TRUE
ENSMUSG00000000157,Itgb2l,2.56667983125494,12.7592242855285,0.00000000481460869147212,0.000000015685616166788,-1.99643090624009,-7.56035341560634,0.000000000392378686915501,0.00000000152851571980621,-1.49562502367937,-2.88349765843534,-2.09391374330925,-3.33351031674805,-0.922879378890344,-1.24915931637823,-1.50413938195965,-2.48872243052054,0.250619242477619,TRUE,0,6,lower,TRUE,TRUE,TRUE,1.99643090624009,4144,TRUE
ENSMUSG00000025170,Rab40b,5.36154696482057,12.5783658810409,0.0000000334587593175398,0.00000010101454117506,-1.17793935793431,-7.99894159865724,0.000000000408909530396023,0.00000000158945979994775,-0.728097354436803,-0.909508192996295,-1.30810875644258,-1.64949265282719,-0.865472245322081,-1.60695694558089,-0.967226118733821,-1.38865259713479,0.441982343372779,TRUE,0,6,lower,TRUE,TRUE,TRUE,1.17793935793431,4153,TRUE
ENSMUSG00000066000,Zfp979,3.79011701014788,10.8788317202404,0.000000053073928591211,0.000000157350308401822,1.58783515626218,7.5565483402208,0.000000000411289723409038,0.00000000159794223946861,1.29636651796289,1.18423034025587,2.10272081431059,2.56951904726988,1.33790666825511,1.03626754951875,1.5789980001762,1.59667231234816,3.00597947037159,TRUE,6,0,higher,TRUE,TRUE,TRUE,1.58783515626218,4155,TRUE
ENSMUSG00000016458,Wt1,3.45840743763079,11.3485012196927,0.0000000279582427617047,0.0000000850122269546428,1.51694324832952,7.52856075053382,0.000000000443017301704768,0.00000000171748998593181,1.49141118619205,2.35161905110391,1.39785790321441,2.00251493396624,1.00650170928137,0.851754706219147,1.29859026622928,1.73529623042976,2.86184046086817,TRUE,6,0,higher,TRUE,TRUE,TRUE,1.51694324832952,4164,TRUE
ENSMUSG00000036862,Dchs1,4.60103069129002,14.7941407655801,0.000000000452293232958198,0.00000000161749438627474,1.11918211189862,7.51841265276049,0.000000000460520350155802,0.0000000017832046084349,1.46119090953912,1.71371113372717,1.11265410964358,2.09784428996517,0.146289803070585,0.183402425446115,0.906711607417762,1.33165261637949,2.17223789768709,TRUE,6,0,higher,TRUE,TRUE,TRUE,1.11918211189862,4169,TRUE
ENSMUSG00000015342,Xk,3.56682643422084,11.0787032613896,0.0000000396207874765744,0.000000118575893999692,-1.57900293392891,-7.5178291077472,0.000000000461547619752063,0.0000000017867537711409,-1.2646909620857,-1.9243590331199,-1.60180077079764,-2.17821988779111,-0.828895920277207,-1.67605102950191,-1.23179588438685,-1.92620998347097,0.334713133556378,TRUE,0,6,lower,TRUE,TRUE,TRUE,1.57900293392891,4170,TRUE
ENSMUSG00000031906,Smpd3,3.46170311147794,12.8800732632343,0.00000000416090668147685,0.0000000136218853293613,1.58064190305327,7.51637335452334,0.000000000464120331280579,0.00000000179585199133806,1.14601453095538,2.11962913396495,1.47810003011506,2.72708801450298,0.705525411750104,1.30749429703116,1.10987999094018,2.05140381516636,2.99102900963574,TRUE,6,0,higher,TRUE,TRUE,TRUE,1.58064190305327,4172,TRUE
ENSMUSG00000031385,Plxnb3,3.15134848566724,12.1842313172094,0.00000000973793141342913,0.0000000308961137592348,-1.61633583825656,-7.51370562881416,0.000000000468872246271865,0.00000000181336959069638,-1.15757461000663,-1.25972367163092,-2.36435047741174,-2.9304213831046,-0.607650048312976,-1.3782948390725,-1.37652504524378,-1.85614663126934,0.326162802165321,TRUE,0,6,lower,TRUE,TRUE,TRUE,1.61633583825656,4174,TRUE
ENSMUSG00000045281,Gpr20,3.74307091181064,11.9589325283213,0.0000000128928797745035,0.0000000403978567934415,-1.25545905690291,-7.5058369839328,0.00000000048317395737587,0.00000000186599932868868,-1.03593370110891,-1.65051858028685,-0.715832873063173,-0.379483508268804,-1.77119084539781,-1.97979483329193,-1.17431913985663,-1.3365989739492,0.418860267304419,TRUE,0,6,lower,TRUE,TRUE,TRUE,1.25545905690291,4179,TRUE
ENSMUSG00000106032,Gm42463,4.29821100664904,11.3098541297145,0.0000000355680699721965,0.00000010708231136911,1.39485206170505,7.54289217853545,0.000000000505818779256759,0.00000000194739626843355,1.14401716894234,1.39781270915944,0.60586183135882,1.55192956697083,1.65540333088728,2.0140877629116,1.13509411039615,1.65461001301396,2.6296158578538,TRUE,6,0,higher,TRUE,TRUE,TRUE,1.39485206170505,4193,TRUE
ENSMUSG00000028977,Casz1,4.82638207449528,18.8439637095637,0.00000000000677526969058685,0.0000000000286242288969232,-1.02216788284018,-7.48475865064995,0.000000000523673846107325,0.00000000201325717973578,-0.346171710254743,-0.250710132889308,-2.19665271978397,-2.47203710658356,-0.0110247707263715,-0.856410856803097,-0.851283066921694,-1.19305269875866,0.492375921550331,TRUE,0,6,lower,TRUE,TRUE,TRUE,1.02216788284018,4199,TRUE
ENSMUSG00000100706,Gm19744,4.65472412003031,12.0337283204253,0.0000000177418923662882,0.0000000548343744068202,1.27729466447605,7.57852914065958,0.00000000053417300539304,0.0000000020516666252819,2.15859582664939,1.64370173183668,1.57246181014829,1.1812788239714,0.640397572890858,0.467332221359667,1.45715173656285,1.09743759238925,2.42384032963731,TRUE,6,0,higher,TRUE,TRUE,TRUE,1.27729466447605,4203,TRUE
ENSMUSG00000008658,Rbfox1,2.8379819470506,10.4750091585817,0.0000000877538324049777,0.000000254465621791549,-1.83910927453303,-7.47435290073299,0.00000000054490318177254,0.00000000209238155645911,-1.77545744527555,-1.53042329896575,-2.81916016328931,-2.34605642367095,-1.05260740051727,-1.51095091547934,-1.88240833636071,-1.79581021270535,0.279494292110057,TRUE,0,6,lower,TRUE,TRUE,TRUE,1.83910927453303,4204,TRUE
ENSMUSG00000032495,Lrrc2,1.8794785131297,10.9782907394318,0.0000000451576130437926,0.000000134522854284175,-2.07222930112393,-7.45584491994643,0.00000000058481343436984,0.00000000224190056305683,-1.58135516136992,-1.58135516136992,-2.31200469680317,-3.16412409069516,-1.28548373190219,-2.50905296460326,-1.72628119669176,-2.41817740555611,0.23779177159122,TRUE,0,6,lower,TRUE,TRUE,TRUE,2.07222930112393,4211,TRUE
ENSMUSG00000001663,Gstt1,4.15625821160874,12.8568429346783,0.00000000449010989402484,0.0000000146580068795234,1.41845438396685,7.45864206402464,0.00000000060144476350561,0.00000000230128533237048,0.539608998089697,1.22708087767373,1.24939031778951,2.53181471995825,1.20292791597436,1.75990347431556,0.997309077284522,1.83959969064918,2.67298989565873,TRUE,6,0,higher,TRUE,TRUE,TRUE,1.41845438396685,4219,TRUE
ENSMUSG00000069372,Ctxn3,3.0392620302112,14.4569322410999,0.000000000660662854638875,0.00000000232000880192198,-1.89240404018575,-7.44588111080683,0.000000000607497447551093,0.00000000232389367199462,-0.90396783136068,-1.74517298611433,-3.24167658698231,-4.06338973652352,-0.450894277964869,-0.949322822168815,-1.53217956543595,-2.25262851493556,0.269357839524445,TRUE,0,6,lower,TRUE,TRUE,TRUE,1.89240404018575,4220,TRUE
ENSMUSG00000020067,Mypn,3.10877028720257,15.9332950857776,0.000000000130275385629967,0.000000000489647392368929,-1.58411816297417,-7.43248648745822,0.000000000639386004076261,0.00000000244356256245338,-0.408886946551576,-1.21215244145678,-2.10012880154815,-3.66447309783731,-0.604305687208002,-1.51476200324322,-1.03777381176924,-2.13046251417911,0.333528473873716,TRUE,0,6,lower,TRUE,TRUE,TRUE,1.58411816297417,4224,TRUE
ENSMUSG00000022012,Enox1,3.83431852028753,15.2455199352335,0.000000000280941277824096,0.00000000102190965478017,-1.53355373618232,-7.41467559581918,0.000000000694747665037608,0.00000000264761840337632,-0.135871646625402,-1.68722884590824,-1.49419739844119,-2.80209948300319,-1.01468344547362,-2.0672415976423,-0.881584163513404,-2.18552330885124,0.345425444758275,TRUE,0,6,lower,TRUE,TRUE,TRUE,1.53355373618232,4236,TRUE
ENSMUSG00000101334,1700028M03Rik,1.35409608086649,14.5146988144873,0.000000000618923490813458,0.00000000218531975332495,2.50611970248402,7.40339173794113,0.000000000714541851941893,0.00000000272176713447333,0.842690256501056,2.06065090380067,1.81312504169092,4.21771451402874,1.89966986204679,4.20286763683597,1.51849505341292,3.49374435155513,5.68090076713306,TRUE,6,0,higher,TRUE,TRUE,TRUE,2.50611970248402,4238,TRUE
ENSMUSG00000044086,Lmod3,6.45929224910221,22.0361645545975,0.0000000104825665468654,0.0000000331219557185454,-2.40193812507688,-9.76199237359946,0.000000000715511340007367,0.00000000272481707047392,-1.94692441143717,-3.61200051648399,-2.38006089867879,-3.99324624543442,-0.805598637100331,-1.67379804132657,-1.71086131573877,-3.09301493441499,0.189210213875913,TRUE,0,6,lower,TRUE,TRUE,TRUE,2.40193812507688,4239,TRUE
ENSMUSG00000022847,Thpo,4.03820655014003,12.4741430207328,0.00000000681262976624721,0.0000000219119908978937,-1.39567048848629,-7.39642424084305,0.00000000073381470136809,0.0000000027912277860945,-0.922486715294869,-2.04313097712403,-1.16127997232973,-1.90522935728423,-0.68204783549962,-1.65984807338528,-0.921938174374739,-1.86940280259784,0.380068011712731,TRUE,0,6,lower,TRUE,TRUE,TRUE,1.39567048848629,4244,TRUE
ENSMUSG00000098052,Gm5300,2.25407107495061,12.8856448145219,0.00000000413308025335238,0.0000000135417727886883,1.91827096252009,7.39220816708997,0.000000000745728531430761,0.00000000283520859229552,1.4202446286936,1.9977482920801,2.79911205414094,3.85996265228512,0.757757611851409,0.674800536069375,1.65903809822865,2.17750382681153,3.7796979885132,TRUE,6,0,higher,TRUE,TRUE,TRUE,1.91827096252009,4246,TRUE
ENSMUSG00000108601,Gm44645,3.01744369123263,16.6887437645985,0.0000000000587188517077246,0.000000000226824221851591,-1.68535277680213,-7.35492573029657,0.000000000859872260530782,0.00000000325613837714014,-1.25008847242702,-1.73593570732729,-1.21585888635366,-3.95180858468863,-0.780877234076787,-1.17754777593938,-1.08227486428582,-2.28843068931843,0.310926874246955,TRUE,0,6,lower,TRUE,TRUE,TRUE,1.68535277680213,4263,TRUE
ENSMUSG00000031872,Bean1,3.6852014523424,17.8867773634181,0.0000000000173299330347156,0.0000000000702554266648452,-1.52037930566249,-7.34783601259574,0.000000000883479652879824,0.00000000334090941463855,-0.578442523432535,-2.40457123995673,-0.744075698703877,-2.18467937144136,-0.64243507931311,-2.56807192112736,-0.654984433816507,-2.38577417750848,0.348594254001944,TRUE,0,6,lower,TRUE,TRUE,TRUE,1.52037930566249,4268,TRUE
ENSMUSG00000046000,Naa11,2.59691101432144,19.8289045597871,0.00000000000265886303034351,0.000000000011644608219977,-1.86986054203399,-7.34392861375327,0.000000000896766559961876,0.00000000338948784300271,-0.707826712687055,-3.20862341801881,-1.38306648250324,-3.90710173447753,-0.226076495075402,-1.7864684094419,-0.772323230088566,-2.96739785397942,0.273599871540067,TRUE,0,6,lower,TRUE,TRUE,TRUE,1.86986054203399,4271,TRUE
ENSMUSG00000022512,Cldn1,1.84219990352377,10.9987285367613,0.0000000439691626373081,0.000000131151920261283,-2.37643683043045,-7.3211756777448,0.000000000978205211219231,0.00000000368780166387484,-2.29341695436138,-2.9975911698499,-2.86002822897532,-3.70252136266892,-0.704597548168632,-1.70046571855857,-1.95268091050178,-2.80019275035913,0.192584456040449,TRUE,0,6,lower,TRUE,TRUE,TRUE,2.37643683043045,4282,TRUE
ENSMUSG00000057948,Unc13d,5.11320161432411,17.008829809045,0.00000000161511345247582,0.0000000054924745024894,-1.35695331525122,-7.97053010890578,0.00000000106678602090183,0.0000000040114434510641,-0.843259155024641,-0.640294608147158,-2.37641496375619,-2.75015637153736,-0.179600336732157,-1.3519944563098,-1.133091485171,-1.58081514533144,0.390405879400087,TRUE,0,6,lower,TRUE,TRUE,TRUE,1.35695331525122,4293,TRUE
ENSMUSG00000038591,Colec10,2.27556617786804,9.89541254516576,0.000000192157333493712,0.000000542306964088986,-2.1230999832396,-7.28596881486957,0.00000000111903868547576,0.0000000042030343182027,-1.52216232257146,-1.83332360297324,-2.90016063640633,-3.24953451463826,-1.45672124669538,-1.7766975761529,-1.95968140189105,-2.28651856458814,0.229553131280199,TRUE,0,6,lower,TRUE,TRUE,TRUE,2.1230999832396,4298,TRUE
ENSMUSG00000029092,D5Ertd615e,3.82489943401761,18.1488059443199,0.0000000000292087754410985,0.000000000115994406382694,-1.6196093815614,-7.39087738757225,0.00000000113028775603665,0.00000000424331052225571,-1.17942001551411,-3.35041853944035,-1.35241810203612,-2.98473488029396,-0.208865879511801,-0.641798872572076,-0.913567999020678,-2.32565076410213,0.325423562337971,TRUE,0,6,lower,TRUE,TRUE,TRUE,1.6196093815614,4300,TRUE
ENSMUSG00000059049,Frem1,3.28640134101318,12.059160863776,0.0000000113758783652535,0.0000000358323520878608,-1.72107403510654,-7.25478257736519,0.00000000126063673974793,0.00000000471293628757545,-1.09784200266218,-2.79361717238073,-1.08456621332996,-2.23508314274614,-1.37546999878194,-1.73986568073828,-1.18595940492469,-2.25618866528838,0.303322823977058,TRUE,0,6,lower,TRUE,TRUE,TRUE,1.72107403510654,4318,TRUE
ENSMUSG00000050157,Gm867,4.06534624339866,20.4081112458065,0.0000000000267614118348849,0.000000000106642673722673,-1.69452139363317,-7.63193735969882,0.00000000129121647637605,0.00000000482279212821344,-0.672357295959271,-3.1992829523177,-1.07175458761986,-2.91578769972073,-0.397734665990805,-1.91021116019066,-0.713948849856646,-2.6750939374097,0.308957137161044,TRUE,0,6,lower,TRUE,TRUE,TRUE,1.69452139363317,4322,TRUE
ENSMUSG00000000215,Ins2,1.61770265483237,17.6749165289352,0.0000000000214240292518532,0.000000000086096117553564,-2.19779476285654,-7.24753994955324,0.00000000129600620124277,0.00000000483844313290057,-0.889617976961837,-1.54216953804191,-1.7180286401289,-2.60458472147613,-1.22837100976812,-5.20399669076232,-1.27867254228629,-3.11691698342679,0.217970566072812,TRUE,0,6,lower,TRUE,TRUE,TRUE,2.19779476285654,4324,TRUE
ENSMUSG00000107355,AI839979,3.85314424637509,11.1483059977177,0.0000000361985700535091,0.000000108919574347399,-1.43950390240443,-7.24604526450434,0.00000000130342813062752,0.00000000486502666190059,-1.70263907982304,-2.08313379755151,-0.769973709677375,-1.87271056798918,-0.762414297136843,-1.44615196224867,-1.07834236221242,-1.80066544259645,0.368694064857255,TRUE,0,6,lower,TRUE,TRUE,TRUE,1.43950390240443,4325,TRUE
ENSMUSG00000115494,Gm49293,2.19751317746525,10.4676757858608,0.0000000886171981840328,0.000000256784676051847,-1.93267526771816,-7.23303089070631,0.00000000136987434078345,0.00000000510595277840387,-1.77403180262862,-2.56246490583846,-1.43945861243225,-2.81222884251268,-1.33026604666625,-1.6776013962307,-1.51458548724238,-2.35076504819395,0.261942985170145,TRUE,0,6,lower,TRUE,TRUE,TRUE,1.93267526771816,4331,TRUE
ENSMUSG00000117605,ENSMUSG00000117605,1.56223218032316,12.071523919077,0.0000000112019853523888,0.0000000352983895263738,-2.33701512719477,-7.20504904066736,0.00000000152443193313259,0.00000000565202220867235,-2.00085372489126,-3.25364568907217,-1.15416025306361,-3.12271183624048,-1.3774319910576,-3.11328726884351,-1.51081532300416,-3.16321493138539,0.197919391198415,TRUE,0,6,lower,TRUE,TRUE,TRUE,2.33701512719477,4354,TRUE
ENSMUSG00000024500,Ppp2r2b,6.33414409472656,22.9000239760302,0.00000000490104292021869,0.0000000159516321243147,-1.50449690234097,-9.16679853209553,0.00000000177143094848544,0.00000000654225801908039,-1.33382950470823,-1.61640765932611,-0.977049741998298,-1.60776541044926,-0.613052678045589,-2.87887641951832,-0.974643974917371,-2.03434982976457,0.352453075049239,TRUE,0,6,lower,TRUE,TRUE,TRUE,1.50449690234097,4371,TRUE
ENSMUSG00000038623,Tm6sf1,2.51819367229269,12.0152731066017,0.0000000125085204247341,0.0000000392544800187562,-2.16137493356115,-7.17385747768813,0.00000000177307040303429,0.00000000654681507689444,-1.38609214421256,-2.18904342942782,-3.66759720383943,-3.70314172971263,-0.340990584938028,-1.68138450923645,-1.79822664433001,-2.5245232227923,0.223543122583625,TRUE,0,6,lower,TRUE,TRUE,TRUE,2.16137493356115,4372,TRUE
ENSMUSG00000029279,Brdt,4.18603968473875,11.4588071588435,0.0000000242723860663067,0.0000000741819629436557,-1.29273716082502,-7.15540936681466,0.00000000184274876110886,0.00000000679321608828051,-0.955625963542214,-2.08288918476418,-1.14605614623814,-1.90114047778678,-0.7453022001746,-0.925408992444192,-0.948994769984983,-1.63647955166505,0.408175880327883,TRUE,0,6,lower,TRUE,TRUE,TRUE,1.29273716082502,4379,TRUE
ENSMUSG00000079654,Prrt4,3.38391725277776,11.9857831424543,0.0000000125954185657792,0.0000000395195028002669,-1.68116991793019,-7.15405285770141,0.00000000186740414169377,0.00000000687939412582441,-0.89871922398293,-1.04296697255027,-1.57021290284269,-2.6552445866257,-1.19227577183195,-2.72760004974761,-1.22040263288586,-2.14193720297453,0.311829664099586,TRUE,0,6,lower,TRUE,TRUE,TRUE,1.68116991793019,4382,TRUE
ENSMUSG00000113771,Gm36529,1.64001269888245,10.2939220416179,0.00000011185839781908,0.000000321018687287716,2.04292196833232,7.15058028795428,0.00000000187705836175749,0.00000000691180500315949,0.967009224733567,2.24209715064954,2.60022938220433,2.90069584821976,1.34505207606567,2.20244812812108,1.63743022766785,2.44841370899679,4.12079292535188,TRUE,6,0,higher,TRUE,TRUE,TRUE,2.04292196833232,4384,TRUE
ENSMUSG00000085696,Hoxaas3,4.50954281056839,9.13295305902372,0.00000055626835773331,0.00000150164550148642,1.05694664129863,7.1448123872895,0.00000000191887580083805,0.00000000705291713409121,0.744019006043467,0.857513939547366,1.27012936172889,1.42394448116601,0.872684759065609,1.17338830024046,0.962277708945987,1.15161557365128,2.08052358255453,TRUE,6,0,higher,TRUE,TRUE,TRUE,1.05694664129863,4392,TRUE
ENSMUSG00000040987,Mill2,4.68232431690682,11.8810302949063,0.0000000546645139982871,0.000000161947008528968,-1.34095643661671,-7.45208510457331,0.00000000199895831463098,0.0000000073372405805111,-1.06634333464913,-1.98607917700437,-1.05766769322859,-1.90437503079606,-0.758533263532462,-1.27274012048963,-0.960848097136724,-1.72106477609669,0.394758863244326,TRUE,0,6,lower,TRUE,TRUE,TRUE,1.34095643661671,4398,TRUE
ENSMUSG00000086755,Gm11216,3.74215594416611,18.383898300105,0.0000000000105999948384274,0.0000000000439321480556439,-1.41267926376088,-7.1310004739634,0.00000000202283602697509,0.00000000741982321823652,-0.918406521303197,-1.80351632244993,-0.716310652710311,-3.22713996435455,-0.296722522443836,-1.51397959930344,-0.643813232152448,-2.18154529536931,0.375613477872828,TRUE,0,6,lower,TRUE,TRUE,TRUE,1.41267926376088,4401,TRUE
ENSMUSG00000029641,Rasl11a,4.09439489294706,12.6489830508801,0.00000000550360127977194,0.0000000178267813052577,1.24236577228637,7.12949919504062,0.00000000203446976924352,0.00000000746080088253024,0.780557941866188,1.84671902073231,0.224584239311115,1.45334765483321,1.49239743958182,1.65658833739356,0.832513206919707,1.65221833765303,2.36586175091832,TRUE,6,0,higher,TRUE,TRUE,TRUE,1.24236577228637,4402,TRUE
ENSMUSG00000068231,Vmn1r43,4.87980660746215,19.3742940671775,0.00000000000843871626257179,0.0000000000352917607841182,-1.13027401899408,-7.21579729980984,0.00000000204324101407384,0.00000000749126497619669,-0.511880076177905,-2.51686789700052,-0.271669622379713,-1.19664478533177,-0.638071659732039,-1.64651007334254,-0.473873786096553,-1.78667425189161,0.456828948842323,TRUE,0,6,lower,TRUE,TRUE,TRUE,1.13027401899408,4403,TRUE
ENSMUSG00000116617,ENSMUSG00000116617,3.56427735249935,11.2338129404709,0.000000074286280216204,0.000000217217232560763,-1.79346882564452,-7.31144404048163,0.00000000217939670409475,0.00000000797416160340016,-1.34064783850419,-2.18060373647938,-1.74490766928004,-2.95543085671323,-0.951413567592608,-1.58780928529769,-1.34565635845895,-2.2412812928301,0.288477593974174,TRUE,0,6,lower,TRUE,TRUE,TRUE,1.79346882564452,4412,TRUE
ENSMUSG00000041556,Fbxo2,4.3115040303996,9.67259254203863,0.000000261157673113915,0.000000728003508388521,1.20592746999566,7.1043231132001,0.00000000223983438478207,0.00000000818787284273934,1.64806683417839,1.90920149288909,0.802330291585441,1.14095018296188,0.947711800637392,0.787304217721785,1.13270297546707,1.27915196452425,2.30685523243857,TRUE,6,0,higher,TRUE,TRUE,TRUE,1.20592746999566,4416,TRUE
ENSMUSG00000024232,Bambi,3.14089549950437,10.0453760632928,0.000000156578908145977,0.00000044516613494197,1.63798694911181,7.10029109397679,0.00000000227459648595468,0.00000000829991208697252,0.699993599496064,0.940002579114841,2.06265422864217,2.54236356033633,1.51827276739688,2.0646349596846,1.42697353184504,1.84900036637859,3.11231255153501,TRUE,6,0,higher,TRUE,TRUE,TRUE,1.63798694911181,4424,TRUE
ENSMUSG00000020641,Rsad2,3.80758181734334,18.5390445542531,0.00000000000910787776392867,0.0000000000379820384249808,-1.37659503308299,-7.08171391575008,0.00000000244185446367151,0.00000000888212181321522,-1.01049376349454,-2.5858213593543,-0.590932180813862,-2.81702985852743,-0.219115371592097,-1.03617766471569,-0.606847105300166,-2.14634296086581,0.385126677650906,TRUE,0,6,lower,TRUE,TRUE,TRUE,1.37659503308299,4438,TRUE
ENSMUSG00000045094,Arhgef37,4.72298807001126,16.2813048745207,0.0000000000900010108830343,0.000000000342904488714851,-1.06156882650935,-7.05839547918568,0.00000000266929860307182,0.00000000968760956595963,-0.480043954884973,-1.99098431864745,-1.04416564740508,-1.9983441332514,-0.163312023087175,-0.692562881780004,-0.562507208459076,-1.56063044455962,0.479110777968138,TRUE,0,6,lower,TRUE,TRUE,TRUE,1.06156882650935,4448,TRUE
ENSMUSG00000030739,Myh14,2.54670399655852,12.0924103656891,0.000000011316422174459,0.0000000356520302814777,-2.09844263874968,-7.06060956078709,0.0000000027202330796355,0.00000000985916538045707,-1.01470890593807,-2.91334159704524,-1.31483524032474,-1.95112806206927,-1.80127764975429,-3.59536437736646,-1.37694059867237,-2.81994467882699,0.2335101815825,TRUE,0,6,lower,TRUE,TRUE,TRUE,2.09844263874968,4454,TRUE
ENSMUSG00000048489,8430408G22Rik,3.52647022461311,13.7959715833819,0.00000000140888596465581,0.00000000482265609148403,-1.37484166190981,-7.03338304162037,0.00000000293684156351214,0.0000000106156366681094,-0.694418126628679,-2.33051581925775,-1.35838164172776,-2.4999724745293,-0.586361647111604,-0.779400262203762,-0.879720471822682,-1.86996285199694,0.385595023700853,TRUE,0,6,lower,TRUE,TRUE,TRUE,1.37484166190981,4466,TRUE
ENSMUSG00000038239,Hrc,6.26610975800907,19.0139385449797,0.0000000445981328484388,0.000000132954322912714,-2.57317629367598,-9.05340717860784,0.00000000304194474450265,0.0000000109758860103948,-2.60607247478463,-3.60197207632137,-2.79345009748445,-4.53959777851269,-0.487759790824894,-1.41020554412783,-1.96242745436466,-3.1839251329873,0.168033839705313,TRUE,0,6,lower,TRUE,TRUE,TRUE,2.57317629367598,4474,TRUE
ENSMUSG00000021136,Smoc1,2.62821747884132,12.9602057395684,0.00000000377867477868583,0.0000000124108132151221,1.83032079363601,7.01778107565001,0.00000000311712570028032,0.0000000112345970483646,0.682482677150366,1.48878848696596,0.589689856101443,1.36588394386034,2.83692864130818,4.01815115642975,1.36970039152,2.29094119575202,3.55616137486114,TRUE,6,0,higher,TRUE,TRUE,TRUE,1.83032079363601,4479,TRUE
ENSMUSG00000082361,Btc,4.26991372466546,8.87727608355176,0.000000801210463143452,0.00000212484647716851,-1.13095912964624,-7.01429624508368,0.00000000315888051735489,0.0000000113749293311755,-0.80782641807177,-1.37076244276518,-1.31687908300223,-1.36999543809762,-0.978890153846462,-0.941401242094162,-1.03453188497349,-1.22738637431899,0.45661206026367,TRUE,0,6,lower,TRUE,TRUE,TRUE,1.13095912964624,4483,TRUE
ENSMUSG00000021108,Prkch,2.92585286702902,10.3592368731619,0.000000102459836039939,0.000000294990036239118,-1.72284174109075,-7.00870695709253,0.000000003227020337498,0.000000011615114672961,-1.53750941060679,-2.01572259073954,-1.62192780479275,-3.00028017292654,-1.12190163462057,-1.03970883285833,-1.4271129500067,-2.01857053217481,0.302951396058345,TRUE,0,6,lower,TRUE,TRUE,TRUE,1.72284174109075,4485,TRUE
ENSMUSG00000032523,Hhatl,3.94589491245653,19.6259571570926,0.00000000000321606006946364,0.0000000000139786908188884,-1.38416992948537,-7.00452368816978,0.00000000327897795898868,0.0000000117916108692257,-0.0188324490397513,-2.36393085936379,-1.0769197062216,-3.02066552161561,-0.552900797126323,-1.27177024354513,-0.549550984129224,-2.21878887484151,0.383109862360997,TRUE,0,6,lower,TRUE,TRUE,TRUE,1.38416992948537,4489,TRUE
ENSMUSG00000028558,Calr4,2.92293767664255,13.7825964902064,0.00000000143093602202882,0.00000000489398309398544,-1.68427311845697,-6.98996845751659,0.00000000346635643014266,0.0000000124377399092672,-0.450614679242756,-0.374875580961419,-2.41875266498454,-2.7241960015395,-1.02494971998397,-3.11225006402961,-1.29810568807042,-2.07044054884351,0.311159647235684,TRUE,0,6,lower,TRUE,TRUE,TRUE,1.68427311845697,4499,TRUE
ENSMUSG00000069874,Irgm2,3.98161311240801,16.6447091354516,0.0000000000614739236491565,0.000000000237156955374571,-1.29025637736837,-6.98416071833588,0.00000000354407423661524,0.0000000127081275881119,-0.261363043457913,-2.1866506129574,-1.02673119960785,-2.44952374837774,-0.468176301115221,-1.3490933586941,-0.585423514726996,-1.99508924000975,0.408878362173001,TRUE,0,6,lower,TRUE,TRUE,TRUE,1.29025637736837,4502,TRUE
ENSMUSG00000008845,Cd163,6.01038261618601,18.0988489034541,0.0000000128513522935626,0.0000000402833747718409,1.26999968673971,8.307405379764,0.00000000368781039037039,0.000000013200071647838,0.707912241539942,1.65017825409838,0.568575108327374,1.72964270949695,0.895798398636072,2.06789140833957,0.724095249501129,1.8159041239783,2.41161513173424,TRUE,6,0,higher,TRUE,TRUE,TRUE,1.26999968673971,4510,TRUE
ENSMUSG00000090793,Gm6650,3.54353180908715,11.1902036952303,0.0000000342872714078482,0.000000103457835950821,1.50813636279668,6.95892444062014,0.00000000390249767835954,0.0000000139437848653736,2.35486514900709,0.878975466499585,1.85524327598207,0.75393975649803,1.50067826429862,1.70511626449467,1.90359556309593,1.11267716249743,2.84442366193733,TRUE,6,0,higher,TRUE,TRUE,TRUE,1.50813636279668,4518,TRUE
ENSMUSG00000059003,Grin2a,1.71646723719827,17.314986527671,0.0000000000308281800827379,0.00000000012212498431304,-2.23550114001667,-6.95663356826641,0.00000000393677374288261,0.0000000140631419631232,-1.51908547013801,-3.01408700550436,-0.554963599258454,-3.70462474255559,-0.671240567310658,-3.94900545533295,-0.915096545569041,-3.5559057344643,0.212347475148402,TRUE,0,6,lower,TRUE,TRUE,TRUE,2.23550114001667,4519,TRUE
ENSMUSG00000086006,Gm13293,1.70480019280207,8.77722490484973,0.000000925274405899257,0.00000243467069835888,2.05524883058379,6.94508834116211,0.00000000411414249552616,0.0000000146578243887174,1.58712538706121,2.20931908351723,2.15844101182539,2.90706214518278,1.55442482366513,1.91512053225101,1.76666374085057,2.34383392031701,4.15615318895726,TRUE,6,0,higher,TRUE,TRUE,TRUE,2.05524883058379,4531,TRUE
ENSMUSG00000112716,4930471E19Rik,4.73279127165496,16.981706139745,0.0000000000433603332678849,0.000000000169237393603352,-1.03858631985833,-6.94197719236268,0.00000000416328892220636,0.0000000148231083085967,-0.75092198932216,-1.28422898682738,-0.617999052910134,-2.10971753874657,-0.0213962702516106,-1.44725408109212,-0.463439104161302,-1.61373353555536,0.486804253915924,TRUE,0,6,lower,TRUE,TRUE,TRUE,1.03858631985833,4534,TRUE
ENSMUSG00000022037,Clu,3.90123117355655,11.8768242714076,0.0000000591188634441812,0.000000174694455899582,1.67891210590467,7.25603460003087,0.00000000416839924001041,0.0000000148380306353888,1.20559335705649,2.49340558089116,0.771593892125233,1.40552326241994,1.55398495048877,2.64337159244645,1.17705739989016,2.18076681191919,3.20186416776928,TRUE,6,0,higher,TRUE,TRUE,TRUE,1.67891210590467,4535,TRUE
ENSMUSG00000017652,Cd40,3.7237984406605,18.8096837747152,0.00000000000744838484918984,0.0000000000313449626226464,-1.48410146617005,-6.92423741642724,0.00000000457226205495156,0.0000000162148564044558,-0.715125535899895,-1.73811283197189,-0.570599998401473,-3.32512566700501,-0.431891428150398,-2.12375333559165,-0.572538987483922,-2.39566394485618,0.357471104409736,TRUE,0,6,lower,TRUE,TRUE,TRUE,1.48410146617005,4552,TRUE
ENSMUSG00000097928,Gm26578,3.97892756314257,10.6001396965176,0.000000074289558382455,0.000000217217232560763,1.29888540470216,6.91034624463743,0.00000000469747147875164,0.0000000166442673576575,1.27239849845968,2.03709474783486,1.1665258890624,1.94119001347412,0.413398111731475,0.962705167650416,0.950774166417851,1.64699664298646,2.46038724971787,TRUE,6,0,higher,TRUE,TRUE,TRUE,1.29888540470216,4556,TRUE
ENSMUSG00000047959,Kcna3,1.88058326529433,13.8625338615738,0.00000000130426279565832,0.00000000449023551083649,-2.04836301186965,-6.90500005169897,0.00000000479428977475671,0.0000000169798639389859,-1.26872293553479,-4.30596373138108,-1.20976704548348,-2.44900713137761,-1.14703841341083,-1.90967881403014,-1.2085094648097,-2.88821655892961,0.241758243382327,TRUE,0,6,lower,TRUE,TRUE,TRUE,2.04836301186965,4558,TRUE
ENSMUSG00000097875,Gm26704,3.84299021714765,13.4441270245821,0.0000000021256724505292,0.00000000714146313608592,1.3295916765243,6.90388714753525,0.00000000481469334145986,0.0000000170483866223265,0.569615284691921,1.01168221919337,2.13615766275613,2.99176834820308,0.158559767880869,1.10976677642046,0.954777571776305,1.7044057812723,2.51331530909592,TRUE,6,0,higher,TRUE,TRUE,TRUE,1.3295916765243,4559,TRUE
ENSMUSG00000042246,Tmc7,3.97714722347116,12.130505279458,0.0000000104094247106969,0.0000000329054745857469,-1.12559554736592,-6.88881524154473,0.00000000509970461176617,0.0000000180101797304181,-0.876295765335076,-1.57072996670617,-1.55335969306341,-2.14304060129089,-0.0461826164724313,-0.563964641327539,-0.825279358290307,-1.42591173644153,0.458312790121347,TRUE,0,6,lower,TRUE,TRUE,TRUE,1.12559554736592,4571,TRUE
ENSMUSG00000117926,ENSMUSG00000117926,2.69252652751807,10.2394442566413,0.000000120377336679618,0.000000344915041891919,-1.83017578918584,-6.86442734360185,0.00000000559697862592271,0.0000000197232102070007,-1.89014411013428,-1.6177899883811,-2.13515161804667,-3.15418939389614,-0.513305451876012,-1.67047417278082,-1.51286706001899,-2.14748451835269,0.281230351790798,TRUE,0,6,lower,TRUE,TRUE,TRUE,1.83017578918584,4581,TRUE
ENSMUSG00000044647,Csrnp3,1.59033881731497,9.33589721634784,0.000000417669314341263,0.00000114085207130474,-2.04539057010491,-6.85635594567641,0.00000000577199063506868,0.0000000203044769714347,-1.93889194503521,-2.77789776496967,-1.48936152798359,-2.89120701262061,-1.4304968613278,-1.74448830869258,-1.6195834447822,-2.47119769542762,0.242256860956098,TRUE,0,6,lower,TRUE,TRUE,TRUE,2.04539057010491,4589,TRUE
ENSMUSG00000051486,Pcdhb11,4.0310165926274,10.4488874358658,0.000000283502936995867,0.000000787031455189042,1.57709645083349,7.14051252641194,0.0000000058171750008468,0.0000000204589664572265,2.01955522133949,2.65646005193416,1.06116377189377,1.58625291087007,0.752617831677832,1.38652891728561,1.27777894163703,1.87641396002994,2.98368752002041,TRUE,6,0,higher,TRUE,TRUE,TRUE,1.57709645083349,4590,TRUE
ENSMUSG00000030170,Wnt5b,3.75298341300484,12.134839091356,0.0000000103535251244691,0.0000000327398542770429,1.38673369749463,6.84865309136339,0.00000000594410169312868,0.000000020891712090611,0.674506643130991,0.778200986127883,0.508205096244381,1.78048903861231,1.82248142106306,2.75651899978914,1.00173105347948,1.77173634150978,2.6148599838063,TRUE,6,0,higher,TRUE,TRUE,TRUE,1.38673369749463,4593,TRUE
ENSMUSG00000016386,Mpped2,1.3263527424679,11.2593853190057,0.0000000313564394003437,0.0000000949159949821392,2.19418737508643,6.84780162699994,0.00000000596343824192854,0.0000000209459929372177,1.49008798422802,2.84007745750101,2.15726925526102,3.04627509736177,0.647389940208912,2.98402451595784,1.43158239323265,2.9567923569402,4.57631821962402,TRUE,6,0,higher,TRUE,TRUE,TRUE,2.19418737508643,4596,TRUE
ENSMUSG00000107655,Gm44220,2.09110052980879,12.1777652264147,0.00000000981631930826217,0.000000031132582041901,-1.94327591663913,-6.84300166958312,0.00000000607362432675932,0.0000000213190949134324,-0.41282502467016,-0.87075152418192,-2.70722098917098,-4.04314730137492,-1.20972710592816,-2.41598355450866,-1.44325770658977,-2.4432941266885,0.260025331811479,TRUE,0,6,lower,TRUE,TRUE,TRUE,1.94327591663913,4599,TRUE
ENSMUSG00000099528,2410012E07Rik,2.88168230659728,17.9485235269623,0.0000000000162959815938648,0.00000000006631359487516,-1.83303282582716,-6.80979101531932,0.00000000689371292047991,0.000000024108580518914,-1.24483220847542,-3.74803399047493,-0.557304992204921,-3.34681595266976,-0.291988060472485,-1.80922175066542,-0.69804175371761,-2.9680238979367,0.280673969234567,TRUE,0,6,lower,TRUE,TRUE,TRUE,1.83303282582716,4616,TRUE
ENSMUSG00000102997,Gm17244,1.79372892143344,13.1611018501145,0.00000000297182559026619,0.00000000985298428910805,-2.03548307799897,-6.8088880242182,0.00000000691749028212436,0.0000000241760220013712,-1.78858343275301,-3.73570732997559,-0.596988084048442,-1.98093056934269,-0.994519927014357,-3.1161691248597,-1.1266971479386,-2.94426900805933,0.243926249239636,TRUE,0,6,lower,TRUE,TRUE,TRUE,2.03548307799897,4619,TRUE
ENSMUSG00000057182,Scn3a,1.32008379179191,10.8707838151434,0.0000000519792087907034,0.000000154246391086089,-2.07689938342426,-6.79480176911152,0.00000000729917885102079,0.0000000254438877547028,-0.798275437147757,-0.465299280112866,-3.1196335442272,-3.1196335442272,-1.67923283210021,-3.27932166273035,-1.86571393782506,-2.28808482902347,0.237023271205424,TRUE,0,6,lower,TRUE,TRUE,TRUE,2.07689938342426,4630,TRUE
ENSMUSG00000074264,Amy1,3.54429484688954,10.9136979911288,0.0000000491367039073574,0.000000145972361276494,1.3580796019161,6.7875934048321,0.00000000750255509480224,0.0000000261133563810678,1.18208479085279,1.62829848803581,0.916508860711147,2.1732828060669,0.574777717732766,1.67352494809719,0.891123789765569,1.82503541406663,2.56343728423339,TRUE,6,0,higher,TRUE,TRUE,TRUE,1.3580796019161,4638,TRUE
ENSMUSG00000039742,Fam71f1,3.67244142694982,10.1289429453314,0.000000139778683025724,0.000000398454402275164,-1.34922061518785,-6.77227739030122,0.00000000795363932316689,0.0000000276595432128141,-1.08092704831101,-1.91151731490722,-0.664522679588853,-1.7529522595273,-1.01200608738816,-1.67339830140454,-0.91915193842934,-1.77928929194635,0.392504033503354,TRUE,0,6,lower,TRUE,TRUE,TRUE,1.34922061518785,4642,TRUE
ENSMUSG00000044641,Pard6b,3.47509823782596,11.5065671591711,0.0000000312376633234866,0.0000000945741933666624,-1.63400598565226,-6.82568190031677,0.00000000818719023801685,0.0000000284349853726992,-0.804605519529583,-1.53561047238097,-1.52496361785127,-3.16714362521027,-0.919498780886848,-1.85221389805463,-1.08302263942257,-2.18498933188195,0.322192320862521,TRUE,0,6,lower,TRUE,TRUE,TRUE,1.63400598565226,4648,TRUE
ENSMUSG00000112466,Gm29674,1.34168319070542,17.2832370154197,0.0000000000318409084081184,0.000000000125858909018672,2.26273848690755,6.75748498531693,0.00000000841496255021687,0.0000000291758463161836,0.322044957382002,3.65464152700471,0.701687795114532,3.71922625643323,1.40929154954529,3.76953883596551,0.811008100680608,3.71446887313449,4.79901554719352,TRUE,6,0,higher,TRUE,TRUE,TRUE,2.26273848690755,4656,TRUE
ENSMUSG00000107256,Gm13821,2.41024648919226,14.7228434948031,0.000000000489818746229424,0.00000000174512116980393,-1.89215002632589,-6.74993943693249,0.00000000866046431338333,0.0000000300012608177998,-0.786611955398734,-2.81298485928147,-0.929908396690225,-3.5498171936929,-0.892560277303009,-2.38101747558903,-0.869693543130656,-2.91460650952113,0.26940526926274,TRUE,0,6,lower,TRUE,TRUE,TRUE,1.89215002632589,4660,TRUE
ENSMUSG00000040329,Il7,3.99883742987887,17.4350416008449,0.0000000000272903527695103,0.000000000108643197227671,1.24096267059869,6.74247217092612,0.00000000891045050786655,0.0000000308540117006628,1.12261582920745,2.61023717526905,0.176278185917502,1.70072875320272,0.0971244882922897,1.73879159170314,0.465339501139081,2.01658584005831,2.36356193645776,TRUE,6,0,higher,TRUE,TRUE,TRUE,1.24096267059869,4662,TRUE
ENSMUSG00000032289,Thsd4,3.16740246422969,9.13843616620917,0.000000551958710870198,0.00000149100894738581,-1.50585638770889,-6.7263019812129,0.00000000947672804153737,0.0000000327165998234683,-1.15365387267524,-1.93461122460804,-1.46449717989224,-1.36976032369522,-0.988989836429471,-2.12362588895314,-1.20238029633232,-1.80933247908547,0.352121106687021,TRUE,0,6,lower,TRUE,TRUE,TRUE,1.50585638770889,4676,TRUE
ENSMUSG00000009394,Syn2,4.17044197231162,12.4460364486056,0.00000000705138677353067,0.000000022661862768287,-1.16370671728521,-6.71145137745769,0.0000000100283495811554,0.000000034539715657903,-0.711015973146957,-1.42228190727442,-0.553402834811904,-1.71161626877552,-0.643807441503659,-1.94011587819881,-0.636075416487507,-1.69133801808292,0.446364217041606,TRUE,0,6,lower,TRUE,TRUE,TRUE,1.16370671728521,4687,TRUE
ENSMUSG00000087691,Gm15674,2.79842109595694,9.18363507718352,0.00000051772036811839,0.000001403216907746,-1.69654075480956,-6.70601141776213,0.0000000102383306951136,0.0000000352293771303191,-1.01327319888307,-1.96430694774374,-1.1204012448263,-2.12567885173223,-1.6212658319414,-2.33431845373065,-1.25164675855026,-2.14143475106887,0.308524987887802,TRUE,0,6,lower,TRUE,TRUE,TRUE,1.69654075480956,4690,TRUE
ENSMUSG00000030075,Cntn3,3.05427694567982,15.8892586463729,0.000000000136563076883386,0.000000000512325761126771,-1.63217639097573,-6.70598145470344,0.0000000102394993183087,0.0000000352293771303191,-0.737922986475043,-2.91806311438654,-0.370514587827247,-2.23282052412829,-0.83248821406752,-2.70124891896973,-0.646975262789937,-2.61737751916152,0.322601177398496,TRUE,0,6,lower,TRUE,TRUE,TRUE,1.63217639097573,4690,TRUE
ENSMUSG00000034652,Cd300a,1.35914363730724,8.57646527490677,0.00000123769641300141,0.00000321224006351796,-2.09934600128198,-6.70296338490526,0.0000000103578944586155,0.0000000356063650437457,-1.21580567207819,-1.21580567207819,-2.49021597528487,-2.84456119817658,-1.95865376957731,-2.87103372049673,-1.88822513898012,-2.31046686358384,0.233364011869592,TRUE,0,6,lower,TRUE,TRUE,TRUE,2.09934600128198,4696,TRUE
ENSMUSG00000032053,Pou2af1,1.32958330005604,9.6149212741503,0.00000028288547390647,0.000000785618003339942,-2.16358575218884,-6.70024429490728,0.0000000104657293476386,0.0000000359693993738406,-1.67624366367702,-1.99070132733051,-2.32905576457775,-2.63069268463716,-1.07419396144685,-3.28062711146372,-1.69316446323387,-2.6340070411438,0.223200822369778,TRUE,0,6,lower,TRUE,TRUE,TRUE,2.16358575218884,4697,TRUE
ENSMUSG00000036570,Fxyd1,1.99965236990778,10.4472289936646,0.0000000910710791470368,0.00000026332975677727,1.94247090035342,6.69623219822226,0.0000000106268905241145,0.0000000364999773895278,1.31205347236663,2.72514560130879,1.55684894963288,3.1589236622015,0.981164246874367,1.92068946973637,1.28335555629129,2.60158624441555,3.84363382566892,TRUE,6,0,higher,TRUE,TRUE,TRUE,1.94247090035342,4700,TRUE
ENSMUSG00000043913,Ccdc60,3.38049545387187,8.36342848372386,0.00000275155378552387,0.0000068972566397068,1.75146386117839,6.83856989423547,0.0000000109381874096614,0.0000000375372362572627,2.39923345550146,2.08949650876427,1.8510307573686,1.51576892779338,1.15574030250374,1.49751321513889,1.8020015051246,1.70092621723218,3.36700032676568,TRUE,6,0,higher,TRUE,TRUE,TRUE,1.75146386117839,4704,TRUE
ENSMUSG00000030470,Csrp3,4.08665917238401,12.4823266510298,0.000000113705136515418,0.000000326260579233629,-1.76489864097018,-7.28683108041939,0.0000000111908178058734,0.0000000383715743076071,-0.701114902552374,-1.63964268728073,-2.3461565015682,-3.40830923868919,-0.851179593967771,-1.64298892176283,-1.29948366602945,-2.23031361591092,0.294247356434327,TRUE,0,6,lower,TRUE,TRUE,TRUE,1.76489864097018,4708,TRUE
ENSMUSG00000032327,Stra6,5.46317343235848,13.8240527536105,0.000000706943145581287,0.00000188599953712092,1.85115067511981,8.33229995974438,0.0000000113441923837508,0.0000000388479630146137,2.04296704135076,2.00246366289373,2.18502519228857,2.89830917622176,0.638227531219919,1.33991144674415,1.62207325495308,2.08022809528655,3.60787830078695,TRUE,6,0,higher,TRUE,TRUE,TRUE,1.85115067511981,4714,TRUE
ENSMUSG00000050503,Fbxl22,4.42139419687566,12.1732198132621,0.0000000141627168088875,0.000000044145344167961,-1.21796227162719,-6.73956000896205,0.0000000114619414444698,0.0000000392428676008643,-0.916350585917187,-1.31137429534103,-1.42070707694178,-2.45208422055535,-0.0599746836981465,-1.14728276730964,-0.799010782185704,-1.63691376106867,0.42988948514995,TRUE,0,6,lower,TRUE,TRUE,TRUE,1.21796227162719,4715,TRUE
ENSMUSG00000000244,Tspan32,5.81689454876376,20.8130329608895,0.0000000182236410074682,0.0000000562816599930284,-2.00112431962042,-8.4210460711999,0.0000000115845127474252,0.0000000396373016705563,-1.14333481226504,-3.64852580608301,-1.3223513996659,-3.21458648043637,-0.737906497881815,-1.9400409213904,-1.06786423660425,-2.93438440263659,0.249805246153805,TRUE,0,6,lower,TRUE,TRUE,TRUE,2.00112431962042,4718,TRUE
ENSMUSG00000046634,Pkd1l1,2.85994386321402,9.4301424305303,0.000000365959213771221,0.00000100641900986522,1.65772642822973,6.65598879400503,0.0000000123867922801,0.0000000422837783416483,1.42218914051496,2.05329850132724,2.21088113932822,2.84705114329375,0.77055487088457,0.642383774029629,1.46787505024258,1.84757780621687,3.1551890023833,TRUE,6,0,higher,TRUE,TRUE,TRUE,1.65772642822973,4729,TRUE
ENSMUSG00000027520,Zdbf2,2.05661107467335,10.7485166453123,0.0000000610475551536521,0.000000180096981514146,-2.02966243868446,-6.64429609686937,0.0000000129505942757086,0.0000000441150967277407,-1.03333049436723,-2.70795543311232,-2.43305213566631,-3.2611193000402,-0.564870330356558,-2.17764693856417,-1.3437509867967,-2.71557389057223,0.244912372210249,TRUE,0,6,lower,TRUE,TRUE,TRUE,2.02966243868446,4739,TRUE
ENSMUSG00000051590,Map3k19,3.50856067875364,12.1400054440287,0.0000000102872923106767,0.0000000325367867890387,-1.48348618459433,-6.64385843966584,0.0000000129721868740621,0.0000000441700090082228,-0.294861264720514,-1.66285800872866,-1.12226706128532,-2.78574591335189,-1.18271299793877,-1.85247186154079,-0.866613774648202,-2.10035859454045,0.357623591446886,TRUE,0,6,lower,TRUE,TRUE,TRUE,1.48348618459433,4741,TRUE
ENSMUSG00000039798,2600006K01Rik,3.66307285223463,11.8476784689201,0.0000000148240232208168,0.0000000460998279432952,1.28390187497641,6.64270023482435,0.0000000130295022655201,0.000000044337111102928,0.336297338531033,1.15811057246726,1.84044294160828,2.77920611821651,0.49239383612038,1.09696044291501,0.889711372086564,1.67809237786626,2.43496641724966,TRUE,6,0,higher,TRUE,TRUE,TRUE,1.28390187497641,4744,TRUE
ENSMUSG00000056328,Myh1,6.77936946754069,14.3067545240416,0.000000640784068406785,0.00000171858734279627,-2.04858285234231,-8.33968746499815,0.0000000139609238736802,0.0000000474265980835059,-1.62509792764974,-2.58147773516419,-2.59733885785307,-3.05974318651945,-0.699298114153685,-1.72854129271371,-1.6405782998855,-2.45658740479912,0.241721406631815,TRUE,0,6,lower,TRUE,TRUE,TRUE,2.04858285234231,4752,TRUE
ENSMUSG00000034813,Grip1,2.89196502668098,9.40021960561874,0.000000393812987711093,0.00000107879230623115,-1.80934946023745,-6.6290942800608,0.0000000141183112988217,0.0000000479403878854494,-0.971192470049009,-2.08667714737438,-2.83059889776177,-2.90334678445355,-0.909078429626568,-1.1552030321594,-1.57028993247912,-2.04840898799578,0.285319556202506,TRUE,0,6,lower,TRUE,TRUE,TRUE,1.80934946023745,4753,TRUE
ENSMUSG00000020577,Tspan13,3.57798463311473,10.687057502211,0.0000000685201650033887,0.000000201112913390855,-1.49168045375107,-6.62837296104173,0.000000014121076899914,0.0000000479403878854494,-0.331685102636704,-0.127935269862673,-1.95970103841054,-1.44823478752697,-2.35797648792116,-2.72455003614838,-1.54978754298947,-1.43357336451267,0.35559810626736,TRUE,0,6,lower,TRUE,TRUE,TRUE,1.49168045375107,4753,TRUE
ENSMUSG00000093695,Gm20717,3.9860254848106,8.82358027745054,0.000000865497680866786,0.00000228296226507067,1.12490880322552,6.61832541290779,0.0000000142960274797662,0.0000000485037351000138,0.836307445450365,1.50237829370746,1.13652431486112,1.52822711460054,0.592650879753059,1.15336477098057,0.855160880021515,1.39465672642952,2.18087760162165,TRUE,6,0,higher,TRUE,TRUE,TRUE,1.12490880322552,4758,TRUE
ENSMUSG00000103586,5830405F06Rik,1.98601923939158,8.95563188250907,0.00000071611630066382,0.00000190826435153781,1.94787177723328,6.6143076961432,0.000000014516261571362,0.0000000492095780232037,1.05458138792348,2.21109566902208,1.68600626003091,3.00334842392178,1.96567761181842,1.76652131068302,1.56875508659093,2.32698846787562,3.85804983024208,TRUE,6,0,higher,TRUE,TRUE,TRUE,1.94787177723328,4762,TRUE
ENSMUSG00000047330,Kcne4,1.99068016380064,11.8972914340908,0.0000000139283416437146,0.0000000434651496529064,1.83002706380676,6.61057929573625,0.0000000147236599641465,0.0000000498498411915303,0.959487444929975,0.713150160233457,2.00728837423896,3.59819051313873,0.940526379992562,2.7615195103069,1.30243406638716,2.35762006122636,3.55543742120718,TRUE,6,0,higher,TRUE,TRUE,TRUE,1.83002706380676,4768,TRUE
ENSMUSG00000086203,Gm13985,2.63575124805198,9.09969911995552,0.000000583160618551568,0.00000157082627486701,1.68588170170823,6.60508682584631,0.0000000150345785077617,0.0000000508491935576778,1.41567252575507,2.09999081297489,1.75896988276945,2.8610194259344,1.02091078930978,0.958726773505814,1.39851773261143,1.97324567080504,3.21736965466422,TRUE,6,0,higher,TRUE,TRUE,TRUE,1.68588170170823,4773,TRUE
ENSMUSG00000019990,Pde7b,1.67143700881969,8.33734956685723,0.0000017565364650409,0.00000449022456930407,-2.06326261255031,-6.60220352906495,0.0000000152004066100707,0.0000000513885160013343,-1.36751501940452,-2.87408185248139,-2.35014651137157,-2.0309283484968,-1.74554374185835,-2.01136020168925,-1.82106842421148,-2.30545680088915,0.239274305686252,TRUE,0,6,lower,TRUE,TRUE,TRUE,2.06326261255031,4775,TRUE
ENSMUSG00000025983,Ccdc150,3.56983035771225,11.5126500231052,0.0000000553271441043582,0.000000163849951802725,-1.66189443767122,-6.76193150891134,0.000000015882575177994,0.0000000535489580405925,-0.819261008617684,-1.82156744879572,-1.52765157884927,-2.44495752061624,-0.743550404790871,-2.61437866435757,-1.03015433075261,-2.29363454458984,0.316023897308675,TRUE,0,6,lower,TRUE,TRUE,TRUE,1.66189443767122,4788,TRUE
ENSMUSG00000026828,Galnt5,1.26120101744017,8.57252717850059,0.00000124481376764195,0.00000322915453174418,-2.1544628500647,-6.57261114987488,0.0000000170113453744448,0.0000000571993643781841,-2.10180629368235,-1.43567549099434,-2.90175701460846,-3.60344480972299,-1.26832895594221,-1.61576453543784,-2.09063075474434,-2.21829494538506,0.224616707837016,TRUE,0,6,lower,TRUE,TRUE,TRUE,2.1544628500647,4801,TRUE
ENSMUSG00000079460,4933403O08Rik,2.26284938463071,11.6069877073146,0.0000000200951363853612,0.0000000618250022239156,-1.79233061266532,-6.57023079065372,0.0000000171660309895595,0.000000057683438439729,-1.34164059851366,-2.44172701848527,-1.38813151811309,-3.50093210409322,-0.573612669455143,-1.50793976733155,-1.1011282620273,-2.48353296330335,0.288705277921047,TRUE,0,6,lower,TRUE,TRUE,TRUE,1.79233061266532,4804,TRUE
ENSMUSG00000081769,Gm12216,4.39511817529998,7.77250271885916,0.00000408049417535446,0.0000100444369430843,1.05935686850911,6.55193258381746,0.0000000184028655266335,0.0000000617111462809399,0.822768897496637,1.10159308398997,1.11068251890026,1.1368054290484,0.82303462729052,1.36125665432888,0.918828681229138,1.19988505578908,2.08400229807555,TRUE,6,0,higher,TRUE,TRUE,TRUE,1.05935686850911,4814,TRUE
ENSMUSG00000020333,Acsl6,6.1980215366246,17.21955883444,0.000000115138962919225,0.000000330257334471403,-2.03835495365949,-8.14691966615973,0.0000000213100109727193,0.0000000711641512479537,-1.11275166419851,-2.87656592408383,-2.15746214173014,-3.81374837922946,-0.60820495903566,-1.66139665367933,-1.2928062549881,-2.78390365233088,0.24344116468887,TRUE,0,6,lower,TRUE,TRUE,TRUE,2.03835495365949,4834,TRUE
ENSMUSG00000038811,Gngt2,2.6860659610367,13.7651160475148,0.00000000146029337407939,0.00000000499016002069509,-1.49044216909875,-6.51118964066021,0.0000000214849570215956,0.0000000716890577097184,-0.911890631972834,-2.09693611918451,-0.799716065094398,-2.90644788278296,-0.369334197555658,-1.85832811800213,-0.693646964874297,-2.2872373733232,0.355903451950469,TRUE,0,6,lower,TRUE,TRUE,TRUE,1.49044216909875,4838,TRUE
ENSMUSG00000042604,Kcna4,1.83259271015446,8.96198148688804,0.00000070964279195385,0.00000189257617553461,2.06710530776903,6.5016588086627,0.0000000222771567215301,0.0000000742863335995992,1.45846122402393,2.75576735638132,2.03319746138044,2.5910973059337,0.997015219771065,2.56709327912372,1.49622463505848,2.63798598047958,4.190450374062,TRUE,6,0,higher,TRUE,TRUE,TRUE,2.06710530776903,4841,TRUE
ENSMUSG00000014603,Alx3,1.15207584047015,13.5286224163919,0.00000000192473512244247,0.00000000648799312624532,2.14202394315186,6.47310813006155,0.0000000248286069203469,0.000000082352209064138,0.82502992055211,2.57183642916893,0.31124417759921,3.50623780346324,1.9534853048369,3.68431002329075,1.02991980099607,3.25412808530764,4.41380821168694,TRUE,6,0,higher,TRUE,TRUE,TRUE,2.14202394315186,4867,TRUE
ENSMUSG00000049571,Cfap46,3.18075242316611,8.60537287775925,0.00000118672068812485,0.00000308688882829511,1.44165731717487,6.46191589718835,0.000000025906413458962,0.000000085750919103552,0.924744830732805,1.95028575764629,1.66115368453649,1.7858234131267,0.748569616582159,1.57936660042475,1.11148937728382,1.77182525706591,2.71632728423795,TRUE,6,0,higher,TRUE,TRUE,TRUE,1.44165731717487,4877,TRUE
ENSMUSG00000040569,Slc26a7,1.47266218650681,7.85929233699013,0.0000035795450545462,0.00000887219343091345,-2.04325265117276,-6.44891712059036,0.0000000272167791649341,0.0000000898671438043632,-1.44896586876694,-1.44896586876694,-2.45377441355081,-2.03190557126505,-1.86224270846241,-3.01366147622443,-1.92166099692672,-2.16484430541881,0.242616125706718,TRUE,0,6,lower,TRUE,TRUE,TRUE,2.04325265117276,4889,TRUE
ENSMUSG00000113971,Gm2022,2.50388049398799,9.18504125655828,0.000000516691059094989,0.00000140066226145599,1.66359131075827,6.44848028583302,0.0000000272619427838702,0.0000000899794607156036,1.36369595690654,0.376439108099247,2.91093297984326,2.35540380851767,1.2732921834104,1.7017838277725,1.8493070400534,1.47787558146314,3.1680416680401,TRUE,6,0,higher,TRUE,TRUE,TRUE,1.66359131075827,4891,TRUE
ENSMUSG00000106293,Gm42476,3.88321052563866,8.85067641239094,0.000000832416770206407,0.00000220183769340637,-1.28240514334167,-6.44126548109771,0.0000000280187536721353,0.000000092364047484027,-1.14921412115503,-1.03155829017814,-1.3195048435198,-2.30118251814113,-1.21697372393251,-0.67599736312344,-1.22856422953578,-1.33624605714757,0.411109568725093,TRUE,0,6,lower,TRUE,TRUE,TRUE,1.28240514334167,4897,TRUE
ENSMUSG00000090631,Olfr456,2.56602079574345,7.65447728869756,0.00000488032738709201,0.0000119025721422913,-1.80603815046061,-6.43992845988529,0.0000000281612829277289,0.0000000928149428955343,-1.365227380047,-2.45736329055641,-1.86614640295462,-2.06470128508342,-1.45915431988532,-1.62363622423691,-1.56350936762898,-2.04856693329225,0.285975180906392,TRUE,0,6,lower,TRUE,TRUE,TRUE,1.80603815046061,4898,TRUE
ENSMUSG00000076498,Trbc2,1.50501688650157,9.02054199573124,0.000000652713222889402,0.00000174825776623587,2.06350962368386,6.42874066239406,0.0000000293825648265084,0.0000000967018846063863,1.44374386238471,2.83331067756187,1.98193808670736,3.3854435837951,1.14060729802578,1.59601423362834,1.52209641570595,2.60492283166177,4.18001935836935,TRUE,6,0,higher,TRUE,TRUE,TRUE,2.06350962368386,4905,TRUE
ENSMUSG00000091971,Hspa1a,4.32861658828311,10.2217562515955,0.000000123285243219861,0.000000352996396115328,-1.07351995477172,-6.40064232738272,0.000000032687310280508,0.000000107228459633863,-0.641119268486259,-1.66921582195422,-0.703478430445284,-1.58081833461033,-0.599516032449992,-1.24697184068425,-0.648037910460512,-1.49900199908294,0.475158270247761,TRUE,0,6,lower,TRUE,TRUE,TRUE,1.07351995477172,4921,TRUE
ENSMUSG00000074183,Gsta1,2.92227827544972,7.51292356237267,0.00000605704476242771,0.0000146287961699387,-1.61448259391737,-6.37300641473195,0.0000000362980952839523,0.000000118615415418794,-1.14379568883216,-1.32948151620607,-1.88954531512477,-2.29130543541878,-1.8497031836781,-1.18306442424432,-1.62768139587834,-1.60128379195639,0.326582050690776,TRUE,0,6,lower,TRUE,TRUE,TRUE,1.61448259391737,4940,TRUE
ENSMUSG00000063193,Cd300lb,2.48999949758362,10.5718866716449,0.0000000771304492131682,0.000000225075350984847,-1.78867813198537,-6.33742936714683,0.0000000415364295355139,0.000000135131515919347,-2.21194051748159,-2.75997486233422,-0.864836607592256,-3.15587878736983,-0.790358482948973,-0.949079534185351,-1.28904520267427,-2.28831106129647,0.289437121018391,TRUE,0,6,lower,TRUE,TRUE,TRUE,1.78867813198537,4962,TRUE
ENSMUSG00000082630,Gm14834,2.45904115889638,11.6308701560116,0.0000000194948614016017,0.0000000600468512890778,1.70011854758387,6.33354039641027,0.0000000421527937776222,0.000000137109117459632,0.292613040840745,0.116949931670614,1.49578613592067,2.63187150694458,2.06278569535775,3.60070497476887,1.28372829070639,2.11650880446136,3.24927657051217,TRUE,6,0,higher,TRUE,TRUE,TRUE,1.70011854758387,4963,TRUE
ENSMUSG00000051851,Rtl8c,4.85265976200893,8.10243126742054,0.00000497579520638604,0.0000121317417333771,1.09452600142587,6.50464207404403,0.0000000466012243630189,0.000000150758229437318,1.21517828840603,1.37653340299182,0.777982493772302,1.42687479378718,0.688823701790583,1.0817633278073,0.893994827989638,1.2950571748621,2.13542910394039,TRUE,6,0,higher,TRUE,TRUE,TRUE,1.09452600142587,4990,TRUE
ENSMUSG00000109962,1700025L06Rik,3.77051390925453,8.47191677864294,0.00000144172226958693,0.00000371547295624869,-1.26147439264572,-6.30302026469758,0.0000000473165893586986,0.000000152949880259806,-1.1839356366989,-1.085446805574,-1.21534666137856,-1.90639830478284,-0.561822347208719,-1.61589660023131,-0.987034881762061,-1.53591390352938,0.417117459824516,TRUE,0,6,lower,TRUE,TRUE,TRUE,1.26147439264572,4994,TRUE
ENSMUSG00000071369,Map3k5,3.31710559089766,9.90119491806147,0.000000190641310327093,0.000000538404946222928,-1.36170541929615,-6.28553684115664,0.0000000505532274956677,0.000000162987967138519,-0.58353499026147,-1.33532663653789,-1.11298227536059,-1.99897054873074,-0.851760110114841,-2.28765795477134,-0.849425791912302,-1.87398504667999,0.389122034132478,TRUE,0,6,lower,TRUE,TRUE,TRUE,1.36170541929615,5007,TRUE
ENSMUSG00000026976,Pax8,2.53158199330346,7.79804010425944,0.000003925999778773,0.0000096951834830553,-1.73187953335783,-6.27123947051167,0.0000000533629638641772,0.00000017156708338168,-2.69525095411902,-1.8252460955474,-1.92575858224206,-1.17917948001291,-1.69272018949738,-1.0731218987282,-2.10457657528615,-1.3591824914295,0.301059483060351,TRUE,0,6,lower,TRUE,TRUE,TRUE,1.73187953335783,5021,TRUE
ENSMUSG00000025175,Fn3k,3.96315775562979,9.91036060536775,0.0000013975136532558,0.00000360614816248536,-1.67390026620602,-6.73725133258488,0.0000000554781725531345,0.000000178119359491896,-0.609697470234754,-1.47626035492979,-2.25437106780012,-2.6030064291383,-0.98186751083123,-2.11819876430193,-1.28197868295537,-2.06582184945667,0.313404920105525,TRUE,0,6,lower,TRUE,TRUE,TRUE,1.67390026620602,5028,TRUE
ENSMUSG00000038132,Rbm24,6.18366221597087,14.8878436961171,0.000000446093047889423,0.00000121540591933822,-2.10323361917252,-7.71616440742666,0.0000000558548120276504,0.00000017925730229868,-2.48615459167142,-3.66205745191872,-2.13136136261315,-3.45690409035377,-0.256005367711495,-0.62691885076659,-1.62450710733202,-2.58196013101303,0.232736014388132,TRUE,0,6,lower,TRUE,TRUE,TRUE,2.10323361917252,5029,TRUE
ENSMUSG00000049436,Upk1b,1.28421695651515,9.31459807505781,0.000000430367296917504,0.00000117414555925964,-1.93841751929955,-6.25522925926488,0.0000000566939477446385,0.000000181841922996563,-0.617878997488326,-0.948385601186401,-2.0668684460107,-2.62776516367457,-1.78083805684044,-3.58876885059686,-1.48852850011316,-2.38830653848594,0.260902465148508,TRUE,0,6,lower,TRUE,TRUE,TRUE,1.93841751929955,5033,TRUE
ENSMUSG00000098613,Mir6931,2.55199445060804,9.85650341362493,0.000000202687769702364,0.000000570629345361922,-1.50544481558524,-6.19973010712897,0.0000000699232567514542,0.000000222549513749749,-1.94963196370964,-2.17647127857326,-0.889688729952852,-2.66406883370072,-0.424585105231253,-0.928222982343732,-1.08796859963125,-1.92292103153924,0.352221574146445,TRUE,0,6,lower,TRUE,TRUE,TRUE,1.50544481558524,5072,TRUE
ENSMUSG00000050164,Mchr1,3.6645504348088,8.51159267645316,0.00000136048873287033,0.00000351341699163747,1.27208947500683,6.19707235824286,0.0000000706286058484753,0.000000224750164441541,1.95935701934389,1.53522671557792,2.00235492902689,1.27787605246312,0.437726804116689,0.419995329512483,1.46647958416249,1.07769936585118,2.41511096193729,TRUE,6,0,higher,TRUE,TRUE,TRUE,1.27208947500683,5073,TRUE
ENSMUSG00000032066,Bco2,2.6211279445837,11.5011937202528,0.0000000229930804551813,0.000000070392053439786,-1.53788155871862,-6.18912025480308,0.0000000727815485946101,0.000000231509859894146,-0.556116627192067,-2.61840276090916,-0.841168491348589,-1.93379339905796,-0.916295176216116,-2.36151289758786,-0.771193431585591,-2.30456968585166,0.344390783968157,TRUE,0,6,lower,TRUE,TRUE,TRUE,1.53788155871862,5075,TRUE
ENSMUSG00000071470,Ccnb1ip1,4.14427938951471,9.17505440955607,0.000000524047381088553,0.00000141917411053724,1.10003385567388,6.18803842836202,0.0000000730794366647438,0.000000232411612702711,0.907361842434919,1.89193117181164,0.494601936048337,0.575236552392441,1.01092173795125,1.72014989340466,0.804295172144834,1.39577253920292,2.14359722820325,TRUE,6,0,higher,TRUE,TRUE,TRUE,1.10003385567388,5076,TRUE
ENSMUSG00000109422,Gm45174,2.10372155547148,8.14002851327434,0.0000023519152153103,0.00000594162242891303,1.88034883992435,6.18771987560468,0.0000000731673829578272,0.00000023264547234355,2.13714844416955,2.99974397668656,1.13439674078128,2.42060396835658,0.97992949400287,1.61027041554929,1.4171582263179,2.34353945353081,3.68164070607019,TRUE,6,0,higher,TRUE,TRUE,TRUE,1.88034883992435,5077,TRUE
ENSMUSG00000050919,Zfp366,2.32140228114261,7.35718807900727,0.00000769496702481846,0.0000183648510765293,-1.64608021142029,-6.183933382181,0.0000000742208508559123,0.000000235762927069459,-1.81054716048939,-2.41295959534515,-1.68516452302082,-1.70555460737378,-0.723843543546823,-1.53841183874575,-1.40651840901901,-1.88564201382156,0.319507076250318,TRUE,0,6,lower,TRUE,TRUE,TRUE,1.64608021142029,5082,TRUE
ENSMUSG00000047428,Dlk2,3.18407548034513,9.81409965497232,0.000000322307754896182,0.000000891537712009779,1.65279796089707,6.26090804262284,0.0000000747256017751527,0.00000023722623194814,0.780366592450629,2.47106510046384,1.87854766766849,2.44360239618225,1.81494911254057,0.528256896076635,1.49128779088656,1.81430813090757,3.14442878300578,TRUE,6,0,higher,TRUE,TRUE,TRUE,1.65279796089707,5085,TRUE
ENSMUSG00000091055,Siglec15,3.06464363344519,10.2284556916899,0.000000122175410070357,0.000000349942804252266,-1.55617100660252,-6.17359863789908,0.0000000771734871659228,0.000000244708623712334,-1.75396691266614,-2.80372689294653,-1.15740549215432,-2.51232616180165,-0.0975608642026313,-1.01203971584383,-1.00297775634103,-2.109364256864,0.340052403367916,TRUE,0,6,lower,TRUE,TRUE,TRUE,1.55617100660252,5091,TRUE
ENSMUSG00000074577,Ripor3,2.39455156367173,9.30422988285523,0.00000043669216073131,0.00000119039539862978,-1.86009202887577,-6.17165415419053,0.0000000777419326050177,0.00000024636592423298,-1.5210517916101,-2.96896614203509,-1.30060521447048,-2.01235019657152,-0.73741861387852,-2.62016021468891,-1.18635853998637,-2.53382551776517,0.275458707020152,TRUE,0,6,lower,TRUE,TRUE,TRUE,1.86009202887577,5094,TRUE
ENSMUSG00000029601,Iqcd,3.58494366389069,10.6627015114642,0.0000000683771063720807,0.000000200729519578923,-1.2287986933144,-6.1646134868392,0.0000000798352071215651,0.000000252503869232646,-0.754861883526563,-2.25050759214572,-0.635590520165819,-1.72501137595679,-0.63825160531486,-1.36856918277668,-0.676234669669081,-1.78136271695973,0.426672580730037,TRUE,0,6,lower,TRUE,TRUE,TRUE,1.2287986933144,5104,TRUE
ENSMUSG00000104045,Gm37565,3.38299648794561,11.2153713246958,0.0000000548396683351095,0.000000162436103841041,-1.56258004801661,-6.23506207971891,0.0000000828912644297078,0.000000261759327403907,-0.729468076449366,-0.909667449604268,-2.51193875837568,-3.75262086067364,-0.337607868048361,-1.13417727494837,-1.1930049009578,-1.93215519507543,0.338545102018801,TRUE,0,6,lower,TRUE,TRUE,TRUE,1.56258004801661,5112,TRUE
ENSMUSG00000113805,Gm5788,1.35494839947702,7.46197025767476,0.0000065491441069744,0.0000157639057712884,2.03515239234898,6.14615397570037,0.0000000855931092558391,0.000000269875616618721,0.800978907911297,0.835496128573275,2.42946875455235,2.73107645142732,2.67555586376913,2.73833824786051,1.96866784207759,2.10163694262037,4.09866021208467,TRUE,6,0,higher,TRUE,TRUE,TRUE,2.03515239234898,5119,TRUE
ENSMUSG00000040276,Pacsin1,1.8892586980966,9.34086734474596,0.000000414762331620766,0.00000113310345563615,-1.8046379185122,-6.1262617975548,0.000000092260321308359,0.000000290097071850573,-1.06649930404167,-1.03541415442464,-1.13407034505133,-2.68994653323438,-1.63321643703583,-3.26868073728535,-1.27792869537628,-2.33134714164812,0.286252873668267,TRUE,0,6,lower,TRUE,TRUE,TRUE,1.8046379185122,5134,TRUE
ENSMUSG00000087135,Gm16096,2.26067905040729,8.53270212600906,0.00000131920891920148,0.00000341008640234899,-1.7247729139522,-6.1257451867589,0.0000000924401765937624,0.000000290605992356983,-1.71399695246761,-2.79052862148066,-1.48239731829328,-1.66023207243681,-0.55139075434464,-2.15009176469022,-1.24926167503518,-2.20028415286923,0.302546140546049,TRUE,0,6,lower,TRUE,TRUE,TRUE,1.7247729139522,5135,TRUE
ENSMUSG00000072592,Gm10373,1.5125507359409,8.91838828775885,0.000000755334202892807,0.00000200746790209065,1.98121707843544,6.12561241562444,0.0000000924864563801233,0.00000029069487253589,0.868348182110614,1.43503917583386,0.83047734894597,2.85330538418969,2.80717721968899,3.0929551598435,1.50200091691519,2.46043323995568,3.94826022292759,TRUE,6,0,higher,TRUE,TRUE,TRUE,1.98121707843544,5136,TRUE
ENSMUSG00000086043,Gm12473,3.71405993004663,6.93885116244317,0.0000147670071421034,0.0000341279593836758,1.23318767805483,6.1239567851695,0.0000000930654928224214,0.000000292457903568688,1.10858926099976,1.49910800328886,1.04967701381562,1.21651129409831,0.920412684759624,1.60482781136682,1.02622631985833,1.44014903625133,2.35085845663316,TRUE,6,0,higher,TRUE,TRUE,TRUE,1.23318767805483,5137,TRUE
ENSMUSG00000024867,Pip5k1b,3.07343118942881,14.9378044265767,0.000000000385440448283397,0.00000000138547431677552,-1.47066679340241,-6.10915404208871,0.0000000984052210486064,0.000000308337632645119,-1.11745073162557,-2.84627752711387,-0.028197264669342,-2.7938017723461,-0.554849827117588,-1.48342363754199,-0.566832607804166,-2.37450097900065,0.360815496477618,TRUE,0,6,lower,TRUE,TRUE,TRUE,1.47066679340241,5152,TRUE
ENSMUSG00000117197,ENSMUSG00000117197,0.965611796399847,10.1451173356958,0.000000136748251710899,0.000000390091363733705,-1.99579718663709,-6.09683486024615,0.000000103080236550788,0.000000322485321441738,-0.348615030705943,-0.663072694359433,-2.89120701262061,-2.89120701262061,-1.41145197124412,-3.76922939827186,-1.55042467152356,-2.44116970175063,0.250729353907739,TRUE,0,6,lower,TRUE,TRUE,TRUE,1.99579718663709,5160,TRUE
ENSMUSG00000058252,Tcp11x2,2.56416749695587,10.9816795483576,0.0000000449582823619362,0.00000013397850326172,-1.73021348607573,-6.0964842675934,0.000000103216462191653,0.00000032278639077099,-0.395633279554653,-0.82907387546881,-1.78620975170266,-3.15000997916166,-1.03528766881898,-3.18506636174762,-1.07237690002543,-2.38805007212603,0.301407352184947,TRUE,0,6,lower,TRUE,TRUE,TRUE,1.73021348607573,5162,TRUE
ENSMUSG00000101746,2310043L19Rik,2.55483748618925,7.41471660242562,0.0000070423736676076,0.0000168922790662986,-1.63510732877922,-6.07964791698843,0.000000109973155756885,0.000000343118796556514,-1.86967902484617,-2.33236697998323,-2.12138406420362,-1.92748847777767,-0.441082471579863,-1.11864295428476,-1.47738185354322,-1.79283280401522,0.321946455395641,TRUE,0,6,lower,TRUE,TRUE,TRUE,1.63510732877922,5174,TRUE
ENSMUSG00000086918,4930429F24Rik,2.28604980379064,10.1923270479783,0.000000128285277485015,0.000000366657043304083,-1.6709102134424,-6.07823249080745,0.000000110560810774241,0.000000344885636391994,-0.530688237425458,-0.197712080390567,-3.36479810149482,-2.6957509362779,-0.908454583334849,-2.32805734173081,-1.60131364075171,-1.74050678613309,0.31405513999331,TRUE,0,6,lower,TRUE,TRUE,TRUE,1.6709102134424,5175,TRUE
ENSMUSG00000052974,Cyp2f2,2.78249399471701,8.54677576446831,0.00000129240790143855,0.00000334562872882015,1.46934887290776,6.05024767937911,0.000000122841278086198,0.000000381718335350431,1.48765452385262,1.44873202667768,0.93281712096849,2.28001919624493,1.96510015373256,0.701770215970272,1.46185726618456,1.47684047963096,2.76896894397319,TRUE,6,0,higher,TRUE,TRUE,TRUE,1.46934887290776,5195,TRUE
ENSMUSG00000006221,Hspb7,4.3806861308668,11.5825383347502,0.000000405379093110258,0.00000110864625369926,-1.50672260541592,-6.56940473151998,0.000000137251259432035,0.000000424778964917818,-0.476834026996587,-0.513515825595574,-1.68496096232439,-2.43037513015411,-1.11102051869081,-2.82362916873406,-1.09093850267059,-1.92250670816125,0.351909750870474,TRUE,0,6,lower,TRUE,TRUE,TRUE,1.50672260541592,5216,TRUE
ENSMUSG00000001240,Ramp2,3.83738515102749,10.5569135396807,0.0000000786813060748831,0.000000229310764391919,-1.17110200432446,-6.01872249833377,0.000000138303223800804,0.000000427870628941431,-0.0867424632696272,-1.83277742000231,-0.858744551009012,-0.843253812862219,-1.35437760855337,-2.05071617025021,-0.766621540944002,-1.57558246770491,0.444081998433166,TRUE,0,6,lower,TRUE,TRUE,TRUE,1.17110200432446,5218,TRUE
ENSMUSG00000030098,Grip2,2.63775415630329,9.30538177766728,0.000000435984760315056,0.00000118866779019861,-1.58725302819548,-6.01244886717863,0.000000141603232181164,0.000000437409295273732,-0.680919863063426,-0.138262217925989,-2.09372641392722,-2.51698419473018,-1.30602914661971,-2.78759633290633,-1.36022514120345,-1.8142809151875,0.332804529008225,TRUE,0,6,lower,TRUE,TRUE,TRUE,1.58725302819548,5226,TRUE
ENSMUSG00000085852,Gm13807,4.77411727838606,11.4109758929103,0.0000000825424199057796,0.000000239784467255534,-1.07281989748843,-6.19181753004272,0.000000142724885630459,0.000000440705399528021,-0.76710852364341,-1.86256091999153,-0.469166941095467,-1.69822563617105,-0.388764586415129,-1.25109277761401,-0.541680017051335,-1.60395977792553,0.47538889329457,TRUE,0,6,lower,TRUE,TRUE,TRUE,1.07281989748843,5228,TRUE
ENSMUSG00000084960,B430010I23Rik,3.597122722973,7.42734022967435,0.00000712257983551976,0.0000170770542529029,1.35113687516406,6.01523654798197,0.000000144447039859766,0.000000445937763330694,0.977106522159951,1.5801596514437,1.16292301051169,2.12267493709078,0.896321963713756,1.36763516606447,1.0121171654618,1.69015658486632,2.55113080947782,TRUE,6,0,higher,TRUE,TRUE,TRUE,1.35113687516406,5229,TRUE
ENSMUSG00000029648,Flt1,4.85001998408958,12.2846756001631,0.000000181894521225422,0.00000051415220734407,-1.26986551768766,-6.51934120410117,0.000000144724734403669,0.0000004467096343171,-1.58249495164711,-2.26489417642427,-0.947287171353842,-2.35220669757596,-0.4015051525215,-0.0708049566032543,-0.977095758507485,-1.56263527686783,0.414698427648982,TRUE,0,6,lower,TRUE,TRUE,TRUE,1.26986551768766,5230,TRUE
ENSMUSG00000114496,Gm47601,2.51603769847723,7.70220815746054,0.00000453898618712118,0.0000111069962132329,1.67234550793826,6.00373797773177,0.000000146315213964258,0.000000451101317613639,1.18045551069673,1.76613436249026,2.12148672050647,2.33273304802852,0.585819730484002,2.04744367542358,1.29592065389573,2.04877036198079,3.18732361903724,TRUE,6,0,higher,TRUE,TRUE,TRUE,1.67234550793826,5235,TRUE
ENSMUSG00000108434,Gm45768,4.23796444048348,8.56617713373531,0.00000406393749681116,0.0000100067332231578,1.36316748561258,6.28822883723788,0.000000146754335580415,0.000000452282405359802,2.31391821939377,1.91051465473015,1.43574288293531,1.59352612831565,0.249966323809369,0.675336704491221,1.33320914204615,1.39312582917901,2.57249359591658,TRUE,6,0,higher,TRUE,TRUE,TRUE,1.36316748561258,5238,TRUE
ENSMUSG00000097305,Gm17276,2.65889847882746,7.86933994543663,0.0000035257980889142,0.00000874434760321738,-1.52218928021438,-5.99402678655314,0.000000151751892316689,0.000000467238374531434,-0.941604966300335,-2.25442682935675,-1.36648286881981,-1.99578023029273,-0.875878572181932,-1.69896221433471,-1.06132213576736,-1.9830564246614,0.348157189279264,TRUE,0,6,lower,TRUE,TRUE,TRUE,1.52218928021438,5243,TRUE
ENSMUSG00000086021,Gm15767,2.58240632087402,10.5839946391275,0.0000000758994697794338,0.000000221643476962627,-1.71983393731887,-5.98269539439582,0.000000158349459489446,0.000000486531276082628,-0.451217823139947,-2.30023882243531,-1.23424299136354,-3.34926706816719,-1.10323405656599,-1.88080286224126,-0.929564957023161,-2.51010291761459,0.303583663352181,TRUE,0,6,lower,TRUE,TRUE,TRUE,1.71983393731887,5254,TRUE
ENSMUSG00000038408,1700018A04Rik,2.74853765637827,7.76984479623591,0.00000409693023041561,0.0000100818208398779,1.50703171324448,5.97138859281908,0.000000165216270210036,0.000000506954238738,1.3433584159068,2.57735397924922,0.997868475380145,1.82505199035577,0.969757779934866,1.32879963864007,1.10366155707394,1.91040186941502,2.8422465637865,TRUE,6,0,higher,TRUE,TRUE,TRUE,1.50703171324448,5261,TRUE
ENSMUSG00000113942,Gm18632,3.69892643990991,6.49116014687164,0.0000305928175068962,0.000068259827645311,1.29527776726163,5.96707052305077,0.000000171206242558339,0.00000052463598588065,1.76762228771903,1.28635729175125,1.55936942612676,1.44423659522269,0.865935553012474,0.848145449737582,1.39764242228609,1.19291311223718,2.45424243313896,TRUE,6,0,higher,TRUE,TRUE,TRUE,1.29527776726163,5268,TRUE
ENSMUSG00000049719,Prss46,3.94546182754995,11.5829090924618,0.0000000275501156086868,0.0000000838109350711859,1.247506562487,5.99009651732724,0.000000178382783282573,0.000000545902041806746,3.04964159059963,2.17666830156066,1.45946669901577,0.583943899066877,0.171928861957587,0.0433900227214652,1.56034571719099,0.934667407783,2.37430712128863,TRUE,6,0,higher,TRUE,TRUE,TRUE,1.247506562487,5275,TRUE
ENSMUSG00000089991,Gm16332,2.8909919326642,6.16326474595199,0.0000512098494159696,0.000111472572697141,1.42929042192948,5.95019492502576,0.000000178892968511526,0.000000547255863308993,1.91328076253868,1.53009326775101,1.42024875154652,1.25893341515548,1.17391542114229,1.27927091344289,1.50248164507583,1.35609919878313,2.6931422273665,TRUE,6,0,higher,TRUE,TRUE,TRUE,1.42929042192948,5276,TRUE
ENSMUSG00000069763,Tmem100,2.05598041827308,8.91469967428153,0.000000759337186454092,0.00000201711044938759,1.76805907004851,5.94337255044168,0.000000183530124447399,0.000000560803861244437,2.02770603858843,1.86127050414241,0.58528246827709,2.3607520629708,1.01007485714016,2.76326848917218,1.20768778800189,2.32843035209513,3.40595428234222,TRUE,6,0,higher,TRUE,TRUE,TRUE,1.76805907004851,5283,TRUE
ENSMUSG00000019880,Rspo3,1.31624514887901,9.65570950369998,0.00000026733383807371,0.000000744192127612329,2.07460551785465,5.92742936815271,0.000000194836706881683,0.000000593443199847359,2.00530627057909,3.48276766895851,0.859294286892356,3.13350519388846,0.654930521283804,2.31182916552567,1.17317702625175,2.97603400945755,4.21229220164348,TRUE,6,0,higher,TRUE,TRUE,TRUE,2.07460551785465,5300,TRUE
ENSMUSG00000030205,Gprc5d,3.12684250178574,9.09172844584915,0.000000589803662507886,0.00000158792537089139,-1.37873576436102,-5.88921762343034,0.000000224825670663084,0.000000680930731991402,-0.625208333559336,-2.29424704447228,-1.07410571850976,-1.88928459050823,-0.737232977121864,-1.65233592199466,-0.812182343063653,-1.94528918565839,0.384555634342925,TRUE,0,6,lower,TRUE,TRUE,TRUE,1.37873576436102,5330,TRUE
ENSMUSG00000048442,Smim5,4.17584004124215,8.00287220737167,0.00000341508227189535,0.00000848018352795056,-1.14869638994722,-5.91638140287345,0.00000023403536046525,0.000000707364318290682,-0.590157255205438,-1.181953563453,-1.53698493768063,-1.95120541574721,-0.389269198014347,-1.24260796958272,-0.838803796966806,-1.45858898292764,0.45103259741412,TRUE,0,6,lower,TRUE,TRUE,TRUE,1.14869638994722,5341,TRUE
ENSMUSG00000054003,Tdrd9,2.02376895823084,8.39095824287163,0.00000162338263295736,0.00000416305142148984,-1.69555013490535,-5.87535199195368,0.000000236803554800814,0.000000715329301113314,-1.24521944945818,-2.39989781627591,-2.47718117345295,-2.8373703540465,-0.113383091915551,-1.10024892428303,-1.27859457160889,-2.11250569820181,0.308736907898172,TRUE,0,6,lower,TRUE,TRUE,TRUE,1.69555013490535,5344,TRUE
ENSMUSG00000036687,Tmem184a,3.69654446495244,10.5999112652396,0.000000423986893094719,0.00000115771657903046,-1.5932115161909,-6.16678198638263,0.00000024596638191065,0.000000741481849334011,-0.571435180816702,-2.13059262714969,-1.30900835832837,-2.8903851588337,-0.741170185467379,-1.91667758654955,-0.873871241537483,-2.31255179084431,0.331432844529471,TRUE,0,6,lower,TRUE,TRUE,TRUE,1.5932115161909,5355,TRUE
ENSMUSG00000097797,Gm26901,3.2627857388749,7.69037531691001,0.00000462124308127891,0.0000113014281262059,-1.35554715675085,-5.86138062378032,0.000000249512408212536,0.000000751469926450554,-1.11632578195695,-2.15186114425469,-0.75756905809984,-1.09551808650114,-1.01712481767463,-1.99488405201785,-0.963673219243808,-1.74742109425789,0.390786583673783,TRUE,0,6,lower,TRUE,TRUE,TRUE,1.35554715675085,5360,TRUE
ENSMUSG00000115193,Gm6533,2.54598885526055,9.66340722503393,0.000000264499351287141,0.000000736682717016619,-1.59454662803687,-5.84517786994458,0.000000265099581998773,0.000000795594451051531,-1.3142733947065,-3.26558502423783,-0.509692087122419,-1.79244460381754,-0.941323857788977,-1.74396080054794,-0.921763113205966,-2.26733014286777,0.33112626883859,TRUE,0,6,lower,TRUE,TRUE,TRUE,1.59454662803687,5379,TRUE
ENSMUSG00000044854,1700056E22Rik,3.24342753253967,7.5535507267886,0.00000569208103324766,0.0000137948152108868,-1.19119531950208,-5.84321730926887,0.000000267049929627296,0.000000800852129662537,-1.26090193677054,-1.04202324455521,-0.387428191150172,-1.68822225532362,-1.47788244856691,-1.29071384064604,-1.04207085882921,-1.34031978017495,0.437939862960481,TRUE,0,6,lower,TRUE,TRUE,TRUE,1.19119531950208,5383,TRUE
ENSMUSG00000025279,Dnase1l3,2.61273787290522,10.1862266589719,0.000000129347692860571,0.000000369437332952618,-1.596965454287,-5.84241983695219,0.000000267847310080342,0.000000803094191424026,-0.715311387063239,-1.02976905071673,-2.79919680388455,-3.97564004405653,-0.37919556372861,-0.682679876272358,-1.2979012515588,-1.89602965701521,0.330571566814168,TRUE,0,6,lower,TRUE,TRUE,TRUE,1.596965454287,5384,TRUE
ENSMUSG00000049565,Aknad1,3.32152307145024,7.01313401459941,0.0000131404665105805,0.0000305393825050822,-1.3115404728262,-5.82687865503623,0.000000283866331864173,0.00000084907433672102,-1.3274128845743,-1.19360738778493,-2.29645573099813,-1.80956340970567,-0.691329638879339,-0.550873785014804,-1.43839941815059,-1.1846815275018,0.402890453742116,TRUE,0,6,lower,TRUE,TRUE,TRUE,1.3115404728262,5397,TRUE
ENSMUSG00000021640,Naip1,1.62529400615072,9.0555631512878,0.000000620941236750901,0.00000166619919961266,-1.70464439588208,-5.82360280219038,0.000000287362163738972,0.000000858894169457178,-2.56012067068384,-2.88440234024097,-0.428330208104098,-2.36816187590105,-0.506179094944532,-1.48067218541802,-1.16487665791082,-2.24441213385335,0.306796856121783,TRUE,0,6,lower,TRUE,TRUE,TRUE,1.70464439588208,5401,TRUE
ENSMUSG00000076846,Trav13-2,2.26429872269951,8.53279991130388,0.00000131902073668019,0.00000341008640234899,-1.67751693009577,-5.8077241522333,0.00000030492096269997,0.000000909019224536587,-1.07567226375428,-2.08316811012011,-1.26993139543446,-1.54926801149642,-0.988910891155459,-3.09815090861386,-1.11150485011473,-2.2435290100768,0.312620235427132,TRUE,0,6,lower,TRUE,TRUE,TRUE,1.67751693009577,5415,TRUE
ENSMUSG00000020904,Cfap52,1.46656351471165,6.38289358362695,0.0000358415082521436,0.0000793893342088851,-1.84813975850153,-5.78863469603281,0.000000327442202243892,0.000000974179777151336,-1.00789418025215,-1.6224641821607,-2.28085017524933,-2.08885229266693,-1.55529228338003,-2.53348543730003,-1.61467887962717,-2.08160063737588,0.27775027429946,TRUE,0,6,lower,TRUE,TRUE,TRUE,1.84813975850153,5426,TRUE
ENSMUSG00000041945,Mfsd9,3.66463772296672,14.1238035950134,0.000000000965335741954689,0.00000000335055146901194,-1.12638873393858,-5.75753488256142,0.000000367712346012197,0.00000109063056741551,-0.81328990862748,-1.76839606322494,-0.301213770324976,-1.37363216094976,-0.0604808533669594,-2.44131964713734,-0.391661510773139,-1.86111595710402,0.458060881279637,TRUE,0,6,lower,TRUE,TRUE,TRUE,1.12638873393858,5442,TRUE
ENSMUSG00000021872,Rnase10,2.91748375558385,8.57676935488657,0.00000123714859659352,0.00000321133458671959,1.46431872154724,5.75508507778991,0.000000371085397176661,0.00000110017108661576,1.34202502247356,2.60744904686219,0.956647876493881,2.10479801280617,0.379376091494971,1.39561627915265,0.892682996820806,2.03595444627367,2.75933137040826,TRUE,6,0,higher,TRUE,TRUE,TRUE,1.46431872154724,5445,TRUE
ENSMUSG00000090291,Lrrc10b,1.9131500876348,10.0473923520376,0.000000156149917331491,0.000000444024681254581,-1.79398225601896,-5.75448007359331,0.000000371923113237756,0.0000011024522249352,-1.33456523270729,-2.78089555912645,-0.265844641700853,-2.74670468380271,-1.09124186832892,-2.54464155044754,-0.897217247579022,-2.6907472644589,0.288374948021595,TRUE,0,6,lower,TRUE,TRUE,TRUE,1.79398225601896,5446,TRUE
ENSMUSG00000085623,Gm16041,2.9740991317364,7.23058609354489,0.00000936008784102814,0.0000221229718913203,-1.35823012696123,-5.73741398948619,0.000000396340705062496,0.00000117246252553122,-0.990874476579865,-1.79232574889982,-1.44198157605898,-0.420534896733331,-1.9805551581013,-1.52310890539406,-1.47113707024672,-1.24532318367573,0.390060515848043,TRUE,0,6,lower,TRUE,TRUE,TRUE,1.35823012696123,5457,TRUE
ENSMUSG00000043251,Exoc3l,5.40670142378067,9.83252790242619,0.00000208545752843644,0.00000529249188516733,-1.00313056100796,-6.18634503040681,0.000000400141723347646,0.00000118283974363689,-0.851374365264517,-1.4158251710456,-1.26349155576308,-1.98456905957469,-0.13814730741512,-0.36537590698475,-0.751004409480907,-1.25525671253502,0.498916206540285,TRUE,0,6,lower,TRUE,TRUE,TRUE,1.00313056100796,5461,TRUE
ENSMUSG00000070687,Htr1d,3.66846409535798,8.61331323562348,0.00000117310161817867,0.00000305244671538658,1.06154453395627,5.73383391336776,0.000000401660928765684,0.0000011871132136698,1.06418332368898,2.02325595607446,1.2276814039613,1.64463108114048,0.158934078469711,0.250581360402688,0.816932935373332,1.30615613253921,2.08716482244027,TRUE,6,0,higher,TRUE,TRUE,TRUE,1.06154453395627,5462,TRUE
ENSMUSG00000108732,2310043P16Rik,3.89960926405859,9.11139562645048,0.000000589472537601329,0.00000158729861125909,1.17157354707097,5.73786898482422,0.000000402598512976268,0.00000118944871796777,1.36321854418225,2.57777096554961,0.551691709172991,1.27790933899018,0.358818442030509,0.900032282500262,0.757909565128583,1.58523752901335,2.25257251020186,TRUE,6,0,higher,TRUE,TRUE,TRUE,1.17157354707097,5464,TRUE
ENSMUSG00000024036,Slc37a1,2.32823521671792,7.85549334337485,0.00000407173208643932,0.000010024396991214,-1.86777626193782,-5.75380945073196,0.000000411442719710558,0.00000121446696366567,-1.10789589229345,-2.08676820141888,-2.19586442601092,-2.14209538376068,-0.749426065082334,-2.92460760306062,-1.35106212779557,-2.38449039608006,0.273995430462035,TRUE,0,6,lower,TRUE,TRUE,TRUE,1.86777626193782,5469,TRUE
ENSMUSG00000115902,ENSMUSG00000115902,2.70486531861259,5.61912585482467,0.00012597590334635,0.0002623924756273,1.42484984855908,5.71426937616928,0.000000432008589173098,0.00000127354175584757,1.49701718534202,1.41278874179213,1.12595318279104,1.62276545073537,1.48068932526246,1.40988520543146,1.36788656446517,1.48181313265299,2.68486555813737,TRUE,6,0,higher,TRUE,TRUE,TRUE,1.42484984855908,5476,TRUE
ENSMUSG00000032224,Fam81a,2.25631179768906,9.65676051570117,0.000000266944987920829,0.000000743366041056743,-1.63348765092133,-5.70701244734682,0.000000443833220692226,0.000001306223770368,-0.345944627802615,-0.701946402405218,-1.42551203969667,-1.27151986621841,-2.05065497546716,-4.00534799393793,-1.27403721432215,-1.99293808752052,0.32230809964424,TRUE,0,6,lower,TRUE,TRUE,TRUE,1.63348765092133,5484,TRUE
ENSMUSG00000055415,Atp10b,2.61935989009078,5.53019227340907,0.000146261882124124,0.000302279549754158,1.47890540690921,5.70702640800682,0.00000044381016805748,0.000001306223770368,1.4888317695672,1.40054943542246,1.61608484740546,1.71617848701396,1.19667238191232,1.45511552013383,1.43386299962833,1.52394781419008,2.78737171196573,TRUE,6,0,higher,TRUE,TRUE,TRUE,1.47890540690921,5484,TRUE
ENSMUSG00000045008,9030612E09Rik,2.10740889201796,8.05706116871186,0.00000266119350492368,0.00000668424564337683,1.71168395087463,5.70472573610645,0.000000447625208999917,0.00000131669346736255,0.719860979512206,2.33256495499817,2.04484877350605,2.70644553520027,0.57902056242071,1.88736289961034,1.11457677181299,2.30879112993626,3.27542916928589,TRUE,6,0,higher,TRUE,TRUE,TRUE,1.71168395087463,5488,TRUE
ENSMUSG00000113201,Gm21936,2.1482242666737,7.46868745884554,0.00000648197917167649,0.000015610710095237,1.59657622485657,5.70115052729682,0.000000453618233499406,0.00000133335017177366,1.39724040716382,0.0396446305326682,2.50744350489487,2.20731378735039,1.54814026504988,1.87967475414777,1.81760805903619,1.37554439067694,3.02424752601496,TRUE,6,0,higher,TRUE,TRUE,TRUE,1.59657622485657,5492,TRUE
ENSMUSG00000081058,Hist2h3c2,3.77866183029917,8.52594441304448,0.00000133228113634805,0.00000344222381307083,1.08529584971248,5.68508374453748,0.000000481545844570298,0.00000141338083070879,1.53670432139035,1.53087163474396,0.918616444798081,2.05097012385828,0.160318540233064,0.31429403325111,0.871879768807166,1.29871193061778,2.12181055228629,TRUE,6,0,higher,TRUE,TRUE,TRUE,1.08529584971248,5500,TRUE
ENSMUSG00000039179,Tekt5,1.88755780370481,11.0700921752854,0.0000000400668341420782,0.000000119777574732513,-1.54081054955484,-5.66478741756271,0.00000051926890321807,0.00000151968054834106,-1.06212842775139,-0.716585614480868,-1.87813012522681,-4.05745389884068,-0.215764552323904,-1.31480067870541,-1.05200770176737,-2.02961339734232,0.34369230358643,TRUE,0,6,lower,TRUE,TRUE,TRUE,1.54081054955484,5516,TRUE
ENSMUSG00000029095,Ablim2,2.63899927746849,8.18802247190084,0.00000219018171945637,0.00000554605545053869,-1.38756580751897,-5.65499118707224,0.00000053850829890286,0.00000157370374170689,-0.636454011354507,-1.01153310769682,-0.811288000697711,-1.79668279700986,-1.32284070816953,-2.74659622018539,-0.92352757340725,-1.85160404163069,0.382209142277083,TRUE,0,6,lower,TRUE,TRUE,TRUE,1.38756580751897,5524,TRUE
ENSMUSG00000042357,Gjb5,2.58423271947071,6.06389990706082,0.0000602554731246438,0.000130075434962707,1.57780083256301,5.64791902903246,0.000000552834453836319,0.00000161440061293048,1.64126688162412,2.2148351313506,0.990891848032232,1.8652192642741,1.25544640972348,1.49914546037351,1.29586837979328,1.85973328533274,2.98514463192268,TRUE,6,0,higher,TRUE,TRUE,TRUE,1.57780083256301,5528,TRUE
ENSMUSG00000094841,Gm10610,1.7975210424315,7.3632205170726,0.00000762370307977681,0.0000181974624895515,-1.69887966845157,-5.64737630931389,0.000000553949297764277,0.0000016167787947584,-1.36195402976461,-2.48512684358284,-0.955888729389033,-2.64731586760047,-1.53025127529824,-1.21274126507424,-1.28269801148396,-2.11506132541918,0.308025208894489,TRUE,0,6,lower,TRUE,TRUE,TRUE,1.69887966845157,5531,TRUE
ENSMUSG00000107568,Gm18840,2.46657112672168,6.10800080532411,0.0000560534228856558,0.000121442813802596,1.62930353770865,5.64712053467551,0.000000554475475682557,0.00000161802198191315,1.17896722687789,1.53038203361016,1.58571937403361,2.46543640390094,1.20881181958756,1.80650436824171,1.32449947349969,1.9341076019176,3.09363617097908,TRUE,6,0,higher,TRUE,TRUE,TRUE,1.62930353770865,5532,TRUE
ENSMUSG00000091712,Sec14l5,1.68910934160181,7.50936241029097,0.00000609016485697079,0.0000147043869706969,-1.71783811047758,-5.63819733569536,0.000000573145002454745,0.00000166978519664807,-0.991992567183156,-1.29900131499271,-1.29661947324506,-2.31880779948115,-1.33007482836058,-3.07053267960279,-1.20622895626293,-2.22944726469222,0.304003932155978,TRUE,0,6,lower,TRUE,TRUE,TRUE,1.71783811047758,5541,TRUE
ENSMUSG00000048416,Mlf1,3.38340634529797,6.23933932448194,0.0000452369226705606,0.00009912578290632,-1.28084438051822,-5.63711536715235,0.000000575450601476977,0.00000167619975814558,-0.846124075661796,-1.28049005848179,-1.74439749233573,-1.82457966356378,-0.65448952743886,-1.33498546562739,-1.08167036514546,-1.48001839589099,0.411554563485635,TRUE,0,6,lower,TRUE,TRUE,TRUE,1.28084438051822,5542,TRUE
ENSMUSG00000022803,Popdc2,2.90116068345832,7.79961880959225,0.00000391664935779439,0.00000967357261059897,-1.48559776636317,-5.63316562856044,0.000000583945360834249,0.00000169910417446779,-0.79003151366061,-1.72107004186604,-1.87336434807637,-2.78995618660222,-0.381422830524343,-1.35774167744942,-1.01493956408711,-1.95625596863923,0.357100543214131,TRUE,0,6,lower,TRUE,TRUE,TRUE,1.48559776636317,5548,TRUE
ENSMUSG00000040710,St8sia4,3.01819700083716,14.0321360024225,0.00000000107245011848826,0.00000000371275193282349,1.36139133862966,5.63261916707884,0.000000585130369456501,0.00000170200950810454,0.268437988837096,2.1433045260802,0.144950748321566,2.43395981005593,0.667289922018686,2.51040503646451,0.360226219725783,2.36255645753355,2.56932846734401,TRUE,6,0,higher,TRUE,TRUE,TRUE,1.36139133862966,5549,TRUE
ENSMUSG00000027514,Zbp1,3.17631175738971,9.94156821448397,0.000000186079655402394,0.000000525613976756053,-1.41811026474045,-5.62673806133838,0.000000607930181390344,0.00000176507498528495,-0.491106358333147,-1.73945113270598,-0.946833076967504,-2.94382906227346,-0.692458536853218,-1.69498342130941,-0.710132657384623,-2.12608787209628,0.374202145449738,TRUE,0,6,lower,TRUE,TRUE,TRUE,1.41811026474045,5560,TRUE
ENSMUSG00000054034,Tceal5,1.53715706743106,7.47158843781292,0.00000645319243162918,0.0000155460208064154,-1.69305536505215,-5.6141770026415,0.000000626547743305997,0.00000181716856273603,-1.44192213223686,-1.77242873593493,-2.39419896021599,-3.26070114575921,-0.199997781717957,-1.08908343444793,-1.34537295805693,-2.04073777204736,0.309271250810391,TRUE,0,6,lower,TRUE,TRUE,TRUE,1.69305536505215,5566,TRUE
ENSMUSG00000109709,Gm45290,4.07583006740608,7.24600932403292,0.00000913878228055737,0.0000216157307479909,1.02903181198982,5.60754430605589,0.000000642141628216097,0.00000186072380260141,1.06796557784735,1.37552828484322,1.18928893718765,1.37878421422239,0.0600959590977279,1.10252789874061,0.772450158044241,1.28561346593541,2.04065431522647,TRUE,6,0,higher,TRUE,TRUE,TRUE,1.02903181198982,5571,TRUE
ENSMUSG00000035296,Sgcg,6.68255113034458,8.55128058591991,0.0000467065279562448,0.000102110438894591,-1.09323756059677,-6.65493374579875,0.000000646844006524095,0.00000187367715724358,-0.841925255872829,-1.1066348308248,-1.29975295317411,-1.39332481030613,-0.587944003278858,-1.32984351012392,-0.909874070775266,-1.27660105041828,0.468708362265467,TRUE,0,6,lower,TRUE,TRUE,TRUE,1.09323756059677,5573,TRUE
ENSMUSG00000112276,5033421B08Rik,2.60036260460786,7.27055488103344,0.00000879764165062366,0.0000208454908507292,-1.46733926688482,-5.59325626770369,0.000000677049436326209,0.00000195906238584227,-1.69223952034573,-2.28781625310997,-0.922983704318065,-2.06578816593829,-0.425705626165115,-1.40950233143175,-1.0136429502763,-1.92103558349334,0.361648665485297,TRUE,0,6,lower,TRUE,TRUE,TRUE,1.46733926688482,5579,TRUE
ENSMUSG00000005800,Mmp8,1.06915833388398,7.10507449449045,0.0000113797009247465,0.0000266389953637156,1.81829113338652,5.58379714328554,0.000000701185097193304,0.00000202635714715208,0.652551561080077,0.332976157034891,2.39996703879919,1.76140992791662,2.5628565156668,3.19998559982154,1.87179170518202,1.76479056159102,3.5266322281659,TRUE,6,0,higher,TRUE,TRUE,TRUE,1.81829113338652,5586,TRUE
ENSMUSG00000114744,Gm38409,3.69154140589922,6.91003477318034,0.0000154526129630798,0.0000356512120998995,1.19233473646005,5.57753838642848,0.000000717620417239805,0.00000207199899758579,1.24837864846302,1.62995096950544,1.40821661861603,1.94802907184184,0.166599526493732,0.752833583840218,0.941064931190926,1.44360454172917,2.28522265328342,TRUE,6,0,higher,TRUE,TRUE,TRUE,1.19233473646005,5591,TRUE
ENSMUSG00000051727,Kctd14,2.6677518940094,5.85241404322234,0.0000854002789994139,0.000181158568184959,1.51036563950833,5.5592641555923,0.000000767818853767018,0.00000221179510284814,1.61984486585293,1.19301694547378,1.54010321479326,1.56133732577143,1.06450280804903,2.08338867710954,1.40815029623174,1.61258098278492,2.84882231091577,TRUE,6,0,higher,TRUE,TRUE,TRUE,1.51036563950833,5604,TRUE
ENSMUSG00000109398,Gm3854,1.5308748385482,5.71664526822119,0.000107026239618552,0.000224408960405544,-1.83234597668654,-5.55826382358785,0.000000770664756696618,0.00000221920106445835,-2.43572966144409,-1.55822129161107,-1.19131188050747,-1.86444503582594,-1.83849837879368,-2.10586961193697,-1.82184664024842,-1.84284531312466,0.280807626429345,TRUE,0,6,lower,TRUE,TRUE,TRUE,1.83234597668654,5606,TRUE
ENSMUSG00000102051,I830127L07Rik,1.50662387984952,6.32880975786793,0.0000391198349183073,0.0000862720621702508,-1.62926707537562,-5.55581352084159,0.000000777679889451052,0.00000223820403911719,-0.8562565772198,-0.8562565772198,-2.0961274508305,-2.40737162842971,-1.278825014344,-2.28076520420992,-1.41040301413143,-1.84813113661981,0.323252386128595,TRUE,0,6,lower,TRUE,TRUE,TRUE,1.62926707537562,5609,TRUE
ENSMUSG00000043670,Diras1,3.20875601897049,8.56526126459887,0.00000125805660620854,0.00000326193507774245,-1.19330226327945,-5.54829220120417,0.000000799609760801221,0.00000229886026155194,-0.513386162917883,-1.68608272609067,-0.539666918126732,-1.68028384797618,-0.851972678349549,-1.88842124621568,-0.635008586464721,-1.75159594009418,0.437300752688103,TRUE,0,6,lower,TRUE,TRUE,TRUE,1.19330226327945,5615,TRUE
ENSMUSG00000072945,Ripply1,1.25016787802355,7.70732857212757,0.00000450386078629539,0.00001102940301474,-1.91143548054055,-5.51195772581855,0.000000914462602487339,0.00000261555099077837,-1.1233975289726,-0.595552989439933,-2.66100238081363,-3.70578993435851,-0.891005353435053,-2.4918646962236,-1.55846842107376,-2.26440254000735,0.265827915394803,TRUE,0,6,lower,TRUE,TRUE,TRUE,1.91143548054055,5644,TRUE
ENSMUSG00000079355,Ackr4,3.17938795806332,6.58600372536584,0.0000258529666458393,0.0000582395256159341,1.22439685611286,5.50245803535456,0.0000009470872691648,0.00000270503004000838,0.608341425615544,1.12480687949606,1.07040547820404,1.84324584557075,0.930828733460627,1.76875277433017,0.869858545760069,1.57893516646566,2.33657744584412,TRUE,6,0,higher,TRUE,TRUE,TRUE,1.22439685611286,5652,TRUE
ENSMUSG00000088951,Gm24940,2.16140787176179,8.99601596046249,0.000000675959490840497,0.00000180572795972831,1.62194170910476,5.49011411020652,0.000000991202778954561,0.00000282353740262281,1.00915543868687,2.28421974378717,1.398914274727,3.49020773245628,0.434982194825977,1.11417087014525,0.947683969413281,2.29619944879623,3.07789007821636,TRUE,6,0,higher,TRUE,TRUE,TRUE,1.62194170910476,5667,TRUE
ENSMUSG00000099338,2810030D12Rik,1.63884796781517,6.10530163821617,0.0000563017284889006,0.000121948048168029,-1.67637539196095,-5.48297534453829,0.00000101763579378709,0.0000028957684856522,-1.13798243209955,-1.13798243209955,-2.44407809735729,-2.23253526318968,-0.956942709160855,-2.14873141785878,-1.51300107953923,-1.83974970438267,0.31286769530892,TRUE,0,6,lower,TRUE,TRUE,TRUE,1.67637539196095,5673,TRUE
ENSMUSG00000021356,Irf4,1.99537159197098,7.92780270489151,0.00000322915798305379,0.00000804449032722798,-1.78897124305354,-5.48113515023961,0.00000102456167427976,0.00000291444918200848,-2.5548190828926,-3.52041084196471,-0.330373051134529,-2.17247520617713,-1.10615392870622,-1.04959534744605,-1.33044868757778,-2.2474937985293,0.289378322309213,TRUE,0,6,lower,TRUE,TRUE,TRUE,1.78897124305354,5675,TRUE
ENSMUSG00000087014,Gm16364,4.12216879425216,6.43913207059007,0.0000327314297002748,0.0000727700688130472,-1.00051946223084,-5.4755370189387,0.00000104591868999065,0.00000297415279417282,-0.873457871373932,-1.16066814150279,-0.440944954065003,-1.269455037472,-0.839411174748307,-1.41917959422303,-0.717938000062414,-1.28310092439927,0.499820000517234,TRUE,0,6,lower,TRUE,TRUE,TRUE,1.00051946223084,5677,TRUE
ENSMUSG00000078915,Hsp25-ps1,3.20535851700358,7.97405987487209,0.00000587736624145216,0.0000142182411562659,-1.54450064002803,-5.5906597504357,0.00000111381240877758,0.00000315609508774733,-0.608397814941007,-1.91069867625407,-0.807397838662237,-2.11388364204362,-1.32968332596064,-2.49694254230659,-0.915159659854628,-2.17384162020143,0.342814339024004,TRUE,0,6,lower,TRUE,TRUE,TRUE,1.54450064002803,5697,TRUE
ENSMUSG00000097282,5031415H12Rik,4.0524115672586,8.26131437773245,0.0000116912780032703,0.0000273445813976807,-1.45552088659121,-5.82642576802378,0.00000118184401061483,0.00000334124480969444,-1.3813472702576,-2.64341240093129,-0.764180648281703,-1.97452548424647,-0.809583667596613,-1.16007584823358,-0.985037195378639,-1.92600457780378,0.364623414616661,TRUE,0,6,lower,TRUE,TRUE,TRUE,1.45552088659121,5710,TRUE
ENSMUSG00000055430,Nap1l5,3.2433025791393,8.09374502950248,0.00000251957377838141,0.0000063423482776253,1.13135626850597,5.43534128846924,0.00000121272816455298,0.00000342196657234377,1.03062370784004,1.85367428800617,1.37825499140135,2.19372765558199,0.113949183637632,0.217907784568631,0.840942627626339,1.4217699093856,2.19064584714458,TRUE,6,0,higher,TRUE,TRUE,TRUE,1.13135626850597,5721,TRUE
ENSMUSG00000044103,Il1f9,1.99354273724835,6.45920482960104,0.0000316898529826137,0.0000705710162364924,-1.7867023206172,-5.42982146607512,0.00000123759695215723,0.00000349030880479981,-0.687243554230555,-1.69004194041943,-1.51436962087692,-2.38989382492871,-1.61089777720082,-2.82776720604676,-1.27083698410276,-2.30256765713164,0.289833784841902,TRUE,0,6,lower,TRUE,TRUE,TRUE,1.7867023206172,5724,TRUE
ENSMUSG00000050251,Olfr809,2.25441315703639,8.42343798517185,0.00000154781934476852,0.00000397746699818501,1.46866260535647,5.41425078949672,0.00000131049359277902,0.00000368751927283104,2.16165468869252,1.01784273295899,2.87976671443274,1.04212748854551,1.27895679013373,0.431627217375327,2.10679273108633,0.830532479626609,2.7676521018173,TRUE,6,0,higher,TRUE,TRUE,TRUE,1.46866260535647,5737,TRUE
ENSMUSG00000021680,Crhbp,1.55722348935418,6.46831008241723,0.0000312286912471852,0.0000696016516365196,-1.69448749906527,-5.40648008439496,0.00000134844261641863,0.00000379165810082668,-1.85619468493982,-2.71663569638116,-0.876080632550395,-2.27903977160363,-0.960040540776084,-1.47893366814055,-1.23077195275543,-2.15820304537511,0.308964395861865,TRUE,0,6,lower,TRUE,TRUE,TRUE,1.69448749906527,5741,TRUE
ENSMUSG00000071226,Cecr2,1.99523173350643,6.87586388796058,0.0000163083095481553,0.0000375556406613224,-1.75959980881987,-5.40521488444617,0.00000135472317942089,0.00000380799169169275,-1.17968950817631,-2.47484542427604,-1.01690640003778,-2.66420005900241,-1.20233926869535,-2.0196181927313,-1.13297839230315,-2.38622122533658,0.295330076015964,TRUE,0,6,lower,TRUE,TRUE,TRUE,1.75959980881987,5743,TRUE
ENSMUSG00000051998,Lax1,2.71752595904609,5.49702512759822,0.000154661551009654,0.000318741404053216,1.44027295511605,5.3937737520783,0.00000141284480596895,0.0000039637736709692,0.784164376684335,1.24929104151729,1.63952372352329,1.90892427249256,1.20514647568698,1.85458784079185,1.2096115252982,1.6709343849339,2.71372203729789,TRUE,6,0,higher,TRUE,TRUE,TRUE,1.44027295511605,5754,TRUE
ENSMUSG00000057933,Gsta2,2.37915972523686,6.26259667536966,0.0000442273722091194,0.0000969662460371879,-1.68908942787078,-5.39482302932968,0.00000142799530555737,0.00000400488676469989,-1.74860195834864,-2.26421627349616,-2.56658914694709,-2.45373478283675,-0.816273302226248,-0.285121103369799,-1.71048813584066,-1.6676907199009,0.310122600363733,TRUE,0,6,lower,TRUE,TRUE,TRUE,1.68908942787078,5756,TRUE
ENSMUSG00000032186,Tmod2,3.73626556709707,8.43978108236317,0.00000151117976110127,0.00000388826504358587,-1.12569271762974,-5.38706802606081,0.00000144804689578437,0.00000405548595396374,-0.401444102304787,-1.64918192177392,-0.649227865982681,-1.37591118793523,-0.706809236712521,-1.97158199106933,-0.58582706833333,-1.66555836692616,0.458281922284602,TRUE,0,6,lower,TRUE,TRUE,TRUE,1.12569271762974,5764,TRUE
ENSMUSG00000049555,Tmie,4.25337359295543,7.0877682707043,0.0000129840004748409,0.0000301974815826763,1.01953841122513,5.40917027301851,0.00000144985490115406,0.00000405984521584215,1.99189361789296,1.12030239348561,1.3190787263283,0.744430313491644,0.421092027189026,0.520433388963213,1.24402145713676,0.795055365313489,2.02727023280753,TRUE,6,0,higher,TRUE,TRUE,TRUE,1.01953841122513,5765,TRUE
ENSMUSG00000015090,Ptgds,2.0218401404249,7.36819979450324,0.00000756539337835032,0.000018068966608479,-1.49158233313115,-5.38317898826008,0.00000146885765534169,0.00000411091697818671,-1.24529709348087,-1.89784865456095,-1.61684633088279,-3.04954839186672,-0.401607637012934,-0.738345890982636,-1.08791702045886,-1.89524764580343,0.355622292039259,TRUE,0,6,lower,TRUE,TRUE,TRUE,1.49158233313115,5768,TRUE
ENSMUSG00000117061,ENSMUSG00000117061,3.22879323355166,7.62884902956697,0.00000507442236416561,0.0000123628735624397,-1.12342945990473,-5.37654166284463,0.00000150505855194133,0.0000042085848266047,-0.597521789987709,-1.94116847276075,-1.36906812280415,-1.67236464949202,-0.257800913431454,-0.902652810952283,-0.741463608741105,-1.50539531106835,0.459001425762082,TRUE,0,6,lower,TRUE,TRUE,TRUE,1.12342945990473,5773,TRUE
ENSMUSG00000033196,Myh2,3.46236318661179,7.70546098379974,0.000023334029425602,0.0000528304680248939,-1.7098662621467,-5.73781262174221,0.00000159358585430352,0.00000444842753692232,-1.46732756917148,-0.953854432849987,-2.1430168787676,-3.30786582467103,-0.682561375800351,-1.70457149161974,-1.43096860791314,-1.98876391638025,0.305688405429682,TRUE,0,6,lower,TRUE,TRUE,TRUE,1.7098662621467,5783,TRUE
ENSMUSG00000108161,Gm32914,3.77039779474982,6.59339551712665,0.0000525253207129576,0.0001141820969929,-1.36295997355419,-5.54509042797978,0.00000162027913554511,0.00000452059559023586,-1.10079053862798,-2.07487290810959,-1.55800284726483,-1.49224771567207,-0.50842030173754,-1.44342552991315,-1.05573789587678,-1.6701820512316,0.388783804294294,TRUE,0,6,lower,TRUE,TRUE,TRUE,1.36295997355419,5786,TRUE
ENSMUSG00000039714,Cplx3,2.40383108043603,6.2982875550588,0.0000411047122475997,0.0000904146845364493,-1.46340778855087,-5.34882968965841,0.000001665953463664,0.00000464000806831054,-1.32925517939332,-1.78718167890508,-2.21428251765745,-2.46434213436662,-0.277628384151643,-0.707756836831118,-1.27372202706747,-1.65309355003427,0.362635535822477,TRUE,0,6,lower,TRUE,TRUE,TRUE,1.46340778855087,5796,TRUE
ENSMUSG00000097474,Gm26584,2.03884027445573,6.13775635662812,0.0000533896254919764,0.000115967266458151,1.71993797760024,5.34864932552926,0.0000016670543295589,0.00000464227325203888,2.1880992955488,1.71629384263633,1.27716694663149,2.40679931785376,0.725035243962946,2.00623321896813,1.39676716204774,2.04310879315274,3.29422244525688,TRUE,6,0,higher,TRUE,TRUE,TRUE,1.71993797760024,5797,TRUE
ENSMUSG00000116760,ENSMUSG00000116760,1.67143272195566,5.78012176302164,0.0000962897390944296,0.0002029249684336,-1.65306563028792,-5.34838124846415,0.00000166869188371218,0.00000464603192113931,-1.46903776070948,-1.42134155023427,-1.68923287695923,-2.88576846384198,-1.11392755324727,-1.33908557673531,-1.42406606363866,-1.88206519693719,0.317963786723481,TRUE,0,6,lower,TRUE,TRUE,TRUE,1.65306563028792,5798,TRUE
ENSMUSG00000111556,Gm19299,2.41776007448859,5.37142715199599,0.000191228482005971,0.000390012028938496,1.46730656112701,5.34734586204816,0.00000167503147271731,0.00000466207466621991,1.01311250213776,1.19437694135189,1.67604402353343,1.83095962456715,1.11329750361017,1.97604877156167,1.26748467642712,1.6671284458269,2.76505190199244,TRUE,6,0,higher,TRUE,TRUE,TRUE,1.46730656112701,5800,TRUE
ENSMUSG00000029720,Gm20605,3.58222409123171,6.53659249663916,0.0000279832687042088,0.0000628018777550455,-1.00800929077375,-5.34667877794986,0.00000167912855219828,0.00000467267233548299,-0.708278207395511,-1.47665708157734,-0.408938919033512,-1.35088424607159,-1.04709194134285,-1.05620534922171,-0.721436355923957,-1.29458222562355,0.49723188221581,TRUE,0,6,lower,TRUE,TRUE,TRUE,1.00800929077375,5801,TRUE
ENSMUSG00000020656,Grhl1,4.0271544211125,5.88788387497016,0.000141403265847514,0.000292915788997415,1.24131698870106,5.51423384283717,0.00000172162640365058,0.00000478598502395925,1.70813447327182,1.77452775578158,1.44811748363591,1.17920026715408,0.479520350001685,0.858401602361286,1.21192410230314,1.27070987509898,2.36414248577815,TRUE,6,0,higher,TRUE,TRUE,TRUE,1.24131698870106,5807,TRUE
ENSMUSG00000094378,Gm15097,3.93138291891624,6.65247912600897,0.0000232473982138941,0.0000526490950290254,1.00129841898495,5.33680389281193,0.00000174094659322323,0.00000483719463931199,1.59056653874779,1.28954246910883,0.952924785180364,1.44024430061588,0.0362461931201081,0.69826622713672,0.859912505682752,1.14268433228714,2.00180080115208,TRUE,6,0,higher,TRUE,TRUE,TRUE,1.00129841898495,5810,TRUE
ENSMUSG00000079559,Colca2,3.19842435745526,8.15007971520244,0.00000592955987750284,0.00001433376536426,-1.57273843610188,-5.50315314560642,0.00000179139776003129,0.00000496882028181876,-0.516143334040744,-2.54834814849978,-1.46307439063652,-1.86256226420433,-0.856807687785378,-2.18949479144452,-0.945341804154214,-2.20013506804954,0.336169691344464,TRUE,0,6,lower,TRUE,TRUE,TRUE,1.57273843610188,5820,TRUE
ENSMUSG00000047728,BC025446,3.04781183957021,6.7315810418211,0.0000204958486997458,0.0000467388735075571,-1.23959781178003,-5.32709527118042,0.00000180391025721613,0.00000500094852863472,-1.36266668289573,-0.305589385777603,-2.07498066556768,-2.08282724002423,-0.669092621169514,-0.942430275245394,-1.36891332321097,-1.11028230034908,0.423490698613437,TRUE,0,6,lower,TRUE,TRUE,TRUE,1.23959781178003,5823,TRUE
ENSMUSG00000112533,Gm20758,1.85267444025323,5.84124082709475,0.0000869968123758605,0.000184263818444107,-1.68676978562059,-5.30603158958775,0.00000194833734296212,0.00000538377434567571,-2.70577172989995,-2.46633121786399,-1.63879356291861,-1.89642763537042,-0.435068642508904,-0.978225925161667,-1.59321131177582,-1.78032825946536,0.31062163314599,TRUE,0,6,lower,TRUE,TRUE,TRUE,1.68676978562059,5842,TRUE
ENSMUSG00000060572,Mfap2,3.62714395215101,7.08903371087867,0.0000116684150534263,0.0000272950621949661,1.1190383382648,5.30028724329869,0.00000198966469235728,0.00000549327127222909,0.983977411564302,0.988375914772481,0.474604516037368,1.95281211797733,0.86045194355751,1.45400812567983,0.773011290386393,1.46506538614322,2.17202143130585,TRUE,6,0,higher,TRUE,TRUE,TRUE,1.1190383382648,5847,TRUE
ENSMUSG00000035085,1700020L24Rik,3.69087859040087,7.12198467001512,0.0000110833012234977,0.0000259790520765099,1.07746274788215,5.29924288516468,0.0000019972705542779,0.00000551144248849711,0.731650618498496,0.706115807619219,1.12954039073989,1.93289640340861,0.408162715191617,1.55641055183509,0.756451241476669,1.39847425428764,2.11032141622814,TRUE,6,0,higher,TRUE,TRUE,TRUE,1.07746274788215,5850,TRUE
ENSMUSG00000036764,Dnajc12,4.24949854514505,7.06901549575831,0.0000864339134281527,0.000183182705063761,-1.51422365727154,-5.82656879914366,0.00000210625052813216,0.0000058012629714447,-0.708929946219441,-1.44827282034389,-1.04621282414109,-1.87221686659388,-1.65844680555802,-2.35126268077292,-1.13786319197285,-1.89058412257023,0.350084803275358,TRUE,0,6,lower,TRUE,TRUE,TRUE,1.51422365727154,5861,TRUE
ENSMUSG00000110266,Gm32742,1.41436130025675,5.40464393633097,0.000180769376563948,0.000369714943097912,-1.68631402089048,-5.2842151533907,0.00000210994086926777,0.00000580944490066342,-2.11590897738237,-1.41319165249027,-1.37680356002609,-1.06611198387722,-1.64015357085542,-2.50571438071149,-1.71095536942129,-1.66167267235966,0.310719777760781,TRUE,0,6,lower,TRUE,TRUE,TRUE,1.68631402089048,5863,TRUE
ENSMUSG00000114206,Gm30551,3.68825646800888,6.11932663483794,0.0000550237419972115,0.000119340086935508,-1.09748574827664,-5.27745235241115,0.00000216266713301374,0.00000594751882934255,-0.758630041419303,-1.62966128411096,-1.18972127778358,-1.62054230347614,-0.452080821864112,-0.934278761005745,-0.800144047022332,-1.39482744953095,0.467330224611045,TRUE,0,6,lower,TRUE,TRUE,TRUE,1.09748574827664,5870,TRUE
ENSMUSG00000102009,4933400F21Rik,2.47289261193977,8.53876119456549,0.0000013076007424029,0.00000338224624012337,-1.45140354458079,-5.27010298412312,0.00000222143938797156,0.00000609979521007398,-0.83282392836099,-2.36354977242481,-1.00901732229836,-1.04096731826679,-0.682522111707685,-2.77954081442609,-0.841454454122345,-2.06135263503923,0.365665508453756,TRUE,0,6,lower,TRUE,TRUE,TRUE,1.45140354458079,5878,TRUE
ENSMUSG00000086741,Gm15816,2.84439955315701,7.00647613125855,0.0000145681876435317,0.0000336925864082425,-1.48414750907871,-5.28484248746585,0.0000022561262498716,0.00000618977669131157,-2.05760222973168,-2.50396640762405,-0.913932165912108,-1.70183631093089,-0.11708229203691,-1.61046564823664,-1.02953889589357,-1.93875612226386,0.357459696075816,TRUE,0,6,lower,TRUE,TRUE,TRUE,1.48414750907871,5884,TRUE
ENSMUSG00000036292,Gramd1c,2.72542199128878,5.16661171598314,0.000271013060567229,0.000541449053901217,-1.31021661189024,-5.26290435901476,0.00000228053109459714,0.0000062524819055845,-1.42454824011642,-1.35335393130196,-1.81561278766767,-1.66641862297363,-0.583157379641127,-1.01820870964064,-1.27443946914174,-1.34599375463875,0.403260327978621,TRUE,0,6,lower,TRUE,TRUE,TRUE,1.31021661189024,5888,TRUE
ENSMUSG00000068551,Zfp467,3.65692167944094,5.38106517326293,0.00018813124806679,0.000384041823159104,1.02283549825798,5.25940646344186,0.00000230980092993044,0.00000632628374819599,0.787484746042441,1.02214614560569,0.75823658875068,1.23433256849023,0.863026217915161,1.47178672274366,0.802915850902761,1.24275514561319,2.03190858659857,TRUE,6,0,higher,TRUE,TRUE,TRUE,1.02283549825798,5894,TRUE
ENSMUSG00000110547,Gm29773,3.25687769771372,7.39500773483242,0.00000725926679212773,0.0000173866978969314,-1.25306014029906,-5.25064923054763,0.00000238471322994226,0.00000652481791033186,-0.755012817405396,-0.795438004874317,-2.09113077167473,-2.73954343946723,-0.15779192767104,-0.979443880701639,-1.00131183891705,-1.50480844168106,0.4195573284889,TRUE,0,6,lower,TRUE,TRUE,TRUE,1.25306014029906,5900,TRUE
ENSMUSG00000023341,Mx2,2.33347748551997,5.18249502821527,0.000263752306664165,0.00052792975653808,-1.39848388416117,-5.24436651552777,0.00000243992730483354,0.00000666910709142023,-1.00838419405952,-1.71478476610409,-1.507119787365,-1.73430502666307,-0.914192364923395,-1.51211716585197,-1.14323211544931,-1.65373565287304,0.379327564323806,TRUE,0,6,lower,TRUE,TRUE,TRUE,1.39848388416117,5906,TRUE
ENSMUSG00000085867,Gm5834,2.35445398086191,5.63685683195001,0.00012229009096824,0.000255022469771387,1.34518501089,5.24070270864283,0.00000247270511381893,0.00000675069823310991,1.96695746180626,1.90585125463228,0.977436672492608,1.64498265600503,0.494628745174288,1.08125327522952,1.14634095982438,1.54402906195561,2.54062775372361,TRUE,6,0,higher,TRUE,TRUE,TRUE,1.34518501089,5913,TRUE
ENSMUSG00000117508,ENSMUSG00000117508,1.98527125137798,6.21377767114078,0.000047159467481278,0.000103030895053495,-1.38366132278229,-5.23525078888782,0.00000252228457079802,0.00000688139932844218,-0.613275623257233,-0.613275623257233,-2.04489742177513,-2.62334846834933,-0.893154878984736,-1.51401592107008,-1.18377597467237,-1.58354667089221,0.383244947454563,TRUE,0,6,lower,TRUE,TRUE,TRUE,1.38366132278229,5917,TRUE
ENSMUSG00000090176,Cd200r2,2.98280423146462,7.67840296839594,0.00000522787633899078,0.0000127098806837844,-1.41757491006585,-5.24365375828145,0.00000261448251816504,0.00000711250274532159,-1.21952204956756,-1.83225123699344,-0.69816421116413,-1.44573939676455,-0.624630252982708,-2.68514231292272,-0.847438837904798,-1.98771098222691,0.374341029992957,TRUE,0,6,lower,TRUE,TRUE,TRUE,1.41757491006585,5933,TRUE
ENSMUSG00000035509,Fbxl21,2.80279866125406,7.28065629816022,0.00000866108808290567,0.000020555122746596,-1.40438031022305,-5.22032900085992,0.00000266304506527217,0.00000723364235044399,-0.594701106868734,-0.972915491096663,-1.03925919846904,-2.78385600898793,-1.10044088900748,-1.93510916690846,-0.911467064781751,-1.89729355566435,0.377780381903078,TRUE,0,6,lower,TRUE,TRUE,TRUE,1.40438031022305,5943,TRUE
ENSMUSG00000024013,Fgd2,3.40874536652391,7.21758060046211,0.00000955099245125365,0.0000225510708118455,1.15563939870029,5.21723041015447,0.00000269323052412758,0.00000731194422317381,1.66502968923856,0.56096438806467,2.22176991039342,1.53257356278299,0.671647347746458,0.281851493975657,1.51948231579281,0.791796481607772,2.22783038633912,TRUE,6,0,higher,TRUE,TRUE,TRUE,1.15563939870029,5946,TRUE
ENSMUSG00000056643,Chst13,1.59318415112846,5.18439948928294,0.000262895223884248,0.000526344735106464,-1.65366686459923,-5.20272174969381,0.00000283911169836167,0.00000769764530511463,-1.12347101093279,-1.77602257201287,-1.23480756906357,-1.97380000594353,-1.54790660955976,-2.26599342008285,-1.30206172985204,-2.00527199934642,0.317831304872619,TRUE,0,6,lower,TRUE,TRUE,TRUE,1.65366686459923,5954,TRUE
ENSMUSG00000117110,ENSMUSG00000117110,2.48075487024829,10.6704039868471,0.0000000676835702949668,0.00000019876584960372,-1.39191362663508,-5.19977930124256,0.00000286963265036985,0.00000777778372648093,-0.13376641000617,-0.778730677357735,-1.92968427340288,-3.92673173755635,-0.19939104911965,-1.3831776123677,-0.754280577509568,-2.0295466757606,0.381059020697683,TRUE,0,6,lower,TRUE,TRUE,TRUE,1.39191362663508,5955,TRUE
ENSMUSG00000065683,Gm23731,2.03399975992285,5.93527375576963,0.000074462347434317,0.000159084922529404,-1.55487844484908,-5.1981956260017,0.0000028861930341016,0.00000782135540532183,-0.984046083361706,-2.36642501858102,-1.80140325540898,-1.66877580429383,-0.76370502433863,-1.74491548311032,-1.18305145436977,-1.92670543532839,0.34035720492077,TRUE,0,6,lower,TRUE,TRUE,TRUE,1.55487844484908,5957,TRUE
ENSMUSG00000024451,Arap3,3.27394925810839,8.97001892846665,0.00000220745424846163,0.00000558891686526288,-1.52326469549597,-5.37238936232606,0.00000288675491760057,0.00000782156506123298,-1.10931973225677,-2.2909606382902,-0.701444224607261,-3.12598336453289,-0.817363327905472,-1.09451688538323,-0.876042428256501,-2.17048696273544,0.347897762277764,TRUE,0,6,lower,TRUE,TRUE,TRUE,1.52326469549597,5958,TRUE
ENSMUSG00000018920,Cxcl16,3.81006581900377,5.20945738131765,0.000251880722394103,0.000505106894609689,-1.079236435459,-5.19646588138437,0.00000290438837933138,0.00000786406266480149,-0.90974145673289,-1.50650447978758,-0.943399506728589,-1.25724124812956,-0.691294122695549,-1.16723779867985,-0.84814502871901,-1.310327842199,0.473279246095722,TRUE,0,6,lower,TRUE,TRUE,TRUE,1.079236435459,5962,TRUE
ENSMUSG00000015966,Il17rb,2.92310630740114,4.85272339204084,0.00046534332399634,0.000902346820333082,-1.33439216971196,-5.18072196242821,0.00000307527805450956,0.00000831561367402812,-1.66061077758832,-1.44482532352412,-1.21853693381108,-1.265865990122,-0.869438174184657,-1.54707581904159,-1.24952862852802,-1.4192557108959,0.396559109752631,TRUE,0,6,lower,TRUE,TRUE,TRUE,1.33439216971196,5970,TRUE
ENSMUSG00000048721,Fndc9,1.60629814300043,6.64674160855476,0.0000234612200887314,0.0000530886565590679,-1.6644765538562,-5.15461170482533,0.00000338075667380143,0.00000911263232345574,-1.54011813134553,-1.10580923681179,-2.1877911975857,-2.55411543548956,-0.271144748692064,-2.32788057321258,-1.33301802587443,-1.99593508183798,0.315458787850196,TRUE,0,6,lower,TRUE,TRUE,TRUE,1.6644765538562,5989,TRUE
ENSMUSG00000027344,Fsip1,2.56217777268412,6.41438944372816,0.0000340640051447418,0.0000756285566017832,1.31567769512527,5.15098737309576,0.00000342545433178062,0.00000922694965425238,1.91098525716721,2.59983598657764,0.441918209722786,1.13571947071486,0.591064581881343,1.2145426646878,0.981322682923779,1.65003270732677,2.48919231134295,TRUE,6,0,higher,TRUE,TRUE,TRUE,1.31567769512527,5993,TRUE
ENSMUSG00000113617,Gm8655,3.11826682477234,4.89608156847115,0.000431668076502064,0.000840904697161968,1.14188318410923,5.14926426446232,0.00000344690831104356,0.00000927699914391067,0.946280121658496,1.34745598031257,1.1042512038295,0.988175594827463,1.53475348876692,0.930382715260402,1.19509493808497,1.08867143013348,2.20668879592234,TRUE,6,0,higher,TRUE,TRUE,TRUE,1.14188318410923,5998,TRUE
ENSMUSG00000074001,Klhl40,5.62182948992339,15.6734235404366,0.000000277041459909726,0.000000770418654146891,-1.6082946014271,-5.97779604729023,0.00000346092238640189,0.00000930850884433284,-0.70043637724962,-4.1101540066707,-0.696351538877409,-2.47373460026921,-0.498801026644523,-1.17029005885112,-0.631862980923851,-2.58472622193034,0.327985831397788,TRUE,0,6,lower,TRUE,TRUE,TRUE,1.6082946014271,6002,TRUE
ENSMUSG00000081890,Gm11243,2.75078544167141,8.22345326994111,0.00000207817957056584,0.00000527568057990949,-1.25579452726329,-5.1462409879921,0.00000348487030854804,0.00000936979703379263,-1.28726890647836,-2.79326613517952,-0.527480672548886,-1.80745952607281,-0.43642011859022,-0.682871804709944,-0.750389899205823,-1.76119915532076,0.418762880909457,TRUE,0,6,lower,TRUE,TRUE,TRUE,1.25579452726329,6004,TRUE
ENSMUSG00000024030,Abcg1,3.77707907067653,8.84773239203543,0.000000914453245937375,0.00000240658929722319,-1.09979228031257,-5.10178086432811,0.00000426945113654368,0.0000113694737210862,-0.689353861194082,-2.33420733527557,-0.695668925346209,-1.48385997457101,-0.136365538174094,-1.25929804731447,-0.507129441571462,-1.69245511905368,0.466583669796491,TRUE,0,6,lower,TRUE,TRUE,TRUE,1.09979228031257,6062,TRUE
ENSMUSG00000043557,Mdga1,4.08707850120471,5.64926413314626,0.000208730870047755,0.000423575416113251,1.16666096121073,5.23258475843869,0.00000456671054127777,0.0000121230732228,1.69970401902939,1.16650592331303,1.35017388451171,1.51505066395776,0.31129708844407,0.957234188008424,1.12039166399506,1.2129302584264,2.24491521858852,TRUE,6,0,higher,TRUE,TRUE,TRUE,1.16666096121073,6081,TRUE
ENSMUSG00000030745,Il21r,1.43637079833259,7.27976013859389,0.00000867311378432926,0.0000205806373394719,-1.67917321600978,-5.0680384280689,0.00000462314712242432,0.0000122607957938715,-0.530688237425458,-0.530688237425458,-1.51260264465657,-2.2142904397711,-1.59873533958256,-3.68803439719753,-1.21400874055486,-2.14433769146469,0.312261537734342,TRUE,0,6,lower,TRUE,TRUE,TRUE,1.67917321600978,6087,TRUE
ENSMUSG00000111488,Gm31378,1.01097634858835,11.2538327590301,0.0000000315818127849519,0.0000000955623624718798,1.79972282223572,5.05175616138837,0.00000490255507631745,0.0000129613407463139,0.310105141366802,2.1483499737048,0.738129356848586,3.26111362039323,0.518893127364466,3.82174571373646,0.522375875193285,3.07706976927816,3.4815332993894,TRUE,6,0,higher,TRUE,TRUE,TRUE,1.79972282223572,6106,TRUE
ENSMUSG00000049098,Olfr147,2.02048792651178,4.58396406112245,0.000743607177126242,0.00140694452184118,1.66863705883316,5.03846017043974,0.00000514297191559879,0.0000135658489597241,1.51901287387579,1.68721527812593,1.72031372977176,1.93086924961608,1.12811270920394,2.02629851240547,1.45581310428383,1.88146101338249,3.17914112141987,TRUE,6,0,higher,TRUE,TRUE,TRUE,1.66863705883316,6120,TRUE
ENSMUSG00000026832,Cytip,1.28332818895641,5.81117368107238,0.00009144728699246,0.00019322428716221,-1.81948942985068,-5.0299387464729,0.00000530310846950534,0.0000139631512026137,-1.76551342212914,-3.07624442873289,-1.05997986660621,-2.58329925224259,-1.23018886763691,-1.20171074175636,-1.35189405212409,-2.28708480757728,0.283321221037344,TRUE,0,6,lower,TRUE,TRUE,TRUE,1.81948942985068,6131,TRUE
ENSMUSG00000097610,A930012L18Rik,2.39071816868627,5.13435830377283,0.000286394968959974,0.000570141075831898,1.44326466895249,5.02867873093465,0.00000532719902530562,0.0000140242944986152,1.72246896386576,2.17259231189952,1.23294840188204,1.79201962388399,0.509504343925252,1.23005436825838,1.15497390322435,1.73155543468063,2.71935531612928,TRUE,6,0,higher,TRUE,TRUE,TRUE,1.44326466895249,6132,TRUE
ENSMUSG00000034532,Fbxo16,4.23194480029157,6.09016791690571,0.000190056930121405,0.000387776671252507,-1.28060081988651,-5.33780000687184,0.00000569897373251111,0.0000149542478810024,-1.36700303524607,-1.60194813203793,-1.29998096921504,-1.27723458849709,-0.420255167241336,-1.7171830270816,-1.02907972390081,-1.53212191587221,0.411624049377248,TRUE,0,6,lower,TRUE,TRUE,TRUE,1.28060081988651,6152,TRUE
ENSMUSG00000113101,Gm33424,1.83352663295716,6.18988456109052,0.0000490325719026311,0.000106978349536988,-1.62591524846892,-5.00979253290584,0.00000570143845697488,0.0000149582839283188,-1.21130102875848,-1.84322247441218,-1.272970933587,-0.230807583081857,-2.02963897534144,-3.16755049563259,-1.50463697922897,-1.74719351770888,0.324004274522662,TRUE,0,6,lower,TRUE,TRUE,TRUE,1.62591524846892,6153,TRUE
ENSMUSG00000067642,Adgrf3,1.49435195685257,7.00332590138563,0.0000133441935912521,0.0000309727271234482,-1.52064330327681,-5.00321644547272,0.00000583771477847568,0.0000152959308016447,-0.285965284327349,-0.948385601186401,-3.1890146560456,-3.02974599196119,-0.407317241636522,-1.26343104450381,-1.29409906066982,-1.7471875458838,0.34853047085356,TRUE,0,6,lower,TRUE,TRUE,TRUE,1.52064330327681,6161,TRUE
ENSMUSG00000084989,Crocc2,1.76529397594024,9.07781385857958,0.000000601588481294595,0.00000161749547860404,1.66121954035838,5.00035907571754,0.00000589792046564592,0.0000154436545136938,0.867030056458352,1.79942408350372,0.818508240310718,3.48684284961665,0.435094188196801,2.56041782406405,0.706877494988624,2.61556158572814,3.16283773077132,TRUE,6,0,higher,TRUE,TRUE,TRUE,1.66121954035838,6165,TRUE
ENSMUSG00000028444,Cntfr,3.24465492240085,8.74742626011966,0.00000115588343641313,0.00000301007038458093,-1.27093854444115,-5.00586250678041,0.00000627261436154089,0.0000163743230333691,-1.44307223177865,-2.21041601032019,-0.241648781059506,-2.28530155227479,-0.111592407549773,-1.33360028366401,-0.598771140129309,-1.943105948753,0.414390103952982,TRUE,0,6,lower,TRUE,TRUE,TRUE,1.27093854444115,6184,TRUE
ENSMUSG00000020037,Rfx4,1.8953995661138,5.73962683263711,0.000103003699429489,0.000216396241526581,-1.47973643984761,-4.96557596778344,0.00000668154736101622,0.0000173940040394912,-1.21002414889724,-2.05122930365089,-1.92680891475986,-2.63310617491987,-0.317981193203559,-0.739268903654213,-1.15160475228689,-1.80786812740832,0.358554308865153,TRUE,0,6,lower,TRUE,TRUE,TRUE,1.47973643984761,6201,TRUE
ENSMUSG00000118212,ENSMUSG00000118212,2.54771680709712,5.2467719934814,0.000236349122517792,0.00047573365147191,1.43109505924071,4.95227644502393,0.00000700744871930027,0.0000182101166573832,1.25405035650256,1.54159807799737,2.42419055967037,2.13356725950806,0.337354748510655,0.895809353255249,1.33853188822786,1.52365823025356,2.69651313099148,TRUE,6,0,higher,TRUE,TRUE,TRUE,1.43109505924071,6212,TRUE
ENSMUSG00000048647,Exd1,3.82469088551582,7.45465657696244,0.0000204888511615523,0.0000467295174203078,-1.29322547413413,-5.1534816480452,0.00000708619420361995,0.0000183969818316238,-0.87400081089116,-2.03875720399295,-0.374807111747415,-1.59680047340166,-0.817511409493471,-2.05747583527813,-0.688773110710682,-1.89767783755758,0.408037747194303,TRUE,0,6,lower,TRUE,TRUE,TRUE,1.29322547413413,6218,TRUE
ENSMUSG00000044461,Shisa2,2.16408778917724,7.32907922148617,0.0000080361989894051,0.0000191424465524519,-1.42203720139347,-4.93853309959283,0.00000736061210501807,0.0000190756720519035,-0.791128175648856,-0.458152018613965,-2.08376403907653,-3.44281296332611,-0.404652980362114,-1.35171303133325,-1.09318173169583,-1.75089267109111,0.373184972737162,TRUE,0,6,lower,TRUE,TRUE,TRUE,1.42203720139347,6229,TRUE
ENSMUSG00000034613,Ppm1h,2.38052146646947,4.71941339297032,0.000586758840861625,0.0011238784964439,1.34728587343259,4.93133023555685,0.00000755262162274995,0.0000195450418172575,0.523478215710505,0.773853244057418,1.4277672073697,1.79048376509633,1.75649341708284,1.81163939127873,1.23591294672102,1.45865880014416,2.54433012856895,TRUE,6,0,higher,TRUE,TRUE,TRUE,1.34728587343259,6238,TRUE
ENSMUSG00000041380,Htr2c,1.55641815350603,6.96365486089242,0.0000142019951638686,0.0000328833631569608,1.68495085111942,4.93064283769922,0.00000757120072101678,0.000019589981285362,0.567567441061677,1.87719010648565,1.04016731202562,3.42905695780656,1.49694511933049,1.69877817000654,1.03489329080593,2.33500841143292,3.21529442435977,TRUE,6,0,higher,TRUE,TRUE,TRUE,1.68495085111942,6239,TRUE
ENSMUSG00000102882,Gm2065,3.59008199071181,7.42276974336945,0.00000695568330624767,0.0000166967428420455,-1.04578166923221,-4.9225971985764,0.0000077920219371381,0.0000201322999569815,-1.05938702196988,-2.39122093753441,-0.046402680210119,-0.946366893285954,-0.81413899560083,-1.01717348679207,-0.639976232593609,-1.45158710587081,0.484382393248819,TRUE,0,6,lower,TRUE,TRUE,TRUE,1.04578166923221,6248,TRUE
ENSMUSG00000050737,Ptges,2.56995732457075,6.27740977731044,0.0000425218666207387,0.0000934173234701394,1.26152790119153,4.9219636524942,0.00000780967625629898,0.0000201746845583988,0.43406684439487,0.765002051711845,0.677932526422497,0.890614578248452,1.96545121054369,2.83610019582781,1.02581686045369,1.49723894192937,2.39749515737413,TRUE,6,0,higher,TRUE,TRUE,TRUE,1.26152790119153,6249,TRUE
ENSMUSG00000115545,Gm48908,3.06864446150873,6.26243831977145,0.0000435689952103247,0.000095587699059564,1.09318444006912,4.90973255036037,0.00000815830152052939,0.0000210348924206845,0.180146248455333,1.27239455042119,0.688802041672522,1.73815415724149,1.18412174245442,1.49548790016976,0.684356677527424,1.50201220261081,2.13344429252475,TRUE,6,0,higher,TRUE,TRUE,TRUE,1.09318444006912,6261,TRUE
ENSMUSG00000078627,March10,1.92636347109403,5.09027031256925,0.000308882609233748,0.000612717124706364,-1.49149769940678,-4.90249411714468,0.00000837176347749629,0.0000215628807664794,-0.952493704602934,-1.86397662760814,-0.734655336142815,-1.54920658168773,-1.57329577811705,-2.27535816828201,-1.08681493962093,-1.89618045919263,0.355643154744838,TRUE,0,6,lower,TRUE,TRUE,TRUE,1.49149769940678,6267,TRUE
ENSMUSG00000015968,Cacna1d,2.4946826063777,8.81023771751396,0.000000882283068922555,0.00000232533805414152,1.39964908219027,4.902471802068,0.00000837242994761152,0.0000215628807664794,1.27059231329894,1.09357020355804,0.4759291800967,3.23742559739739,0.584973302298023,1.73540389649252,0.777164931897889,2.02213323248265,2.63837399149416,TRUE,6,0,higher,TRUE,TRUE,TRUE,1.39964908219027,6267,TRUE
ENSMUSG00000114481,Gm46415,3.36258985410986,4.23466065503337,0.0013781308376679,0.00251225775859721,-1.14006159530264,-4.89280965985766,0.00000866594673041358,0.0000222761748517622,-1.17008036464443,-1.45078306272033,-0.956942591717574,-1.3184604493507,-0.881148760360161,-1.06295434302263,-1.00272390557405,-1.27739928503122,0.453740204983773,TRUE,0,6,lower,TRUE,TRUE,TRUE,1.14006159530264,6280,TRUE
ENSMUSG00000052143,Gm9869,2.75099950941506,4.95680953024837,0.000391073252935488,0.000766059400817568,-1.3688872516663,-4.88683704337494,0.00000891104982119405,0.0000228589031087773,-1.20025373426432,-1.44250761180798,-2.42307841444283,-1.75216006170513,-0.600431280152819,-0.794892407624722,-1.40792114295332,-1.32985336037928,0.387189772085535,TRUE,0,6,lower,TRUE,TRUE,TRUE,1.3688872516663,6293,TRUE
ENSMUSG00000104781,Gm43303,1.62894138865225,4.62750403940046,0.000688982719096681,0.00130911582325538,-1.48831316884418,-4.86565022396936,0.00000954611264448325,0.0000243910883855481,-1.6124384226422,-2.31531021511566,-1.21064481048969,-1.7610425826909,-1.19820845299015,-0.832234529136479,-1.34043056204068,-1.63619577564768,0.356429050139999,TRUE,0,6,lower,TRUE,TRUE,TRUE,1.48831316884418,6318,TRUE
ENSMUSG00000058498,Rnf207,4.86322730325876,5.64657588709055,0.000361001065835529,0.000710081662700492,1.02338389955856,5.16406472298217,0.0000101252255069474,0.0000258217243852531,1.08975880207667,1.10324187296717,1.00393453950496,1.7505239246916,0.397537551675875,0.795306706435107,0.8304102977525,1.21635750136463,2.03268110822822,TRUE,6,0,higher,TRUE,TRUE,TRUE,1.02338389955856,6330,TRUE
ENSMUSG00000026117,Zap70,1.90608189172502,5.1457308252401,0.000280871596176915,0.000559421366697586,1.40525324540216,4.84468141219009,0.0000102850626602402,0.0000262127828424783,1.05692066939269,1.23017977487955,2.19364031049402,2.56284857758788,0.966480841621904,0.421449298436893,1.40568060716954,1.40482588363478,2.64864271302539,TRUE,6,0,higher,TRUE,TRUE,TRUE,1.40525324540216,6334,TRUE
ENSMUSG00000112329,Gm47908,1.74090059730522,5.70900949490016,0.000108398209989712,0.000227138149515047,1.44037852461878,4.8357395383043,0.0000106169690909162,0.0000270245556661401,0.636502621035493,0.345542813270523,1.04147985017139,2.08365803476074,1.89578711174675,2.63930071672779,1.19125652765121,1.68950052158635,2.71392062172496,TRUE,6,0,higher,TRUE,TRUE,TRUE,1.44037852461878,6342,TRUE
ENSMUSG00000023336,Wfdc1,0.856965024869182,5.53900863108121,0.000144108975926771,0.000298097283237552,-1.80427948733135,-4.83400050503534,0.000010682727323495,0.0000271790807223294,-0.285312906826967,-0.285312906826967,-2.41752897567513,-2.08834002733819,-2.51485766889448,-3.23432443842638,-1.73923318379886,-1.86932579086384,0.286324000759702,TRUE,0,6,lower,TRUE,TRUE,TRUE,1.80427948733135,6345,TRUE
ENSMUSG00000038663,Fsd2,1.63184920734083,5.33197258892581,0.000204463435854117,0.000415437790433355,-1.42965324325141,-4.79970774021949,0.0000120640541138389,0.0000305202986302618,-0.521146599290633,-0.521146599290633,-1.41251908342735,-2.45730663697223,-1.50555829190821,-2.16024224861943,-1.14640799154206,-1.71289849496076,0.371220105973334,TRUE,0,6,lower,TRUE,TRUE,TRUE,1.42965324325141,6381,TRUE
ENSMUSG00000109156,Gm45194,1.9593425572334,5.81294129181015,0.0000911792837347516,0.000192683227821717,-1.49055457514426,-4.79725694338492,0.0000121692134297193,0.0000307815124406078,-0.743167584186515,-1.27729334338458,-2.11942625525313,-3.1217551780672,-0.417057998823549,-1.2646270911506,-1.09321727942106,-1.88789187086746,0.355875723192815,TRUE,0,6,lower,TRUE,TRUE,TRUE,1.49055457514426,6382,TRUE
ENSMUSG00000030518,Fam189a1,2.52842191058479,4.87490759799561,0.00044778960647663,0.00087029468063475,-1.27950587973256,-4.79197640196174,0.0000123988523004831,0.0000313329168263461,-1.74125397164527,-1.89392031674298,-1.63512371536101,-1.67984149247534,-0.22926354615284,-0.497632236017948,-1.20188041105304,-1.35713134841209,0.411936571956402,TRUE,0,6,lower,TRUE,TRUE,TRUE,1.27950587973256,6388,TRUE
ENSMUSG00000025163,Cd7,2.21293639962094,5.11190088672152,0.000297631715578594,0.000591416640150818,1.38190289804966,4.78320725439482,0.0000127896116371558,0.0000322597969779071,0.383427654444376,0.53344250884188,2.01940045023021,1.24379429770745,1.86069436169435,2.25065811537968,1.42117415545631,1.342631640643,2.60611888553404,TRUE,6,0,higher,TRUE,TRUE,TRUE,1.38190289804966,6400,TRUE
ENSMUSG00000029158,Yipf7,1.93791301834848,4.12105849553803,0.00168739583560877,0.0030387807869514,-1.33241217562358,-4.77896655068943,0.0000129828812672195,0.0000327319463215251,-1.38687472674343,-1.33917851626822,-1.29461629141578,-1.56647713170904,-0.859201074670698,-1.54812531293431,-1.18023069760997,-1.48459365363719,0.397103731950512,TRUE,0,6,lower,TRUE,TRUE,TRUE,1.33241217562358,6403,TRUE
ENSMUSG00000113011,Gm1995,2.53805028338095,3.98882599319076,0.00213807547100619,0.00378121738918197,1.34309572091374,4.77384101470427,0.0000132202965321569,0.0000333096998468252,1.33684570690646,1.46289126839906,1.68484106552799,1.46380899581959,0.888435857597218,1.22175143123211,1.30337421001056,1.38281723181692,2.53695111642939,TRUE,6,0,higher,TRUE,TRUE,TRUE,1.34309572091374,6407,TRUE
ENSMUSG00000110597,Gm8798,2.70639040691346,4.46628251585862,0.000914533176836186,0.00171129118739615,1.13907806954188,4.76861519180832,0.0000134667321159614,0.0000339041572906994,1.05818039677522,0.967914890191574,1.59086536116928,1.82998524776111,0.880854104509094,0.50666841684498,1.17663328748453,1.10152285159922,2.20240237307485,TRUE,6,0,higher,TRUE,TRUE,TRUE,1.13907806954188,6412,TRUE
ENSMUSG00000031621,Isx,2.1253855552799,5.90276914145428,0.0000785703897184157,0.000167330052931977,-1.23784728722081,-4.76291844177219,0.0000137404993836395,0.000034555675580323,-0.100065619541753,-0.613275623257233,-1.79086026418916,-2.49892328577548,-0.843950922248734,-1.58000800831252,-0.911625601993216,-1.56406897244841,0.424004861887176,TRUE,0,6,lower,TRUE,TRUE,TRUE,1.23784728722081,6419,TRUE
ENSMUSG00000024033,Rsph1,2.1047674112605,4.43074856481631,0.000973678694052452,0.00181418457503333,-1.54004354964103,-4.76090305343417,0.0000138386510586054,0.0000347754271542757,-1.1800863211313,-1.69834694806481,-1.20471109162619,-1.68110503803633,-1.22175284595295,-2.2542590530346,-1.20218341957015,-1.87790367971191,0.343875074058368,TRUE,0,6,lower,TRUE,TRUE,TRUE,1.54004354964103,6424,TRUE
ENSMUSG00000064246,Chil1,2.46659949963315,6.72582191897474,0.000020684357933132,0.0000471487701376094,-1.13809702195931,-4.7580367354274,0.0000139794270453574,0.0000351073258856883,-0.483153958133311,-1.2496544422162,-1.44015257794032,-2.46352574604797,-0.0845482515882194,-1.10754715582983,-0.669284929220616,-1.606909114698,0.454358501361509,TRUE,0,6,lower,TRUE,TRUE,TRUE,1.13809702195931,6428,TRUE
ENSMUSG00000102403,Gm38187,3.15520370478085,4.18205292478316,0.00151342825765616,0.00274539525377496,1.14650478553262,4.74171998958196,0.0000148079100380714,0.0000371186477864264,0.773091685183871,1.01670885726653,1.28902883512065,1.77339310094201,1.06503241691147,0.961773817771182,1.04238431240533,1.25062525865991,2.21376914785923,TRUE,6,0,higher,TRUE,TRUE,TRUE,1.14650478553262,6440,TRUE
ENSMUSG00000110623,Gm32005,2.85072181019197,5.75490942070976,0.000100415071781974,0.000211150254497383,1.26232290946286,4.7375111182852,0.0000150292951932232,0.0000376443618780763,1.35568584751254,2.33545389072628,0.0841692529989588,0.871439254872712,1.10159451040098,1.82559470026567,0.84714987030416,1.67749594862155,2.39881667972564,TRUE,6,0,higher,TRUE,TRUE,TRUE,1.26232290946286,6445,TRUE
ENSMUSG00000054404,Slfn5,3.94152983617377,4.30888821835664,0.00184534918846593,0.00329894484489541,-1.17822167517708,-4.9003640039439,0.0000152936257503114,0.0000382648791827771,-0.954771667231206,-1.39368180896883,-1.24412358205989,-1.46989352979408,-0.846562266662759,-1.16029719634574,-1.01515250531795,-1.34129084503622,0.441895861458767,TRUE,0,6,lower,TRUE,TRUE,TRUE,1.17822167517708,6451,TRUE
ENSMUSG00000086932,Gm22000,1.98379187611622,5.75915579838731,0.0000997077442814617,0.000209744867857133,-1.36683616616801,-4.72378008351309,0.0000157742965215648,0.0000393942556849661,-1.00429373591589,-2.35099530649955,-1.63958969860993,-2.207690188634,-0.176248076518884,-0.822199990829795,-0.940043837014898,-1.79362849532111,0.387740632871434,TRUE,0,6,lower,TRUE,TRUE,TRUE,1.36683616616801,6464,TRUE
ENSMUSG00000106108,Gm43221,3.61908320830284,5.08371089648411,0.000312379929446148,0.000619350184358778,1.00569421701258,4.71429367945019,0.0000163099770886806,0.0000406502949116212,1.14901389500278,0.781324301627535,0.432403305815988,1.5826222753747,0.938981218367302,1.1498203058872,0.840132806395356,1.17125562762981,2.00790945971133,TRUE,6,0,higher,TRUE,TRUE,TRUE,1.00569421701258,6477,TRUE
ENSMUSG00000068697,Myoz1,2.16880631941776,4.84775942322796,0.000469366808343747,0.000909493264565251,-1.34605873894722,-4.71343129269928,0.0000163595477430991,0.000040761256245848,-0.951272164594356,-1.58470810286724,-1.1216424726936,-2.29646042245365,-0.856381618771205,-1.26588765230329,-0.976432085353055,-1.71568539254139,0.393365206590337,TRUE,0,6,lower,TRUE,TRUE,TRUE,1.34605873894722,6479,TRUE
ENSMUSG00000034990,Otoa,2.48544380593478,5.43259479425853,0.000172424279532189,0.000353498240346474,-1.28669041401846,-4.70573935593836,0.0000168082549461007,0.0000418276028356565,-0.871278272696765,-0.865682379620639,-0.958993538778767,-1.69723178130916,-0.92934576314345,-2.39761074856196,-0.919872524872994,-1.65350830316392,0.409890252178026,TRUE,0,6,lower,TRUE,TRUE,TRUE,1.28669041401846,6487,TRUE
ENSMUSG00000021575,Ahrr,2.51844997963536,5.81578700183191,0.0000919796578943252,0.000194298301149973,-1.41618740939116,-4.70397628068521,0.0000170762854309585,0.0000424749577368202,-1.76024426944432,-0.807903005000756,-2.51502267537468,-0.606303105436437,-1.48652894842597,-1.32112245266478,-1.92059863108166,-0.911776187700657,0.374701222729975,TRUE,0,6,lower,TRUE,TRUE,TRUE,1.41618740939116,6490,TRUE
ENSMUSG00000010021,Kif19a,1.16497171850677,4.17406137463422,0.00153513713809889,0.00278133769027277,-1.46706437552346,-4.68525598150587,0.0000180626692473464,0.0000448179633661101,-1.32181641307431,-0.976273599803791,-1.62169593000646,-2.28114575985986,-1.50936296072728,-1.09209158966903,-1.48429176793602,-1.4498369831109,0.361717580649599,TRUE,0,6,lower,TRUE,TRUE,TRUE,1.46706437552346,6506,TRUE
ENSMUSG00000110887,Cbx3-ps8,1.45750516702658,4.32778792763066,0.00116813347045391,0.00215166346571628,1.50801203593067,4.67603122057589,0.0000186570666123482,0.0000462217658568351,1.08390291785768,0.678518970305414,2.1932319803551,1.55189913540807,1.47960917326067,2.06091003839708,1.58558135715782,1.43044271470352,2.84417854912264,TRUE,6,0,higher,TRUE,TRUE,TRUE,1.50801203593067,6515,TRUE
ENSMUSG00000046005,D830044D21Rik,2.0334206277849,5.86756004187524,0.000083284043111472,0.000176925162251414,-1.48453433025293,-4.67463770345469,0.0000187485046383855,0.0000464340457774559,-1.09327307398819,-2.48129736643424,-0.794366175552762,-2.51881383949287,-0.932016762872036,-1.08743876317749,-0.939885337470995,-2.02918332303486,0.357363865397844,TRUE,0,6,lower,TRUE,TRUE,TRUE,1.48453433025293,6518,TRUE
ENSMUSG00000091383,Hist1h2al,2.76568547151458,5.03162096947497,0.000341635996669193,0.00067379717705935,1.16495186675162,4.66695659209367,0.0000192604308064797,0.0000476215552931538,1.85733950970165,1.77030444194317,0.927870149695034,1.67191520530554,0.561345731931479,0.200936161932867,1.11551846377606,1.21438526972719,2.24225734542338,TRUE,6,0,higher,TRUE,TRUE,TRUE,1.16495186675162,6529,TRUE
ENSMUSG00000020553,Pctp,2.57546040307088,6.59029461705216,0.0000304508608120202,0.0000679618755825304,-1.44756495400494,-4.69395194533927,0.0000193404058674709,0.0000477973318920058,-0.318219408124051,-1.98068876134651,-2.03662014059109,-2.58149357338568,-0.165051497230354,-1.60331634335193,-0.839963681981833,-2.05516622602804,0.366639733172469,TRUE,0,6,lower,TRUE,TRUE,TRUE,1.44756495400494,6532,TRUE
ENSMUSG00000022598,Psca,0.925908408875397,5.94268524777242,0.0000735569885620853,0.000157338076899131,-1.65626988163671,-4.65949822654396,0.0000197705745368419,0.000048808133468151,-0.350847574943247,-0.986445879403498,-1.04505555281801,-1.25271556194636,-2.44823345012008,-3.85432127058908,-1.28137885929378,-2.03116090397965,0.317258367161838,TRUE,0,6,lower,TRUE,TRUE,TRUE,1.65626988163671,6539,TRUE
ENSMUSG00000103691,Gm38019,2.04621044874897,4.02963461542402,0.00198721170302061,0.00353493757816658,1.36308400453812,4.65026602447399,0.0000204203622270056,0.0000503506808355815,1.81114589807845,1.15128953048233,1.36122592112269,1.16409008333645,1.04099049817836,1.64976209603044,1.40445410579317,1.32171390328308,2.57234474372668,TRUE,6,0,higher,TRUE,TRUE,TRUE,1.36308400453812,6547,TRUE
ENSMUSG00000089817,Gm7162,2.9223434021039,5.30160201151273,0.00032325028277884,0.000639645662527434,-1.43951447938593,-4.75037910976097,0.0000205284270810349,0.000050609407203596,-0.736523706719928,-2.1598778107828,-2.10057164524596,-2.04543505039102,-0.532174992094471,-1.06250367108139,-1.12309011468679,-1.75593884408507,0.36869136182169,TRUE,0,6,lower,TRUE,TRUE,TRUE,1.43951447938593,6548,TRUE
ENSMUSG00000041078,Grid1,1.79447698175109,5.79942962949103,0.0000932485972711174,0.000196850020367157,1.4089759795349,4.64477652347712,0.0000208165733032253,0.0000512962819163435,1.19773271191421,0.279352784830924,2.17586537517058,1.30176723392082,0.981385181589066,2.5177525897838,1.45166108955795,1.36629086951185,2.65548610330294,TRUE,6,0,higher,TRUE,TRUE,TRUE,1.4089759795349,6551,TRUE
ENSMUSG00000059325,Hopx,5.40958837253858,6.10525107773412,0.00050130314872702,0.000968238421859331,1.22113177368991,5.23777197707903,0.0000209513873248203,0.0000516127339515601,1.53673379398746,0.521519399058588,1.72479822065413,0.995644494800218,0.974621555949057,1.57347317768999,1.41205119019688,1.03021235718293,2.33129532370633,TRUE,6,0,higher,TRUE,TRUE,TRUE,1.22113177368991,6553,TRUE
ENSMUSG00000104432,A430027C01Rik,2.53322797866723,4.84572046314527,0.000497620972167554,0.000961701826134421,1.42460188234573,4.63501178284577,0.0000226861830703814,0.0000556993236966033,0.985927122988004,0.21187783101834,1.25090163080326,1.60678467113254,1.95716854634931,2.5349514917829,1.39799910004686,1.45120466464459,2.6844041309361,TRUE,6,0,higher,TRUE,TRUE,TRUE,1.42460188234573,6575,TRUE
ENSMUSG00000096049,Gm2075,1.67135963339738,6.07573809163374,0.0000590966349235603,0.000127710438764529,1.33253987024225,4.61339660735636,0.00002322982654434,0.0000569561193659295,1.40594787523968,1.25479579290752,3.10533064061619,1.67013122208257,0.344954604312818,0.214079086294702,1.61874437338956,1.04633536709493,2.51845660117534,TRUE,6,0,higher,TRUE,TRUE,TRUE,1.33253987024225,6584,TRUE
ENSMUSG00000089769,Gm16574,2.43599477596467,4.57024956708882,0.000761715974599056,0.00143935163033508,-1.2548724853586,-4.59722212389852,0.000024578330066085,0.0000601436989929983,-1.42006242157572,-1.37514989289992,-1.61090014114908,-1.60597685526478,-0.177741024280563,-1.33940457698155,-1.06956786233512,-1.44017710838208,0.41903060230962,TRUE,0,6,lower,TRUE,TRUE,TRUE,1.2548724853586,6597,TRUE
ENSMUSG00000052373,Mpp3,3.05914237343292,5.16800725628881,0.00041392469275001,0.000808174445460015,-1.3889565378061,-4.7048618459958,0.0000246721639214738,0.000060345870027932,-0.445469426493552,-0.792446839809275,-1.33865013084052,-1.78531627175581,-1.38022894409457,-2.59162761384287,-1.05478283380955,-1.72313024180265,0.381840877539547,TRUE,0,6,lower,TRUE,TRUE,TRUE,1.3889565378061,6600,TRUE
ENSMUSG00000028950,Tas1r1,4.03994661865478,4.78069021109995,0.000787570880107898,0.00148594632042798,-1.06125613286989,-4.7135112842083,0.0000247467592448423,0.0000605099870477869,-0.990096896028946,-1.18683888588103,-1.05500241318331,-1.39174677227481,-0.353418989352508,-1.39043284049874,-0.799506099521587,-1.32300616621819,0.479214632993238,TRUE,0,6,lower,TRUE,TRUE,TRUE,1.06125613286989,6602,TRUE
ENSMUSG00000062345,Serpinb2,2.84199108489686,5.40288361695823,0.000181308629384741,0.00037072390172994,-1.06121857908795,-4.58751194206516,0.0000254242915487035,0.0000621196213819768,-2.25630336835778,-1.58366253127161,-0.943542994097686,-0.45647246832414,-0.817217664468162,-0.310112448008338,-1.33902134230787,-0.783415815868031,0.479227107255327,TRUE,0,6,lower,TRUE,TRUE,TRUE,1.06121857908795,6607,TRUE
ENSMUSG00000015950,Ncf1,2.30400756834056,5.3174859262898,0.000209555918485085,0.000425196228268568,-1.281893362739,-4.58473200439571,0.0000256716720493782,0.0000626860992123903,-0.418436930923942,-1.81333482777776,-0.816123754471452,-1.96728144236222,-1.20033163205838,-1.47585158884026,-0.811630772484592,-1.75215595299341,0.41125543130831,TRUE,0,6,lower,TRUE,TRUE,TRUE,1.281893362739,6611,TRUE
ENSMUSG00000097079,Gm26604,1.68503282337587,4.8042377261955,0.000506206050352932,0.000977006727743588,-1.53275475966002,-4.57722909791891,0.000026351126026561,0.0000643063080040475,-1.1729759664594,-2.32546038183745,-0.90952888501785,-1.70887787280861,-0.940756086792789,-2.13892936504403,-1.00775364609001,-2.05775587323003,0.345616797226227,TRUE,0,6,lower,TRUE,TRUE,TRUE,1.53275475966002,6615,TRUE
ENSMUSG00000024039,Cbs,2.74966203649981,7.54510931218014,0.00000576599978893455,0.000013965571581811,1.11875227550875,4.56241869855755,0.0000277442421982783,0.0000674714223872863,0.452331386387488,1.51863332071435,0.380409878908006,1.99464466615645,0.458084734805687,1.90840966608054,0.43027533336706,1.80722921765045,2.17159079778796,TRUE,6,0,higher,TRUE,TRUE,TRUE,1.11875227550875,6638,TRUE
ENSMUSG00000023078,Cxcl13,2.88645541571163,4.80627422805727,0.000504417867237219,0.000974101679820361,-1.19256038517765,-4.54854986713699,0.0000291137987359533,0.0000706105848849902,-1.36414799769418,-1.85326744552728,-1.5436205850529,-0.884231347513182,-0.235498156477388,-1.27459677880097,-1.04775557974149,-1.33736519061381,0.437525683994981,TRUE,0,6,lower,TRUE,TRUE,TRUE,1.19256038517765,6656,TRUE
ENSMUSG00000090113,Nhlrc4,2.35817425799306,4.35776821855466,0.00143193057797383,0.00260663682005317,-1.61880314118988,-4.62911719007514,0.0000295695050344451,0.000071683514006765,-1.11904748802822,-2.39270973057433,-1.05869093350645,-1.72122114515417,-1.52313685367775,-1.89801269619838,-1.23362509173747,-2.00398119064229,0.325605473921337,TRUE,0,6,lower,TRUE,TRUE,TRUE,1.61880314118988,6659,TRUE
ENSMUSG00000047495,Dlgap2,2.56895265757948,5.68329220744079,0.000114627432815273,0.000239693089111004,-1.34883582191443,-4.53710586748239,0.0000305552426589754,0.0000739399313811783,-1.02316128019532,-1.51068165492464,-0.938776231963518,-2.65365507438199,-0.448275686983607,-1.51846500303748,-0.803404399714148,-1.8942672441147,0.39260873550275,TRUE,0,6,lower,TRUE,TRUE,TRUE,1.34883582191443,6671,TRUE
ENSMUSG00000108195,Gm44415,2.90972213295711,4.14172222554214,0.00162628230025356,0.00293691410370211,1.16591092158819,4.53387570039453,0.0000306346695115535,0.000074109916068486,0.548264972363763,0.788793922417772,1.59047709540246,1.92795671851555,0.874605162949475,1.2653676578801,1.00444907690523,1.32737276627114,2.24374841777189,TRUE,6,0,higher,TRUE,TRUE,TRUE,1.16591092158819,6673,TRUE
ENSMUSG00000027887,Sypl2,0.969318225785215,5.09168111367233,0.000308135668027187,0.000611320555149374,-1.56933573319987,-4.53168383115622,0.0000308683929631149,0.0000746641395869889,-0.285312906826967,-0.285312906826967,-2.02042734664588,-2.36863299890008,-1.63988659815271,-2.81644164184659,-1.31520895054185,-1.82346251585788,0.336963508181964,TRUE,0,6,lower,TRUE,TRUE,TRUE,1.56933573319987,6674,TRUE
ENSMUSG00000038523,1700003F12Rik,2.75072724191072,5.48592383526838,0.000157582393208461,0.000324098939172402,-1.12566045786766,-4.53063278008026,0.0000309810846815887,0.0000749142675276943,-0.410687182023856,-1.63291762868957,-1.0634928735665,-1.63881942998256,-0.471970173832761,-1.53607545911071,-0.648716743141039,-1.60260417259428,0.458292169932687,TRUE,0,6,lower,TRUE,TRUE,TRUE,1.12566045786766,6676,TRUE
ENSMUSG00000032131,Abcg4,3.14108753005115,4.17779401611853,0.00152495820376792,0.00276444697174907,1.11773057023348,4.53056625157231,0.0000309882312291593,0.0000749203260045408,1.57127883975945,1.19063187590791,0.935237816909631,1.52920691026204,1.0173731965373,0.462654782024528,1.1746299510688,1.06083118939816,2.17005343871044,TRUE,6,0,higher,TRUE,TRUE,TRUE,1.11773057023348,6677,TRUE
ENSMUSG00000057722,Lepr,3.33908220730406,4.6768226295336,0.00063204464983321,0.00120703854043032,-1.02098621821289,-4.52854009124581,0.0000312066547961191,0.0000753919527647037,-0.819261639722608,-1.58184144840221,-0.446351770769083,-1.37636115885484,-0.87398407830564,-1.02811721322294,-0.713199162932444,-1.32877327349333,0.492779375873414,TRUE,0,6,lower,TRUE,TRUE,TRUE,1.02098621821289,6681,TRUE
ENSMUSG00000045362,Tnfrsf26,1.96539542038113,4.84138123021321,0.000474588965702199,0.000919060661388028,-1.49007284997631,-4.52632526111777,0.0000314471349885067,0.0000759501945121878,-2.43164431072973,-2.57621056061437,-0.554925974647845,-1.49210555237056,-0.509287211077877,-1.37626349041747,-1.16528583215182,-1.8148598678008,0.355994572230456,TRUE,0,6,lower,TRUE,TRUE,TRUE,1.49007284997631,6684,TRUE
ENSMUSG00000111774,Gm38398,3.34135299795831,7.29037616856338,0.00000853175460823118,0.000020266055715226,-1.03312008788234,-4.52349205892129,0.0000317573920202877,0.0000766651083271278,-0.506593132797928,-2.39284625123225,-1.56472823742568,-1.12397513264876,-0.40312508560414,-0.207452687585282,-0.824815485275915,-1.24142469048876,0.488652206798131,TRUE,0,6,lower,TRUE,TRUE,TRUE,1.03312008788234,6687,TRUE
ENSMUSG00000105689,Gm43120,2.64754877581306,6.20112818651361,0.0000481417697938375,0.000105120058133629,-1.10346797737872,-4.50766684143506,0.0000335460465984525,0.0000807656719222696,-0.713388134850706,-0.587518445894315,-0.671349501921287,-1.3172061977793,-0.813598297848921,-2.51774728597778,-0.732778644873638,-1.4741573098838,0.465396421439462,TRUE,0,6,lower,TRUE,TRUE,TRUE,1.10346797737872,6705,TRUE
ENSMUSG00000035283,Adrb1,2.06810809362931,4.2164264949531,0.00142356821631206,0.00259199884005478,-1.4103307596291,-4.50402241793363,0.0000339716678712731,0.0000817172752862407,-1.13181156212334,-1.82753777497706,-1.68062156708149,-2.29152748946237,-0.602968688235836,-0.927517475894502,-1.13846727248022,-1.68219424677798,0.376225421603795,TRUE,0,6,lower,TRUE,TRUE,TRUE,1.4103307596291,6711,TRUE
ENSMUSG00000010080,Epn3,3.54630113065712,6.02713667725715,0.0000826883861513568,0.000175706017854594,1.1004121768764,4.53219931484935,0.0000359928271309415,0.0000863524150597943,0.437744245252067,1.41317185371303,0.997412124818845,1.93857195448402,0.280079862751819,1.53549302023864,0.57174541094091,1.6290789428119,2.14415942229032,TRUE,6,0,higher,TRUE,TRUE,TRUE,1.1004121768764,6728,TRUE
ENSMUSG00000016496,Cd274,2.9997272678437,5.73359705866363,0.000208141509148118,0.000422432534847632,-1.44913953832059,-4.62279668547945,0.00003693387109217,0.000088486714312986,-0.660208089664724,-1.35603624942122,-1.19626477079947,-2.4821217173115,-0.706537720131353,-2.29366868259525,-0.854336860198514,-2.04394221644266,0.366239794009478,TRUE,0,6,lower,TRUE,TRUE,TRUE,1.44913953832059,6738,TRUE
ENSMUSG00000028417,Tal2,2.54050317914149,4.52404554169905,0.00111942191932312,0.00206878397751954,-1.53469824136379,-4.56993787140719,0.0000370376510124406,0.0000887090208151082,-2.38107998375402,-2.56249287107189,-1.46153968021275,-1.48437913947748,-0.274338415240637,-1.04435935842596,-1.3723193597358,-1.69707712299178,0.345151523778844,TRUE,0,6,lower,TRUE,TRUE,TRUE,1.53469824136379,6739,TRUE
ENSMUSG00000117030,ENSMUSG00000117030,2.38615751450442,5.33531403060199,0.000203306964005952,0.000413296098721583,-1.31900505803536,-4.47889403518006,0.0000370529870473854,0.0000887325871392884,-1.09155313480053,-1.38807149140447,-0.734162657349565,-2.66631578686687,-1.0333930155819,-1.00053426220882,-0.953036269244,-1.68497384682672,0.400811259467809,TRUE,0,6,lower,TRUE,TRUE,TRUE,1.31900505803536,6741,TRUE
ENSMUSG00000055958,Gm9987,2.27193721636078,4.29062316025109,0.0012574589206914,0.00230436591630392,1.43828884555445,4.47959742375722,0.0000372702219106894,0.0000892131068066815,0.16642830045109,1.11845571510219,2.04194094344223,2.01311622040646,1.51317989053178,1.77661200339297,1.2405163781417,1.63606131296721,2.70999247497805,TRUE,6,0,higher,TRUE,TRUE,TRUE,1.43828884555445,6744,TRUE
ENSMUSG00000025196,Cpn1,2.39757346791013,7.90057623105324,0.00000336396326308962,0.00000836096365759133,-1.2733577248337,-4.44109884820661,0.0000422064419516802,0.000100388771537642,-0.676923596506595,-3.22839385146124,-0.45026667044755,-1.68362500612632,-0.959223617342253,-0.641713607118244,-0.695471294765466,-1.85124415490194,0.413695816977192,TRUE,0,6,lower,TRUE,TRUE,TRUE,1.2733577248337,6787,TRUE
ENSMUSG00000030737,Slco2b1,1.14744742515447,5.1417457044114,0.000282794529694532,0.000563181852067461,-1.48514600176585,-4.43071672358881,0.0000437401826486789,0.000103883738192971,-0.928803600289839,-1.58135516136992,-0.855062863234603,-1.48934281730969,-1.07688209533535,-2.9794294730557,-0.953582852953264,-2.01670915057843,0.357212382958384,TRUE,0,6,lower,TRUE,TRUE,TRUE,1.48514600176585,6797,TRUE
ENSMUSG00000087813,Gm22490,1.83795252472201,4.46493176328291,0.000916712864201382,0.00171457487739577,-1.37790270850336,-4.42883880571836,0.0000440233416171638,0.000104510118194982,-1.11052092137314,-2.50165179643215,-1.4463863748381,-1.37442352550809,-0.639379844143297,-1.19505378872538,-1.06542904678485,-1.69037637022187,0.384777752548253,TRUE,0,6,lower,TRUE,TRUE,TRUE,1.37790270850336,6800,TRUE
ENSMUSG00000040528,Milr1,4.94120160890255,9.6477971376328,0.0000132751335125915,0.0000308212973239988,-1.19663919497957,-4.900346864633,0.0000441946491353643,0.000104901370532596,-1.00975490913249,-3.28246975172932,-0.733758916997783,-1.5020134559705,-0.165419384343894,-0.486418751703413,-0.636311070158055,-1.75696731980108,0.436290451550262,TRUE,0,6,lower,TRUE,TRUE,TRUE,1.19663919497957,6801,TRUE
ENSMUSG00000066027,Gm10436,3.12385936003352,5.1085962209158,0.0002993230074532,0.000594630975795842,1.05652233626278,4.41561687529058,0.000046068118088179,0.000109155677425139,1.45516072592376,1.21248832028684,1.59745670572052,2.03411356749221,0.0050529736820808,0.0348617244712628,1.01922346844212,1.09382120408344,2.0799117783921,TRUE,6,0,higher,TRUE,TRUE,TRUE,1.05652233626278,6813,TRUE
ENSMUSG00000105342,Gm43244,1.23558872351004,4.47587935839269,0.000899198757067582,0.00168454978940954,-1.43037032825806,-4.40148710746423,0.0000483554395568902,0.000114340392671287,-0.791128175648856,-0.791128175648856,-2.3861858741521,-2.67052007085861,-0.569440030327305,-1.3738196429126,-1.24891802670942,-1.61182262980669,0.371035638556641,TRUE,0,6,lower,TRUE,TRUE,TRUE,1.43037032825806,6827,TRUE
ENSMUSG00000109167,Gm44652,3.15836678918003,3.28513881501793,0.00791202709881448,0.0128082484412517,1.14354450731113,4.39786830926232,0.0000517147096971305,0.000121837501261059,1.2993522786738,1.02294849774857,1.06559529438991,1.2093168967845,1.10826196866488,1.15579210760511,1.15773651390953,1.12935250071273,2.20923135328305,TRUE,6,0,higher,TRUE,TRUE,TRUE,1.14354450731113,6852,TRUE
ENSMUSG00000028931,Kcnab2,2.85357751629957,4.06973517747071,0.00184952958006674,0.00330568600653425,1.05741234523571,4.37760186593858,0.0000524755953398529,0.000123503941619951,0.860345419207574,0.864277376478806,1.22505361745524,1.0954145376134,0.617379183765962,1.68200393689327,0.90092607347626,1.21389861699516,2.08119528682699,TRUE,6,0,higher,TRUE,TRUE,TRUE,1.05741234523571,6859,TRUE
ENSMUSG00000057716,Tmem178b,2.22202035576158,3.86264268092465,0.00268267704380529,0.00467773336769808,1.12751361245379,4.37561451989296,0.0000528333984228806,0.000124309801886104,0.367362381001262,0.642991802291438,1.17163898264878,1.63332103692741,1.50272465420176,1.4470428176521,1.01390867261727,1.24111855229032,2.18481876825096,TRUE,6,0,higher,TRUE,TRUE,TRUE,1.12751361245379,6861,TRUE
ENSMUSG00000011589,Fsd1,1.88854748836841,5.52290448947375,0.000148066453892011,0.000305852433164265,1.40627069948178,4.36850959139878,0.0000541320816331926,0.000127272676056602,0.873885126056356,1.83479883376732,1.36230939533086,2.13430499315812,0.111902343222876,2.12042350535516,0.78269895487003,2.02984244409354,2.65051131501962,TRUE,6,0,higher,TRUE,TRUE,TRUE,1.40627069948178,6866,TRUE
ENSMUSG00000101445,Gm28932,0.938965075558821,6.93364360646661,0.0000148885452333938,0.0000343989960931266,1.56294032435998,4.36288422143289,0.0000551822903579747,0.000129590880600638,0.322044957382002,0.773404422145627,0.348205652254193,1.57998338963587,2.11194015102142,4.24206337372076,0.927396920219206,2.19848372850075,2.95455391246465,TRUE,6,0,higher,TRUE,TRUE,TRUE,1.56294032435998,6874,TRUE
ENSMUSG00000084713,Gm24627,1.49896745208565,4.88382402806166,0.000440926851629906,0.000857576164561635,1.49986419383652,4.35912641410554,0.0000558948499629163,0.000131130731427315,0.694592225096544,2.05242069737461,1.58450254191097,2.62531538619757,0.488236070173787,1.55411824226562,0.922443612393767,2.07728477527927,2.82816088708198,TRUE,6,0,higher,TRUE,TRUE,TRUE,1.49986419383652,6881,TRUE
ENSMUSG00000073568,Arl14epl,2.42252026543895,4.77095230975117,0.000664191756691923,0.00126483986413563,-1.4748860019458,-4.40338459932512,0.0000574377723814163,0.000134593984548295,-1.85692442002791,-3.12964609189436,-0.918769679609435,-1.3712889477955,-0.586360980380791,-0.986325891966824,-1.12068502667271,-1.82908697721889,0.359761821334085,TRUE,0,6,lower,TRUE,TRUE,TRUE,1.4748860019458,6889,TRUE
ENSMUSG00000114274,Gm35333,2.11654503724477,3.3996454025561,0.00624584302672596,0.0102863338074309,1.45317840634295,4.34665418009677,0.0000587654791102109,0.000137625290769786,1.24826309128225,1.23788424087255,1.18719706114814,1.87699266093599,1.42112843927008,1.74760494454869,1.28552953056682,1.62082728211908,2.73810620453726,TRUE,6,0,higher,TRUE,TRUE,TRUE,1.45317840634295,6893,TRUE
ENSMUSG00000027713,1810062G17Rik,2.78095634015015,5.93633768064643,0.0000765644780537315,0.000163316644981684,1.22696720129196,4.34669656263555,0.000059256708893824,0.000138614845916969,0.312058767864091,0.409616200498111,0.792538765277362,1.3555455893204,1.44169261514057,3.05035126965125,0.848763382760674,1.60517101982325,2.34074406709152,TRUE,6,0,higher,TRUE,TRUE,TRUE,1.22696720129196,6901,TRUE
ENSMUSG00000031762,Mt2,3.18921665955569,3.49560950121723,0.00521728837083368,0.00869530107065538,1.03421186671903,4.34179149981063,0.0000592993916338675,0.00013869459274783,0.632497741199259,1.24898451792608,1.18563893672161,1.09934133023,1.14847547263191,0.890333201605344,0.988870716850925,1.07955301658714,2.04799453664099,TRUE,6,0,higher,TRUE,TRUE,TRUE,1.03421186671903,6902,TRUE
ENSMUSG00000086098,Gm14291,2.97274809186684,5.74618411282649,0.000101884698862684,0.000214156861164102,-1.09069470420233,-4.31670902110954,0.000064584719644229,0.000150446050392033,-0.714680264615097,-2.36225661266466,-1.26883586194225,-1.58178785448136,-0.296886327886972,-0.319721303623618,-0.760134151481439,-1.42125525692321,0.469535223804846,TRUE,0,6,lower,TRUE,TRUE,TRUE,1.09069470420233,6930,TRUE
ENSMUSG00000021211,Akr1c12,2.60542244446173,3.87828756014195,0.00260811948759196,0.00455313862746804,1.09567018483464,4.30545307274803,0.0000671027371841251,0.00015586179659904,0.720502197701086,0.987193702415175,1.945419301226,1.61204548068618,0.799434497444856,0.509425929534547,1.15511866545731,1.03622170421197,2.13712335783504,TRUE,6,0,higher,TRUE,TRUE,TRUE,1.09567018483464,6950,TRUE
ENSMUSG00000027489,Necab3,2.93982024886114,3.58094087683034,0.0044669355150399,0.00751064889274961,-1.04672744764315,-4.29732741493168,0.0000689794873824903,0.000159852980880784,-1.41704106543229,-0.804739124265877,-1.39200086631687,-0.839367829171037,-0.925844602577829,-0.901371198095017,-1.244962178109,-0.84849271717731,0.484064953826682,TRUE,0,6,lower,TRUE,TRUE,TRUE,1.04672744764315,6966,TRUE
ENSMUSG00000086655,C330018A13Rik,2.54899515943668,3.63639188936725,0.00403899092006976,0.00683381515802181,1.24341894455065,4.29316866426858,0.0000699596374766876,0.00016198485768591,0.406882526579407,0.810176156786554,1.63023320495194,1.7932802767836,1.26822963700158,1.55171186520083,1.10178178951097,1.38505609959033,2.36758946854956,TRUE,6,0,higher,TRUE,TRUE,TRUE,1.24341894455065,6972,TRUE
ENSMUSG00000103313,Gm38357,1.9877403495112,4.13547971566142,0.00164450276249232,0.00296749475686492,-1.45583553528959,-4.29005648484159,0.0000707019608461581,0.000163680159750399,-0.873285327021293,-2.38264017223901,-1.47844370880646,-1.9415506653687,-0.878430191605405,-1.18066314669666,-1.07671974247772,-1.83495132810146,0.364543899702233,TRUE,0,6,lower,TRUE,TRUE,TRUE,1.45583553528959,6973,TRUE
ENSMUSG00000078349,AW011738,2.70538162831917,3.5699380939377,0.00455717988459479,0.00765520862403888,1.14566507146855,4.28072152008486,0.000072974717546452,0.000168723985298249,0.689709993352994,1.4917038697569,1.16694645530946,1.43098192232847,0.870122436806396,1.22452575125708,0.908926295156283,1.38240384778081,2.21248100854456,TRUE,6,0,higher,TRUE,TRUE,TRUE,1.14566507146855,6982,TRUE
ENSMUSG00000042306,S100a14,2.11981503833143,4.06068463138309,0.00187972897077225,0.00335483303208142,-1.26527131532866,-4.27279875984396,0.0000749591529739881,0.000173138590135798,-1.80381031449709,-1.68789135655146,-1.09048584052749,-1.33819277780461,-0.221247654887927,-1.44999994770339,-1.03851460330417,-1.49202802735315,0.416021122460924,TRUE,0,6,lower,TRUE,TRUE,TRUE,1.26527131532866,6989,TRUE
ENSMUSG00000001588,Acap1,2.83360701474854,3.4758100447457,0.00540895639311141,0.00899431222229063,-1.0005644805789,-4.26784826935916,0.0000762255993565751,0.000176013424461907,-1.13099375387572,-1.32387204535752,-0.913646153181523,-1.19764800327375,-0.452174389598129,-0.985052538186746,-0.832271432218457,-1.16885752893934,0.499804404206823,TRUE,0,6,lower,TRUE,TRUE,TRUE,1.0005644805789,6991,TRUE
ENSMUSG00000011171,Vipr2,2.63544010428222,4.85059186966453,0.000467066655455602,0.000905471000242559,1.10097931698847,4.26607236123103,0.0000766849577629656,0.000176972876793074,1.02384960927663,0.0593566266594996,1.95015559977123,0.887028680398383,1.11093808038793,1.57454730543715,1.36164776314526,0.840310870831677,2.1450024818638,TRUE,6,0,higher,TRUE,TRUE,TRUE,1.10097931698847,6995,TRUE
ENSMUSG00000097892,Gm26801,3.13447233163991,3.48121279451888,0.00638431601844966,0.0104844367737368,-1.23339476665437,-4.3400451835283,0.0000771567974693905,0.000177934597364053,-1.60302434962632,-1.17924454874104,-1.32439222091199,-1.34413645219224,-0.680343766983519,-1.26922726147114,-1.20258677917394,-1.26420275413481,0.425315469164766,TRUE,0,6,lower,TRUE,TRUE,TRUE,1.23339476665437,6999,TRUE
ENSMUSG00000021922,Itih4,2.09724772708707,4.23822523051983,0.00137987201618966,0.00251499084987577,-1.43070730203254,-4.25290742151111,0.0000807408954990868,0.00018580189252199,-0.919111150472883,-0.916150720202904,-2.32667667302344,-2.11895781839316,-0.446501115967913,-1.85684633413491,-1.23076297982141,-1.63065162424366,0.370948984984341,TRUE,0,6,lower,TRUE,TRUE,TRUE,1.43070730203254,7015,TRUE
ENSMUSG00000033082,Clec1a,1.70831962059882,4.21371549528839,0.0014304531804834,0.0026042410840807,-1.31763705522741,-4.21676241783612,0.0000905680074988944,0.000207234492566216,-1.09821574518346,-2.40034442547079,-0.669004798407975,-1.39392766401168,-1.45625468180254,-0.888075016487988,-1.07449174179799,-1.56078236865682,0.401191499890589,TRUE,0,6,lower,TRUE,TRUE,TRUE,1.31763705522741,7055,TRUE
ENSMUSG00000108280,Gm8703,2.0510108604164,4.81065260431736,0.000500595247191178,0.000966986846405072,-1.22446980657101,-4.21405238882579,0.0000913978332294654,0.000209044378269093,-0.946411095663471,-1.59801205596308,-0.705610620108832,-1.48850495734577,-0.485612296889573,-2.12266781345531,-0.712544670887292,-1.73639494225472,0.427954758209516,TRUE,0,6,lower,TRUE,TRUE,TRUE,1.22446980657101,7058,TRUE
ENSMUSG00000045657,Pcdhb10,2.87904318274126,4.45414932317625,0.00093430392890941,0.0017444446361768,1.03533256091582,4.19895801636176,0.0000961564000877053,0.000219337680742663,1.26250182676543,1.89708305505873,0.0595833772882952,1.10070573036985,0.842773692365878,1.04934768364672,0.721619632139867,1.34904548969177,2.04958604919989,TRUE,6,0,higher,TRUE,TRUE,TRUE,1.03533256091582,7077,TRUE
ENSMUSG00000096984,Gm26523,2.64696678378336,5.30515601552436,0.000213992761692406,0.000433817047846352,1.11958134759166,4.19507030445787,0.0000974203847942062,0.000222064003351154,0.953392322768489,2.00934343572672,0.386452802726431,1.64029631715932,0.341751289130039,1.38625191803897,0.56053213820832,1.678630556975,2.17283910229623,TRUE,6,0,higher,TRUE,TRUE,TRUE,1.11958134759166,7082,TRUE
ENSMUSG00000038257,Glra3,2.45386060730558,9.10830882544235,0.00000395325612300609,0.00000975801431096135,1.68096807146247,4.35920572854164,0.000100198444935176,0.000228042224247644,0.0781250882722877,2.75735407187108,0.690816670371789,2.97095806566101,0.320690961119777,3.26786357147885,0.363210906587951,2.99872523633698,3.20643035473855,TRUE,6,0,higher,TRUE,TRUE,TRUE,1.68096807146247,7093,TRUE
ENSMUSG00000091455,Otogl,2.81635710738416,4.43556904574489,0.00111265989626591,0.00205746491471026,-1.25017173722365,-4.22126049741008,0.00010044127144204,0.000228562650816021,-1.75201157944564,-1.01326596200476,-1.0861877174144,-2.37298042344673,-0.521202946090157,-0.755381794940188,-1.11980074765007,-1.38054272679723,0.420398160799024,TRUE,0,6,lower,TRUE,TRUE,TRUE,1.25017173722365,7094,TRUE
ENSMUSG00000099238,Mir7001,2.64585024764406,3.75882134781904,0.00323562422207725,0.00557029773029679,-1.04173293960075,-4.16648034259338,0.00010722302343313,0.000243001722207078,-1.35742350291453,-1.64363648136756,-0.431388158107859,-0.661867784599886,-0.705774442319565,-1.45030726829509,-0.831528701113986,-1.25193717808751,0.485743656507772,TRUE,0,6,lower,TRUE,TRUE,TRUE,1.04173293960075,7123,TRUE
ENSMUSG00000117104,ENSMUSG00000117104,1.53979849634738,3.23995185766959,0.00832389297533488,0.01342517777009,-1.38899151568607,-4.16542412561866,0.000107602886205408,0.000243759948360077,-1.04062172551372,-1.11689646399169,-1.81586266463797,-2.13324641287471,-0.929280636369614,-1.29804119072869,-1.2619216755071,-1.51606135586503,0.381831619988854,TRUE,0,6,lower,TRUE,TRUE,TRUE,1.38899151568607,7126,TRUE
ENSMUSG00000026610,Esrrg,2.62928867726633,4.04673451929955,0.0019272653847013,0.00343473670846026,-1.16304363235727,-4.15268967254972,0.000112286588193087,0.000253835932390562,-0.218669631248859,-1.09572625105979,-0.875630614808878,-1.39143529125691,-1.36384799916564,-2.03295200660355,-0.819382748407793,-1.50670451630675,0.446569420084947,TRUE,0,6,lower,TRUE,TRUE,TRUE,1.16304363235727,7141,TRUE
ENSMUSG00000084772,Gm15473,2.57587826931536,3.79711438196384,0.00301930640888037,0.00522463965682879,1.11592335598849,4.14751130368457,0.000114247109968893,0.000258051083843269,0.460595364923695,1.47446638082564,1.63452603717964,1.38150449116188,0.64278946554551,1.1016583962946,0.912636955882946,1.31920975609404,2.16733678960599,TRUE,6,0,higher,TRUE,TRUE,TRUE,1.11592335598849,7147,TRUE
ENSMUSG00000101394,Gm28183,2.0664656593064,4.33755558447279,0.00114809250790176,0.00211764823526714,1.22450144710613,4.14418965673639,0.000115522081702505,0.000260821393695599,0.177197087747083,0.511258539499111,2.03265495544136,2.12372180710536,0.759854971066601,1.74232132177723,0.989902338085014,1.45910055612724,2.33674684672772,TRUE,6,0,higher,TRUE,TRUE,TRUE,1.22450144710613,7150,TRUE
ENSMUSG00000020891,Alox8,1.63201308908497,7.71792650820179,0.00000443204809906567,0.0000108601324321823,1.32370206012724,4.13903899574437,0.000117526375697921,0.000265087087172214,0.161397198802649,1.75443917594359,0.353482142860339,2.56014860474637,0.525010327042567,2.58773491136794,0.346629889568518,2.30077423068597,2.50307593823959,TRUE,6,0,higher,TRUE,TRUE,TRUE,1.32370206012724,7157,TRUE
ENSMUSG00000057816,1700007G11Rik,1.40252771281774,4.43309426784429,0.000969656359698499,0.00180710720556602,-1.47424848185612,-4.13010026447703,0.000121084894188084,0.000272732446892457,-1.94838612594092,-2.72507208546714,-0.822177322286862,-2.26113871328713,-0.64171246079202,-0.447004183362647,-1.1374253030066,-1.81107166070564,0.359920833505814,TRUE,0,6,lower,TRUE,TRUE,TRUE,1.47424848185612,7167,TRUE
ENSMUSG00000076439,Mog,1.98630254944619,4.06369183635915,0.00186963928790371,0.00333740011098204,-1.36633710036955,-4.12612887144302,0.00012269915806324,0.000276252790601797,-1.08241322017186,-1.51115135481254,-1.54694562653695,-1.72507057712866,-0.32143116798368,-2.01101065558365,-0.983596671564162,-1.74907752917495,0.387874785659553,TRUE,0,6,lower,TRUE,TRUE,TRUE,1.36633710036955,7170,TRUE
ENSMUSG00000079593,Gm14597,2.47038639263546,4.79379527868847,0.000515477782723243,0.000994069746326761,1.13204737118574,4.12368710083078,0.000123701988542898,0.000278355338869251,2.01414421644951,2.2750343957456,0.143704079761628,0.867356284901408,0.281349067339239,1.21069618291708,0.813065787850127,1.45102895452136,2.19169549648229,TRUE,6,0,higher,TRUE,TRUE,TRUE,1.13204737118574,7174,TRUE
ENSMUSG00000023999,Kif6,2.3346743641554,3.64327090116703,0.00398888851602029,0.00675896161584083,1.23025586738138,4.11339452162561,0.000128016985297596,0.000287623965714557,1.54067286278075,1.1612697195307,1.52006193375704,1.74978448756126,0.213724710246605,1.19602149041193,1.09148650226146,1.3690252325013,2.34608594871885,TRUE,6,0,higher,TRUE,TRUE,TRUE,1.23025586738138,7185,TRUE
ENSMUSG00000047696,Ccdc144b,1.10434751173148,3.83438098885127,0.00282290933849759,0.00490318758891399,-1.41055583486113,-4.11195794284583,0.000128630708053986,0.000288872101341003,-0.658588080648027,-0.288846912790817,-1.2733231155624,-1.82832569691357,-1.89763376089018,-2.51661744236178,-1.2765149857002,-1.54459668402206,0.376166731155288,TRUE,0,6,lower,TRUE,TRUE,TRUE,1.41055583486113,7188,TRUE
ENSMUSG00000088768,Gm25494,2.24979934905422,4.81572350803705,0.000496205078164259,0.00095953983909986,-1.14453530330249,-4.11192669401823,0.000128644089484016,0.000288872101341003,-0.529499453139603,-1.75803711711919,-0.997903706049503,-1.0344998946751,-0.53882113390649,-2.00845051492507,-0.688741431031866,-1.60032917557312,0.452335363988848,TRUE,0,6,lower,TRUE,TRUE,TRUE,1.14453530330249,7188,TRUE
ENSMUSG00000065599,Mir23b,2.87015851813679,3.92348443204401,0.00240436411560507,0.00422071008245027,1.03876532491289,4.10373186472637,0.00013220016611442,0.000296403789109039,1.90768742517777,1.32114270669467,1.38370149035818,0.925210025860855,0.218928864013587,0.475921437372264,1.17010592651651,0.907424723309262,2.05446866271521,TRUE,6,0,higher,TRUE,TRUE,TRUE,1.03876532491289,7200,TRUE
ENSMUSG00000085257,Gm13264,2.55603604416502,7.79283295974801,0.00000395700442616504,0.0000097642804114311,-1.18721966986668,-4.10346369544948,0.000132318127771067,0.000296627070769107,-0.256695907566306,-2.37103906690062,-0.763841874733615,-2.61489993190968,-0.00256099685664957,-1.1142802412332,-0.341032926385523,-2.03340641334784,0.439148362740138,TRUE,0,6,lower,TRUE,TRUE,TRUE,1.18721966986668,7201,TRUE
ENSMUSG00000102676,Gm37435,2.41148022037695,5.29602633626622,0.000217340081949368,0.000440050287584178,-1.20455729542585,-4.10227186222835,0.000132843621180604,0.000297722417981186,-1.25002421214632,-2.76174866621252,-0.217990589998392,-1.45918927122137,-0.667060345849038,-0.87133068712747,-0.711691715997918,-1.69742287485379,0.433902470212961,TRUE,0,6,lower,TRUE,TRUE,TRUE,1.20455729542585,7203,TRUE
ENSMUSG00000035277,Arx,2.05764430905631,3.72055309217683,0.0034675709616674,0.00593668448766539,-1.08487239955028,-4.09948222631173,0.000134081507360443,0.000300296342560499,-0.813457256984617,-0.44124653579059,-1.73788689282387,-1.71562574342921,-0.535534824317319,-1.26548314395609,-1.02895965804193,-1.14078514105863,0.471433962512551,TRUE,0,6,lower,TRUE,TRUE,TRUE,1.08487239955028,7207,TRUE
ENSMUSG00000105326,6030400A10Rik,2.83817539758943,3.33456564795642,0.00700017828820745,0.0114249194324672,1.03438646418352,4.09035317403077,0.000138210944583085,0.000309193358980702,0.857878604303838,1.18893828473245,1.43288032478983,1.55326521878452,0.382915910095917,0.790440442394571,0.891224946396527,1.17754798197051,2.04824240350216,TRUE,6,0,higher,TRUE,TRUE,TRUE,1.03438646418352,7216,TRUE
ENSMUSG00000104140,Gm37140,3.03158994665276,3.52213286507185,0.0049712738967029,0.00831360970832643,-1.04773236629064,-4.08044423232101,0.000142832292963526,0.000319045482954228,-1.15198919225686,-0.929074269887177,-1.40839970010952,-1.72779963584746,-0.252490910255041,-0.816640489387778,-0.937626600873805,-1.15783813170747,0.483727892628225,TRUE,0,6,lower,TRUE,TRUE,TRUE,1.04773236629064,7227,TRUE
ENSMUSG00000118273,ENSMUSG00000118273,2.013741480243,3.71000171169492,0.0035344492730167,0.00604413290405811,1.31785466661969,4.07774527428714,0.000144116699644866,0.000321691908513145,1.1525260259811,1.89694220229241,0.686382482621363,1.82471030374279,0.851988387051758,1.49457859802872,0.896965631884741,1.73874370135464,2.49295124241717,TRUE,6,0,higher,TRUE,TRUE,TRUE,1.31785466661969,7232,TRUE
ENSMUSG00000017692,Rhbdl3,2.84647839284258,3.68586895377623,0.00369238451629618,0.0062922161138572,1.02083756383695,4.07612801882047,0.000144891676451917,0.000323287675599626,0.61613874731793,0.405699392051647,1.01366012476979,1.86163583119406,1.03218530230051,1.19570598538777,0.887328058129408,1.15434706954449,2.02909661991144,TRUE,6,0,higher,TRUE,TRUE,TRUE,1.02083756383695,7233,TRUE
ENSMUSG00000105102,Gm35507,2.21343486175691,4.07505148386301,0.00183202160250238,0.00327657043310391,-1.19824049460599,-4.07300212624039,0.000146401012947419,0.000326474865590576,-2.19996995526779,-1.7439853839899,-0.185977261284955,-1.30412744007546,-0.994057174489688,-0.761325752528157,-1.12666813034748,-1.2698128588645,0.435806465577947,TRUE,0,6,lower,TRUE,TRUE,TRUE,1.19824049460599,7239,TRUE
ENSMUSG00000108530,4930429H19Rik,1.55916474639387,4.65796923745277,0.000653219269572992,0.00124570805300848,-1.31037117564937,-4.06586486447243,0.000149904409707832,0.000333826305133609,-0.557484819284583,-1.63140020263031,-1.47653042249823,-2.83566967542613,-0.458079466693609,-0.903062467363327,-0.830698236158806,-1.79004411513992,0.403217126822657,TRUE,0,6,lower,TRUE,TRUE,TRUE,1.31037117564937,7249,TRUE
ENSMUSG00000027556,Car1,1.8666581635584,5.346638001454,0.00019943744653675,0.000405838736851476,1.27010011972136,4.06568365270978,0.000149994405513912,0.000333980646649805,0.992776431345812,2.12444624974992,0.506817854209011,2.25515009482319,0.280630070197867,1.46078001800237,0.59340811858423,1.9467921208585,2.41178302177487,TRUE,6,0,higher,TRUE,TRUE,TRUE,1.27010011972136,7250,TRUE
ENSMUSG00000114068,Gm48783,2.66371992077455,3.92905038033914,0.00238041916589515,0.00418276984815995,-1.12929301756322,-4.0618843268615,0.000151893343994329,0.000337789537415685,-1.83115545322053,-1.35852303294229,-0.677588490123356,-1.63798848205928,-0.308770264506123,-0.961732382527705,-0.939171402616671,-1.31941463250976,0.457139688285112,TRUE,0,6,lower,TRUE,TRUE,TRUE,1.12929301756322,7259,TRUE
ENSMUSG00000117901,ENSMUSG00000117901,1.49371316810235,4.47682282892188,0.000897705491008837,0.00168194750944239,-1.31630799026515,-4.06174180829217,0.000151965026230221,0.000337902399233396,-1.08528252279123,-1.68148813579368,-1.10851349446707,-1.8649715401446,-0.169686951375453,-1.98790529701887,-0.787827656211252,-1.84478832431905,0.401561262891318,TRUE,0,6,lower,TRUE,TRUE,TRUE,1.31630799026515,7260,TRUE
ENSMUSG00000075012,Fjx1,2.43196927195322,3.66225018187016,0.00385390468192907,0.00654673085135021,1.1539241117759,4.05753507257993,0.0001540956605438,0.00034240416354557,0.997892198922828,0.741776854001279,1.29105465043259,2.24832012909078,0.721342605736671,0.923158232471248,1.00342981836403,1.30441840518777,2.22518318965348,TRUE,6,0,higher,TRUE,TRUE,TRUE,1.1539241117759,7265,TRUE
ENSMUSG00000098086,1700120C18Rik,1.52342209360329,6.17981936353208,0.0000498443973633073,0.000108648842963411,1.27049898921513,4.04505290768752,0.000160588876861576,0.000355999208895415,1.16261601407803,2.82151933572739,0.348205652254193,1.69249641811608,0.00193745414166741,1.59621906097342,0.504253040157964,2.0367449382723,2.41244991231009,TRUE,6,0,higher,TRUE,TRUE,TRUE,1.27049898921513,7282,TRUE
ENSMUSG00000030317,Timp4,2.34792061413454,4.62113875892003,0.000696704749301098,0.00132316526681972,-1.13513677099831,-4.03582144828097,0.000165560258762468,0.000366466372851023,-1.75118364495502,-1.01037260968741,-0.296717574441634,-1.492411924436,-0.521047786592893,-1.73908708587692,-0.856316335329849,-1.41395720666678,0.455291751984662,TRUE,0,6,lower,TRUE,TRUE,TRUE,1.13513677099831,7293,TRUE
ENSMUSG00000021379,Id4,2.10678646856976,3.66711495501306,0.00382005908808955,0.00649470393460028,-1.31367901125698,-4.03068504142386,0.000168390358100136,0.000372424380163105,-1.51604093064122,-1.06719808953646,-1.03165156647768,-2.38344399890238,-1.02122163602373,-0.862517845960408,-1.18963804438087,-1.43771997813308,0.402293682818326,TRUE,0,6,lower,TRUE,TRUE,TRUE,1.31367901125698,7299,TRUE
ENSMUSG00000117916,ENSMUSG00000117916,1.11048776404561,6.35805334533858,0.0000373105907545226,0.0000824171957512669,-1.37198917561107,-4.02409734672054,0.000172088531240697,0.000380290918524104,-0.92781926947631,-0.594843112441419,-0.155481622725671,-0.0203927855543825,-2.46092224450293,-4.07247601896573,-1.18140771223497,-1.56257063898718,0.386358173617799,TRUE,0,6,lower,TRUE,TRUE,TRUE,1.37198917561107,7305,TRUE
ENSMUSG00000114828,AI463229,2.4322753506004,3.53765755226175,0.00483276987996872,0.00809540356670489,-1.20262993724789,-4.01987600540255,0.000174499378131561,0.00038535478265086,-1.55316133153778,-1.63296633706265,-1.5022318086237,-1.66700155090417,-0.0471117906997867,-0.813306804659268,-1.03416831028709,-1.3710915642087,0.434482526506455,TRUE,0,6,lower,TRUE,TRUE,TRUE,1.20262993724789,7310,TRUE
ENSMUSG00000096169,Olfr1564,2.52119982335164,2.91661397532455,0.0150752974871423,0.0232880887401855,-1.16274808437344,-4.01417360125544,0.000177807891539309,0.000392392726332066,-1.45265961791067,-1.32591647686203,-1.28693454499116,-1.07942438237353,-0.662914659204308,-1.16863882489892,-1.13416960736871,-1.19132656137816,0.446660912886822,TRUE,0,6,lower,TRUE,TRUE,TRUE,1.16274808437344,7315,TRUE
ENSMUSG00000106269,4930580E04Rik,2.69524685435905,3.81790883855924,0.00290806287404314,0.0050429540203758,1.04507589568441,4.01042520983066,0.000180015585167374,0.000396939160136172,0.606544287953467,0.923171689639084,0.544239775280864,1.40429774961885,0.966580845274016,1.82562102634018,0.705788302836116,1.3843634885327,2.06347490872367,TRUE,6,0,higher,TRUE,TRUE,TRUE,1.04507589568441,7321,TRUE
ENSMUSG00000079679,Vwde,2.12527746209282,4.87639843658087,0.000446634567746527,0.0008682588905506,1.16698483431991,4.00038069404434,0.000186062712628478,0.000409825401823102,1.00043676238845,0.869757748954772,0.935178568099856,1.41794925922095,0.373881661059558,2.40470500619587,0.769832330515954,1.56413733812386,2.24541924006743,TRUE,6,0,higher,TRUE,TRUE,TRUE,1.16698483431991,7329,TRUE
ENSMUSG00000047485,Klhl34,0.826099469554926,3.45744617627577,0.00559310631355575,0.00927949796708433,-1.48462692317381,-3.99352802818746,0.000190300210885833,0.000418816128743013,-0.85266952527258,-0.85266952527258,-0.802039355616875,-1.35704193696805,-2.32275130703761,-2.72058988887518,-1.32582006264235,-1.64343378370527,0.357340930334401,TRUE,0,6,lower,TRUE,TRUE,TRUE,1.48462692317381,7335,TRUE
ENSMUSG00000022468,Endou,2.59463746425562,4.49439507221134,0.000870352130263112,0.00163335206217594,1.04061414662344,3.99103962742472,0.000191861889723438,0.000422022957597147,0.605279115085994,1.06379419174392,0.113265980849525,1.45265312733461,1.12832613932057,1.880366325406,0.615623745085364,1.46560454816151,2.05710316342426,TRUE,6,0,higher,TRUE,TRUE,TRUE,1.04061414662344,7339,TRUE
ENSMUSG00000038738,Shank1,2.34982682115142,3.78952280366878,0.00307976125648108,0.00532240509189317,1.25413278431233,3.98724563951346,0.000195383935600657,0.000429536003323085,0.24617138104847,0.712088281749781,2.01135244211377,2.31063032953653,0.776147050473205,1.46840722095221,1.01122362454515,1.49704194407951,2.38523726958278,TRUE,6,0,higher,TRUE,TRUE,TRUE,1.25413278431233,7342,TRUE
ENSMUSG00000114474,Gm34388,2.03183920829006,6.53715179170185,0.0000279581701343415,0.000062758768697114,-1.14789302284684,-3.98516255396778,0.000195599473804145,0.000429951294338277,-0.864806873135293,-2.80240680713769,-0.435470474423886,-0.789636642901433,-0.156771482878868,-1.83826585660387,-0.485682943479349,-1.81010310221433,0.451283825597868,TRUE,0,6,lower,TRUE,TRUE,TRUE,1.14789302284684,7344,TRUE
ENSMUSG00000085779,Atcayos,1.88534656227507,4.2079640893269,0.0014451724963968,0.00262925950741953,-1.21892512055018,-3.98227367182877,0.000197462334954677,0.000433632767402169,-1.11385589083778,-1.11385589083778,-1.06580965776177,-2.57992819729632,-0.406491920745127,-1.03360916582229,-0.862052489781559,-1.5757977513188,0.429602674338965,TRUE,0,6,lower,TRUE,TRUE,TRUE,1.21892512055018,7351,TRUE
ENSMUSG00000074766,Ism1,1.03807372809429,5.68257764998971,0.000113288605312831,0.000237016323945701,1.39160590284138,3.98118246072277,0.000198170431905033,0.000435010236910926,0.351189714208525,0.588074445976225,0.259017781106927,0.743282513504569,2.48708127072788,3.92098969152415,1.03242958868111,1.75078221700165,2.62370570059165,TRUE,6,0,higher,TRUE,TRUE,TRUE,1.39160590284138,7354,TRUE
ENSMUSG00000084350,Znf41-ps,2.86396983118641,3.21777938716319,0.00866909577244206,0.0139387662404912,1.03593646391489,3.92793272395933,0.000235862106697311,0.000513143125123274,1.33260630880459,1.6949851768746,0.989917765612339,1.33972438284934,0.38497994466892,0.473405204679539,0.902501339695283,1.16937158813449,2.05044417251801,TRUE,6,0,higher,TRUE,TRUE,TRUE,1.03593646391489,7420,TRUE
ENSMUSG00000116311,ENSMUSG00000116311,2.30711133323222,4.45201261238907,0.000937830662835562,0.00175031197355081,1.19743309409835,3.92668434668318,0.00023682373729762,0.000515165825521557,1.0930839411748,2.45627999754543,0.715198231082345,1.85473404804203,0.539169637762159,0.52613270898336,0.782483936673102,1.61238225152361,2.29331271591513,TRUE,6,0,higher,TRUE,TRUE,TRUE,1.19743309409835,7421,TRUE
ENSMUSG00000100410,2310020H05Rik,1.36007108885256,3.52344200855037,0.00495944041312339,0.00829467950570357,-1.35053563292236,-3.92570701826306,0.000237579211807585,0.000516669973893284,-0.744828864964361,-1.70891968412543,-1.34698049319571,-1.24154645641055,-0.877779063285093,-2.18315923555304,-0.989862807148388,-1.71120845869634,0.392146428752322,TRUE,0,6,lower,TRUE,TRUE,TRUE,1.35053563292236,7423,TRUE
ENSMUSG00000099998,Gm6501,2.76739793487012,2.96925042492942,0.0136837756134266,0.0213077254487843,1.00688049958995,3.90402744829453,0.000254946724309545,0.000552801204906513,0.601728938073549,0.833132402598919,0.644978041015563,1.16606858494793,1.48535908741031,1.3100159434934,0.910688688833142,1.10307231034675,2.00956117924334,TRUE,6,0,higher,TRUE,TRUE,TRUE,1.00688049958995,7445,TRUE
ENSMUSG00000103473,Gm37696,2.54685749699087,5.97203675041079,0.0000700812910750889,0.00015033699164838,-1.0939689519583,-3.90049631517558,0.000257888846903836,0.000558805322895117,-0.762636651037982,-1.69819175076618,-0.0849008425838091,-2.3184442616886,-1.20473323573354,-0.494906969939673,-0.684090243118444,-1.50384766079815,0.468470805223545,TRUE,0,6,lower,TRUE,TRUE,TRUE,1.0939689519583,7450,TRUE
ENSMUSG00000105403,Gm43618,1.22683643409499,3.84595742368862,0.00276458700491262,0.00481068535305642,1.25603820269277,3.89969685389565,0.000258559476445043,0.000560183281204179,0.636502621035493,0.666130802688008,1.88916735983911,2.69959398762907,0.493997748572781,1.15083669639215,1.00655590981579,1.50552049556974,2.38838961808095,TRUE,6,0,higher,TRUE,TRUE,TRUE,1.25603820269277,7451,TRUE
ENSMUSG00000085606,Gm15792,2.98829322271798,3.36221257370182,0.00698767882218574,0.0114079792907104,-1.07406635400366,-3.9031267807688,0.000270049931248518,0.000584137215616352,-0.446160367189005,-0.399064747267008,-1.38381745407088,-1.96983048003346,-0.967112136275177,-1.27841293918644,-0.932363319178356,-1.21576938882897,0.474978345213016,TRUE,0,6,lower,TRUE,TRUE,TRUE,1.07406635400366,7463,TRUE
ENSMUSG00000097515,1700040D17Rik,0.851749543873777,5.41098770917397,0.00017883966332691,0.000365953693127938,1.39622065242061,3.87784141660638,0.000277556810907763,0.000598930570576663,0.0367320505550349,0.588074445976225,0.659449829853403,1.21449935534682,2.01690020721693,3.86166802557524,0.904360695875123,1.88808060896609,2.6321115865366,TRUE,6,0,higher,TRUE,TRUE,TRUE,1.39622065242061,7481,TRUE
ENSMUSG00000062309,Rpp25,2.44746278896378,3.43503250353532,0.00582650473756171,0.00964590975063672,-1.0565183081145,-3.82715389039338,0.000326921335268061,0.000698283473383457,-1.20517459385581,-1.09014956222721,-0.852594578647673,-1.8448900896087,-0.319961981662952,-1.02633904268463,-0.792577051388811,-1.32045956484018,0.480790965507482,TRUE,0,6,lower,TRUE,TRUE,TRUE,1.0565183081145,7557,TRUE
ENSMUSG00000040706,Agmat,1.75543221746902,3.81140711911108,0.00294238937291351,0.00509919395028909,-1.163456237103,-3.81437415690354,0.000340640142593046,0.000726318032212328,-1.02755670496656,-1.35806330866463,-1.12231201709821,-2.34820473294496,-0.186504616732566,-0.938096042211056,-0.778791112932443,-1.54812136127355,0.446441721360687,TRUE,0,6,lower,TRUE,TRUE,TRUE,1.163456237103,7571,TRUE
ENSMUSG00000023473,Celsr3,2.3594430051633,2.65180159629892,0.0245473160922408,0.0366100631630676,-1.16488904928249,-3.81243847288245,0.000342765680726681,0.000730464209105057,-1.71396863983481,-1.10600743669785,-1.13409711265425,-1.06510331505604,-1.03664154312358,-0.933516248328423,-1.29490243187088,-1.0348756666941,0.445998557989225,TRUE,0,6,lower,TRUE,TRUE,TRUE,1.16488904928249,7575,TRUE
ENSMUSG00000099686,Gm29460,2.48676099782216,4.19874307087097,0.00146909495488002,0.00266797163422524,-1.09875853961715,-3.80902123961905,0.000346549204585743,0.000737942726504109,-0.702094918730583,-1.61262703182417,-0.456887002267457,-1.92794347674364,-0.587417739281521,-1.30558106885554,-0.582133220093187,-1.61538385914111,0.466918112874674,TRUE,0,6,lower,TRUE,TRUE,TRUE,1.09875853961715,7581,TRUE
ENSMUSG00000103056,Gm38268,2.39046300500601,4.06811813414824,0.00185488870489564,0.00331453048075385,1.01623576977914,3.75784826556568,0.000408233047392296,0.000862805195607992,2.25004374895494,1.73505355665689,0.112786468408505,0.815403452564247,0.303462165242473,0.880665226847778,0.888764127535307,1.14370741202297,2.02263468004093,TRUE,6,0,higher,TRUE,TRUE,TRUE,1.01623576977914,7638,TRUE
ENSMUSG00000062826,Ces2f,0.882437725480284,4.26689231907,0.00130140327258613,0.00238111221005983,1.33522460966315,3.75057506432271,0.00041781229743717,0.000882127114508008,0.502984963170107,0.345542813270523,1.20032504614619,0.347342572222816,2.39585137243887,3.2193008907304,1.36638712725172,1.30406209207458,2.5231476097669,TRUE,6,0,higher,TRUE,TRUE,TRUE,1.33522460966315,7646,TRUE
ENSMUSG00000107017,Gm43196,1.86167239940769,3.17192157591404,0.00942963820854679,0.0150670740968594,1.13986696797558,3.73553016972276,0.000438315687317592,0.000922279736752853,1.06794222050301,1.52457051999979,1.14851977248295,1.44914799745379,0.234330958898587,1.41469033851537,0.816930983961516,1.46280295198965,2.203607026078,TRUE,6,0,higher,TRUE,TRUE,TRUE,1.13986696797558,7672,TRUE
ENSMUSG00000051243,Islr2,2.17515539430957,3.74899969783828,0.00329360518582087,0.0056628680918848,1.02528793276914,3.7324140178863,0.000442681314649138,0.000930858989498638,0.517040265451541,0.339738144552818,2.26605024322747,1.83096121412332,0.84925217536922,0.348685553890492,1.21078089468274,0.839794970855544,2.03536556149712,TRUE,6,0,higher,TRUE,TRUE,TRUE,1.02528793276914,7677,TRUE
ENSMUSG00000096960,A230028O05Rik,2.58747512234561,4.3652212266185,0.00109321480156911,0.00202359437469673,-1.00136300753944,-3.73179395508769,0.000443554957947462,0.000932331729966911,-0.749207038395471,-1.42067777397434,-1.06410530869264,-2.31462107628461,-0.0852378129715199,-0.374329034918057,-0.632850053353209,-1.36987596172567,0.499527840658369,TRUE,0,6,lower,TRUE,TRUE,TRUE,1.00136300753944,7680,TRUE
ENSMUSG00000068232,Vmn1r42,2.37683594003053,3.00917435689875,0.0127150462752907,0.0198990782377137,-1.15065096713552,-3.72895150705509,0.000447581037822263,0.000940427006841702,-0.642957664293979,-1.16500126586329,-1.96055705296883,-1.15153266995435,-0.709222133176357,-1.27463501655631,-1.10424561681305,-1.19705631745798,0.450421947841273,TRUE,0,6,lower,TRUE,TRUE,TRUE,1.15065096713552,7682,TRUE
ENSMUSG00000085639,Gm15410,2.26349685382917,2.46156411423734,0.0348293925744223,0.0504532380051058,1.09747690250935,3.72654193300342,0.000451021385304563,0.000947532303874488,0.779190180144748,0.822759843532775,1.10153714745498,1.00297320635508,1.50780445212247,1.37059658544603,1.12951059324073,1.06544321177796,2.13980139939039,TRUE,6,0,higher,TRUE,FALSE,TRUE,1.09747690250935,7684,TRUE
ENSMUSG00000051397,Tacstd2,1.52068029940456,2.93065345394517,0.0146908065722424,0.0227616556767165,1.25231061168189,3.71304103142481,0.000470771217676641,0.000986328327962883,1.68984609901846,2.29053117814589,1.19545301791691,0.952746376612342,0.517902938134045,0.867384060263683,1.13440068502314,1.37022053834064,2.38222653596894,TRUE,6,0,higher,TRUE,TRUE,TRUE,1.25231061168189,7705,TRUE
ENSMUSG00000070424,Art5,1.81771877617661,3.87191688786858,0.00263822164503423,0.00460369819649633,-1.19287826435626,-3.69607144587969,0.000496771587818568,0.00103689988908135,-0.207705257921014,-0.137385544144846,-2.05105082689571,-1.89423646457577,-0.784975022585335,-2.08191647001489,-1.01457703580069,-1.37117949291183,0.437429291493475,TRUE,0,6,lower,TRUE,TRUE,TRUE,1.19287826435626,7734,TRUE
ENSMUSG00000113829,Gm18619,1.54368365851021,2.51875335073585,0.0313550879327205,0.0458441431480759,1.1427858522992,3.68645180613086,0.000512115186894374,0.00106685707343346,1.196905877017,0.828842296930781,1.4202159603597,1.63410561891047,0.731621960318968,1.04502340025829,1.11624793256522,1.16932377203318,2.20806991320985,TRUE,6,0,higher,TRUE,TRUE,TRUE,1.1427858522992,7749,TRUE
ENSMUSG00000030825,Hsd17b14,2.10203806951959,3.60757064629688,0.0042559545537279,0.00717901391302733,1.09714950270715,3.65874354665157,0.000558885769260748,0.00115875840909019,0.8099738579836,1.89819999486853,0.181703979073288,1.39016203311855,1.31343423607401,0.989422915124919,0.768370691043631,1.42592831437066,2.13931585598125,TRUE,6,0,higher,TRUE,TRUE,TRUE,1.09714950270715,7786,TRUE
ENSMUSG00000028457,Atp8b5,2.64323106045135,2.6855846135685,0.0230671378973373,0.0346039222262537,1.0256680837738,3.64003381091196,0.000592747819669782,0.00122471880877119,1.27812254097491,1.46275842117752,0.728910835423345,1.4056927106062,0.759112361649346,0.519411632811499,0.9220485793492,1.12928758819841,2.03590195220435,TRUE,6,0,higher,TRUE,TRUE,TRUE,1.0256680837738,7813,TRUE
ENSMUSG00000034265,Zdhhc14,2.05395938735362,3.92396309195727,0.00240229528979003,0.00421753701610446,-1.05949318425802,-3.6167688050468,0.00063759319357876,0.00131284016887014,-0.162305986978306,-0.972425992114923,-2.18902446435317,-2.07204873363455,-0.0862068424295615,-0.874947086037637,-0.812512431253679,-1.30647393726237,0.479800582998432,TRUE,0,6,lower,TRUE,TRUE,TRUE,1.05949318425802,7840,TRUE
ENSMUSG00000086221,4930412B13Rik,2.33832939925147,3.74682615117999,0.00330657864280275,0.00568214807651318,1.1203691105333,3.60324811743871,0.000665125195468803,0.00136743708997108,0.656011778286938,1.4523904285164,0.833443486817245,1.41022640859432,0.364316517293331,2.00582604369155,0.617923927465838,1.62281429360076,2.17402587391408,TRUE,6,0,higher,TRUE,TRUE,TRUE,1.1203691105333,7852,TRUE
ENSMUSG00000044231,Nhlrc1,2.18744819857076,3.79526263111664,0.00302942032478309,0.00524101728678313,-1.04682742780482,-3.59422827806447,0.000684119226452648,0.00140451948017615,-0.748939822226101,-1.08645145280434,-0.636569133540311,-1.47216387382426,-0.37957334368974,-1.95726694074418,-0.588360766485384,-1.50529408912426,0.484031408819572,TRUE,0,6,lower,TRUE,TRUE,TRUE,1.04682742780482,7863,TRUE
ENSMUSG00000023328,Ache,2.42438169576649,2.30186965854211,0.0468813653314496,0.0663631954178877,1.11646252062331,3.58831103573818,0.000702962325685749,0.00144118882696788,0.827079441353863,1.26362041851068,1.37202457617376,0.972290978669351,1.1196072658947,1.14415244313752,1.10623709447411,1.12668794677252,2.16814691905022,TRUE,6,0,higher,TRUE,FALSE,TRUE,1.11646252062331,7874,TRUE
ENSMUSG00000058589,Anks1b,1.97343771004199,4.40017743195319,0.00102768887359427,0.00190848965565707,-1.17161418096628,-3.57282460847663,0.000731283881947976,0.00149670838922164,-0.61995285271809,-1.49459666292957,-0.009995028788091,-1.63833987950768,-0.928754556154473,-2.33804610569976,-0.519567479220218,-1.82366088271234,0.443924371179091,TRUE,0,6,lower,TRUE,TRUE,TRUE,1.17161418096628,7887,TRUE
ENSMUSG00000064280,Ccdc146,2.1786886117468,3.30855372194824,0.00734131391286977,0.0119538864732153,-1.10328377153669,-3.52559703753227,0.000846557106608186,0.00172028844058106,-1.38501242304032,-0.913870885884458,-0.442110092241768,-2.04180253627456,-1.03255852745781,-0.804348164321249,-0.953227014246632,-1.25334052882676,0.465455847867423,TRUE,0,6,lower,TRUE,TRUE,TRUE,1.10328377153669,7944,TRUE
ENSMUSG00000022766,Serpind1,2.68910316591299,2.88876802031123,0.0173226860174511,0.0265313207191378,-1.1118104295587,-3.53766782308331,0.000900837604474212,0.0018248489708906,-0.307191832609642,-1.11105367381233,-1.52416895027417,-0.636690080363387,-1.55964201257386,-1.5321160277188,-1.13033426515256,-1.09328659396484,0.462713010614456,TRUE,0,6,lower,TRUE,TRUE,TRUE,1.1118104295587,7969,TRUE
ENSMUSG00000028011,Tdo2,1.79301242566096,2.53165230340548,0.0306202595680196,0.0448754289792592,-1.05708600405032,-3.4887485293955,0.000948305605076342,0.00191499842165967,-1.42838367997802,-1.18043112809572,-1.53327522456088,-1.33265458379697,-0.199895912082189,-0.667875495788147,-1.05385160554036,-1.06032040256028,0.480601813001034,TRUE,0,6,lower,TRUE,TRUE,TRUE,1.05708600405032,7994,TRUE
ENSMUSG00000046598,Bdh1,2.68089637013788,3.36722972635278,0.00678392366712956,0.0111000283558152,-1.03168773131096,-3.49210222653063,0.000959545449140597,0.00193696913661081,-0.375018353722446,-0.886712826864324,-1.01612323350227,-0.851548524774822,-0.832409031923515,-2.22831441707836,-0.741183539716077,-1.32219192290584,0.489137598200291,TRUE,0,6,lower,TRUE,TRUE,TRUE,1.03168773131096,7997,TRUE
ENSMUSG00000023013,Aqp2,2.68177975524059,2.57252922853751,0.0295968514383744,0.0434821598807497,1.06296016922484,3.48101209029406,0.00102829090238418,0.00206721046540321,0.516995745532051,0.916726561344753,0.807902040839604,1.71930684784533,1.24514503585691,1.1716847839304,0.856680940742857,1.26923939770683,2.08921384468481,TRUE,6,0,higher,TRUE,TRUE,TRUE,1.06296016922484,8030,TRUE
ENSMUSG00000029999,Tgfa,1.99175535662234,2.63873086191108,0.0251450787655169,0.0374117056692847,-1.10216537926759,-3.45536431514904,0.0010504373819448,0.00210884350910769,-0.435130302243465,-1.30779781409321,-0.653824907748607,-1.35551270286314,-1.26980827296805,-1.59091827568908,-0.786254494320041,-1.41807626421514,0.465816813998095,TRUE,0,6,lower,TRUE,TRUE,TRUE,1.10216537926759,8041,TRUE
ENSMUSG00000118369,ENSMUSG00000118369,2.44639440652913,2.75675661401545,0.0202339182907608,0.0306269238600798,-1.00861908718602,-3.44968188049977,0.00106883042111009,0.00214390276938124,-1.13471986404312,-1.73829225170877,-0.528919139743619,-0.61984334487233,-1.4388070168609,-0.591132905887394,-1.03414867354921,-0.983089500822832,0.497021757318979,TRUE,0,6,lower,TRUE,TRUE,TRUE,1.00861908718602,8048,TRUE
ENSMUSG00000048602,Morc2b,1.70025323897233,3.31827731117166,0.0072118672653669,0.0117561520008904,-1.16922587883853,-3.40973231903203,0.0012070388889807,0.00239818200428497,-0.38689644990853,-0.800007498952647,-0.909298054279921,-1.17940579989378,-1.07377794336459,-2.6659695266317,-0.789990815851015,-1.54846094182604,0.444659872131883,TRUE,0,6,lower,TRUE,TRUE,TRUE,1.16922587883853,8125,TRUE
ENSMUSG00000031849,Comp,1.93444353097691,5.34234079637089,0.00020089686388972,0.000408638030190995,1.14013803147764,3.40109627167195,0.00123906658844756,0.00245699017877008,0.0474624329145026,1.33032798251107,0.389003387494457,0.698791964027289,1.0410278292387,3.33421459267981,0.492497883215885,1.78777817973939,2.20402109387354,TRUE,6,0,higher,TRUE,TRUE,TRUE,1.14013803147764,8140,TRUE
ENSMUSG00000085992,Gm11515,2.32205944472533,2.50142547876102,0.0323698284308742,0.0472208693619738,-1.06463054394611,-3.39747585066079,0.00125273154610775,0.00248285394092296,-0.755720427918708,-1.1867778748912,-1.11018001739543,-0.556961452932282,-0.987130820085418,-1.79101267045364,-0.951010421799851,-1.17825066609238,0.478095077257138,TRUE,0,6,lower,TRUE,TRUE,TRUE,1.06463054394611,8145,TRUE
ENSMUSG00000087024,B230119M05Rik,1.37672609384209,2.86165702821524,0.016680048613818,0.0255931969178656,-1.10103721598151,-3.33051557383714,0.00153271835060554,0.00299548091208538,-1.05183483671609,-1.05183483671609,-1.11281199523972,-1.87084410206039,-0.103733434016578,-1.41516409114021,-0.75612675532413,-1.4459476766389,0.466181217381457,TRUE,0,6,lower,TRUE,TRUE,TRUE,1.10103721598151,8260,TRUE
ENSMUSG00000029651,Mtus2,2.18366118198808,4.56061872300924,0.000774701898104972,0.00146269154866767,-1.05825872425211,-3.32385394076356,0.00156360116159048,0.00305103512045873,-0.124505317542779,-1.62058173961843,-1.02649826398048,-0.0660372928297388,-0.979714484649566,-2.53221524689165,-0.71023935539094,-1.40627809311327,0.480211306046733,TRUE,0,6,lower,TRUE,TRUE,TRUE,1.05825872425211,8273,TRUE
ENSMUSG00000058975,Kcnc1,0.83995959716967,2.97438472178741,0.0135551510165718,0.021117622356738,-1.20642249286182,-3.32335222700035,0.00156595072931872,0.00305451215845724,-0.663072694359433,-0.31752988108891,-0.524655259778231,-0.835899437377441,-2.19449069228228,-2.70288699228462,-1.12740621547331,-1.28543877025033,0.433341859124588,TRUE,0,6,lower,TRUE,TRUE,TRUE,1.20642249286182,8276,TRUE
ENSMUSG00000021751,Acox2,2.05998630003705,2.28526509692875,0.0482123738052572,0.0680325481064919,1.12401891152214,3.29578275664172,0.0017055912532726,0.0033073104626522,1.90278638872183,1.7095497100208,0.958963797279622,0.399725275679633,0.950445519081094,0.822642778349829,1.27073190169418,0.977305921350089,2.17953279457583,TRUE,6,0,higher,TRUE,FALSE,TRUE,1.12401891152214,8325,TRUE
ENSMUSG00000041608,Entpd3,1.41301823255527,2.45022405161714,0.0355623155988304,0.0514456905378545,-1.09796238505779,-3.29007599111388,0.00172945415503303,0.00334955949906397,-1.26073545688365,-0.773609997206081,-0.551464793720525,-1.66939302499964,-0.929218601406326,-1.40335243613054,-0.913806284003499,-1.28211848611209,0.467175853814546,TRUE,0,6,lower,TRUE,FALSE,TRUE,1.09796238505779,8335,TRUE
ENSMUSG00000112778,Gm33677,1.05650958362286,2.91991639891976,0.0149839567304473,0.0231715895702968,-1.05661209326267,-3.26787567442772,0.00184735935628689,0.00356337938684899,-0.46316545921859,-0.46316545921859,-1.68966537638964,-2.04457806637703,-0.263728777254218,-1.41536942111794,-0.805519870954148,-1.30770431557119,0.480759711787826,TRUE,0,6,lower,TRUE,TRUE,TRUE,1.05661209326267,8369,TRUE
ENSMUSG00000097651,4930461G14Rik,1.91434591825232,3.16182809188942,0.00960588503609615,0.0153289642287169,1.0447627317466,3.26157445032114,0.00188218198038974,0.0036275147695119,0.509060963638135,1.449919699794,0.995338832321965,2.28285902561184,0.598420425963152,0.432977443150509,0.700940073974417,1.38858538951878,2.06302704151735,TRUE,6,0,higher,TRUE,TRUE,TRUE,1.0447627317466,8376,TRUE
ENSMUSG00000032726,Bmp8a,1.61880578893015,2.83637025786376,0.0174749265041178,0.0267365878642758,-1.12312582652751,-3.23984739349284,0.00200705775336266,0.00385209051391432,-1.13481856041378,-0.880586695193678,-1.07644563934775,-2.46183368914604,-0.816912585499369,-0.368157789564473,-1.00939226175363,-1.2368593913014,0.459098038570764,TRUE,0,6,lower,TRUE,TRUE,TRUE,1.12312582652751,8411,TRUE
ENSMUSG00000087307,Gm12925,2.33561685722591,2.75272218408246,0.0204484770423474,0.030925591614635,-1.01177384987978,-3.19655043685534,0.00228593170180067,0.00435368044622088,-0.403509792759883,-1.67270863365514,-1.27928679225354,-1.70503795866971,-0.362821598056808,-0.647278323883572,-0.681872727690078,-1.34167497206947,0.495936099897492,TRUE,0,6,lower,TRUE,TRUE,TRUE,1.01177384987978,8476,TRUE
ENSMUSG00000101102,Gm28609,1.12626273954858,2.1214970594011,0.0648490576577131,0.0889994490012534,-1.04485332769988,-3.13043870864485,0.00276348726965059,0.00520305283344641,-1.14156948404677,-1.14156948404677,-1.6198622224456,-1.30830756626536,-0.139501322187707,-0.918309887207078,-0.966977676226693,-1.12272897917307,0.484694182634954,TRUE,0,6,lower,TRUE,FALSE,TRUE,1.04485332769988,8574,TRUE
ENSMUSG00000053909,Rhox10,1.02654757525183,2.63732128087175,0.0252104032277971,0.0374985293749497,-1.03400052148057,-3.09457959229258,0.00306475226155593,0.00572685446907018,-0.46316545921859,-0.0934242913613797,-1.17586017187865,-1.17586017187865,-1.06419440813604,-2.23149862641013,-0.901073346411094,-1.16692769655005,0.488354087959251,TRUE,0,6,lower,TRUE,TRUE,TRUE,1.03400052148057,8639,TRUE
ENSMUSG00000075296,Aldh3b2,0.749501229476702,2.80380256322749,0.0185548559901144,0.0282496501224575,-1.06848468127596,-3.00677558990071,0.00393711338414695,0.00724459379462946,-0.327962716430266,-0.327962716430266,-0.492345715775996,-0.845827858636335,-1.6770051906615,-2.7398038897214,-0.832437874289255,-1.30453148826267,0.476819558228415,TRUE,0,6,lower,TRUE,TRUE,TRUE,1.06848468127596,8773,TRUE
ENSMUSG00000107932,Gm44432,2.12719172703571,2.83420886149393,0.0202420679905856,0.0306363869840637,-1.11345423738038,-2.90509512036097,0.0057284943537445,0.0102944544531334,-0.748506437082582,-2.05906950710295,-0.553093543893117,-1.91439952421424,-0.176999392119518,-1.22865701986985,-0.492866457698406,-1.73404201706235,0.462186095300757,TRUE,0,6,lower,TRUE,TRUE,TRUE,1.11345423738038,8983,TRUE
